timestamp,cmd_v,cmd_omega,meas_v,meas_omega,raw_timestamp,source_run,source_state,source_file,source_index
0.0,2.0,0.0,-0.0312582366168499,0.0003186304565239,0.0623109340667724,run_20260518_132537,s1,run_20260518_132537\s1\train_20260518_132537.csv,0
0.049999999999999996,2.0,0.0,-0.030898280441761,0.0003186304565239,0.1123109340667724,run_20260518_132537,s1,run_20260518_132537\s1\train_20260518_132537.csv,0
0.1,2.0,0.0,-0.030898280441761,-0.0455239976235578,0.1623109340667724,run_20260518_132537,s1,run_20260518_132537\s1\train_20260518_132537.csv,0
0.15,2.0,0.0,-0.0104593355208635,-0.0455239976235578,0.2123109340667724,run_20260518_132537,s1,run_20260518_132537\s1\train_20260518_132537.csv,0
0.2,2.0,0.0,-0.0104593355208635,-0.0373119721195571,0.2623109340667724,run_20260518_132537,s1,run_20260518_132537\s1\train_20260518_132537.csv,0
0.25,2.0,0.0,0.1307357102632522,0.0028110066139921,0.3123109340667724,run_20260518_132537,s1,run_20260518_132537\s1\train_20260518_132537.csv,0
0.3,2.0,0.0,0.1307357102632522,0.0028110066139921,0.3623109340667724,run_20260518_132537,s1,run_20260518_132537\s1\train_20260518_132537.csv,0
0.35,2.0,0.0,0.2871116697788238,0.0048192112178919,0.4123109340667724,run_20260518_132537,s1,run_20260518_132537\s1\train_20260518_132537.csv,0
0.4,2.0,0.0,0.2871116697788238,0.0048192112178919,0.4623109340667724,run_20260518_132537,s1,run_20260518_132537\s1\train_20260518_132537.csv,0
0.45,2.0,0.0,0.4377365708351135,0.0048192112178919,0.5123109340667724,run_20260518_132537,s1,run_20260518_132537\s1\train_20260518_132537.csv,0
0.5000000000000001,2.0,0.0,0.4377365708351135,-0.025411184793797,0.5623109340667725,run_20260518_132537,s1,run_20260518_132537\s1\train_20260518_132537.csv,0
0.5500000000000002,2.0,0.0,0.581254243850708,-0.025411184793797,0.6123109340667725,run_20260518_132537,s1,run_20260518_132537\s1\train_20260518_132537.csv,0
0.6000000000000002,2.0,0.0,0.581254243850708,0.0245917095555772,0.6623109340667725,run_20260518_132537,s1,run_20260518_132537\s1\train_20260518_132537.csv,0
0.6500000000000002,2.0,0.0,0.7135484218597412,0.0245917095555772,0.7123109340667726,run_20260518_132537,s1,run_20260518_132537\s1\train_20260518_132537.csv,0
0.7000000000000003,2.0,0.0,0.7135484218597412,0.0224617790271242,0.7623109340667726,run_20260518_132537,s1,run_20260518_132537\s1\train_20260518_132537.csv,0
0.7500000000000003,2.0,0.0,0.8035491108894348,-0.0009429583294056,0.8123109340667727,run_20260518_132537,s1,run_20260518_132537\s1\train_20260518_132537.csv,0
0.8000000000000004,2.0,0.0,0.8035491108894348,-0.0009429583294056,0.8623109340667727,run_20260518_132537,s1,run_20260518_132537\s1\train_20260518_132537.csv,0
0.8500000000000004,2.0,0.0,0.8995392322540283,-0.0009429583294056,0.9123109340667728,run_20260518_132537,s1,run_20260518_132537\s1\train_20260518_132537.csv,0
0.9000000000000005,2.0,0.0,0.8995392322540283,-0.0198122728258277,0.9623109340667728,run_20260518_132537,s1,run_20260518_132537\s1\train_20260518_132537.csv,0
0.9500000000000005,2.0,0.0,0.9786160588264464,-0.0198122728258277,1.0123109340667729,run_20260518_132537,s1,run_20260518_132537\s1\train_20260518_132537.csv,0
1.0000000000000004,2.0,0.0,0.9786160588264464,0.0049837565786167,1.062310934066773,run_20260518_132537,s1,run_20260518_132537\s1\train_20260518_132537.csv,0
1.0500000000000005,2.0,0.0,1.0364934206008911,0.0049837565786167,1.112310934066773,run_20260518_132537,s1,run_20260518_132537\s1\train_20260518_132537.csv,0
1.1000000000000005,2.0,0.0,1.0364934206008911,0.035577945413329,1.162310934066773,run_20260518_132537,s1,run_20260518_132537\s1\train_20260518_132537.csv,0
1.1500000000000006,2.0,0.0,1.101010799407959,0.035577945413329,1.212310934066773,run_20260518_132537,s1,run_20260518_132537\s1\train_20260518_132537.csv,0
1.2000000000000006,2.0,0.0,1.101010799407959,-0.0723840178576704,1.262310934066773,run_20260518_132537,s1,run_20260518_132537\s1\train_20260518_132537.csv,0
1.2500000000000007,2.0,0.0,1.1334724426269531,0.0367866067907309,1.3123109340667731,run_20260518_132537,s1,run_20260518_132537\s1\train_20260518_132537.csv,0
1.3000000000000007,2.0,0.0,1.1334724426269531,0.0367866067907309,1.3623109340667732,run_20260518_132537,s1,run_20260518_132537\s1\train_20260518_132537.csv,0
1.3500000000000008,2.0,0.0,1.179455041885376,0.0367866067907309,1.4123109340667732,run_20260518_132537,s1,run_20260518_132537\s1\train_20260518_132537.csv,0
1.4000000000000008,2.0,0.0,1.179455041885376,-0.0111092668218113,1.4623109340667733,run_20260518_132537,s1,run_20260518_132537\s1\train_20260518_132537.csv,0
1.4500000000000008,2.0,0.0,1.206748604774475,-0.0111092668218113,1.5123109340667733,run_20260518_132537,s1,run_20260518_132537\s1\train_20260518_132537.csv,0
1.5000000000000007,2.0,0.0,1.206748604774475,0.0264425722915613,1.5623109340667731,run_20260518_132537,s1,run_20260518_132537\s1\train_20260518_132537.csv,0
1.550000000000001,2.0,0.0,1.2431890964508057,0.0264425722915613,1.6123109340667734,run_20260518_132537,s1,run_20260518_132537\s1\train_20260518_132537.csv,0
1.600000000000001,2.0,0.0,1.2431890964508057,-0.0518077156221148,1.6623109340667734,run_20260518_132537,s1,run_20260518_132537\s1\train_20260518_132537.csv,0
1.6500000000000012,2.0,0.0,1.2980059385299685,-0.0518077156221148,1.7123109340667737,run_20260518_132537,s1,run_20260518_132537\s1\train_20260518_132537.csv,0
1.700000000000001,2.0,0.0,1.2980059385299685,0.0421621481576936,1.7623109340667735,run_20260518_132537,s1,run_20260518_132537\s1\train_20260518_132537.csv,0
1.750000000000001,2.0,0.0,1.3008259534835815,0.0421621481576936,1.8123109340667736,run_20260518_132537,s1,run_20260518_132537\s1\train_20260518_132537.csv,0
1.8000000000000012,2.0,0.0,1.3008259534835815,0.0013517082880311,1.8623109340667736,run_20260518_132537,s1,run_20260518_132537\s1\train_20260518_132537.csv,0
1.8500000000000012,2.0,0.0,1.3302185535430908,0.0080571067085988,1.9123109340667737,run_20260518_132537,s1,run_20260518_132537\s1\train_20260518_132537.csv,0
1.9000000000000012,2.0,0.0,1.3302185535430908,0.0080571067085988,1.9623109340667737,run_20260518_132537,s1,run_20260518_132537\s1\train_20260518_132537.csv,0
1.9500000000000006,0.0,0.0,1.331239104270935,0.0080571067085988,2.012310934066773,run_20260518_132537,s1,run_20260518_132537\s1\train_20260518_132537.csv,0
2.000000000000001,0.0,0.0,1.331239104270935,0.0263395378729457,2.0623109340667733,run_20260518_132537,s1,run_20260518_132537\s1\train_20260518_132537.csv,0
2.0500000000000007,0.0,0.0,1.35140061378479,0.0263395378729457,2.112310934066773,run_20260518_132537,s1,run_20260518_132537\s1\train_20260518_132537.csv,0
2.1000000000000005,0.0,0.0,1.35140061378479,-0.0144676760492314,2.162310934066773,run_20260518_132537,s1,run_20260518_132537\s1\train_20260518_132537.csv,0
2.1500000000000004,0.0,0.0,1.3684402704238892,-0.0144676760492314,2.212310934066773,run_20260518_132537,s1,run_20260518_132537\s1\train_20260518_132537.csv,0
2.2,0.0,0.0,1.3684402704238892,0.0505732916509814,2.2623109340667726,run_20260518_132537,s1,run_20260518_132537\s1\train_20260518_132537.csv,0
2.25,0.0,0.0,1.3865556716918943,0.0505732916509814,2.3123109340667725,run_20260518_132537,s1,run_20260518_132537\s1\train_20260518_132537.csv,0
2.3,0.0,0.0,1.3865556716918943,0.0175683391684704,2.3623109340667723,run_20260518_132537,s1,run_20260518_132537\s1\train_20260518_132537.csv,0
2.3499999999999996,0.0,0.0,1.396160125732422,0.0175683391684704,2.412310934066772,run_20260518_132537,s1,run_20260518_132537\s1\train_20260518_132537.csv,0
2.3999999999999995,0.0,0.0,1.396160125732422,0.044404379151855,2.462310934066772,run_20260518_132537,s1,run_20260518_132537\s1\train_20260518_132537.csv,0
2.4499999999999997,0.0,0.0,1.4095914363861084,0.044404379151855,2.512310934066772,run_20260518_132537,s1,run_20260518_132537\s1\train_20260518_132537.csv,0
2.4999999999999996,0.0,0.0,1.4095914363861084,0.0225103278188813,2.562310934066772,run_20260518_132537,s1,run_20260518_132537\s1\train_20260518_132537.csv,0
2.549999999999999,0.0,0.0,1.3960251808166504,0.0225103278188813,2.6123109340667714,run_20260518_132537,s1,run_20260518_132537\s1\train_20260518_132537.csv,0
2.5999999999999988,0.0,0.0,1.3960251808166504,0.0012872233090187,2.662310934066771,run_20260518_132537,s1,run_20260518_132537\s1\train_20260518_132537.csv,0
2.6499999999999986,0.0,0.0,1.4204903841018677,0.0012872233090187,2.712310934066771,run_20260518_132537,s1,run_20260518_132537\s1\train_20260518_132537.csv,0
2.6999999999999984,0.0,0.0,1.4204903841018677,-0.0129263351826987,2.762310934066771,run_20260518_132537,s1,run_20260518_132537\s1\train_20260518_132537.csv,0
2.7499999999999982,0.0,0.0,1.4339269399642944,-0.0129263351826987,2.8123109340667707,run_20260518_132537,s1,run_20260518_132537\s1\train_20260518_132537.csv,0
2.799999999999998,0.0,0.0,1.4339269399642944,0.0024769918663427,2.8623109340667705,run_20260518_132537,s1,run_20260518_132537\s1\train_20260518_132537.csv,0
2.849999999999998,0.0,0.0,1.4542030096054075,0.0024769918663427,2.9123109340667703,run_20260518_132537,s1,run_20260518_132537\s1\train_20260518_132537.csv,0
2.8999999999999977,0.0,0.0,1.4542030096054075,0.01608408629618,2.96231093406677,run_20260518_132537,s1,run_20260518_132537\s1\train_20260518_132537.csv,0
2.9499999999999975,0.0,0.0,1.4553416967391968,0.01608408629618,3.01231093406677,run_20260518_132537,s1,run_20260518_132537\s1\train_20260518_132537.csv,0
2.9999999999999973,0.0,0.0,1.4553416967391968,0.0152868598725272,3.06231093406677,run_20260518_132537,s1,run_20260518_132537\s1\train_20260518_132537.csv,0
3.049999999999997,0.0,0.0,1.446950912475586,0.0152868598725272,3.1123109340667696,run_20260518_132537,s1,run_20260518_132537\s1\train_20260518_132537.csv,0
3.0999999999999965,0.0,0.0,1.446950912475586,0.0294687458983001,3.162310934066769,run_20260518_132537,s1,run_20260518_132537\s1\train_20260518_132537.csv,0
3.149999999999997,0.0,0.0,1.4655654430389404,0.0294687458983001,3.2123109340667693,run_20260518_132537,s1,run_20260518_132537\s1\train_20260518_132537.csv,0
3.1999999999999966,0.0,0.0,1.4655654430389404,0.0334409304552294,3.262310934066769,run_20260518_132537,s1,run_20260518_132537\s1\train_20260518_132537.csv,0
3.2499999999999964,0.0,0.0,1.4625797271728516,0.0334409304552294,3.312310934066769,run_20260518_132537,s1,run_20260518_132537\s1\train_20260518_132537.csv,0
3.2999999999999963,0.0,0.0,1.4625797271728516,0.0618326021614228,3.3623109340667687,run_20260518_132537,s1,run_20260518_132537\s1\train_20260518_132537.csv,0
3.3499999999999965,0.0,0.0,1.4700143337249756,0.0618326021614228,3.412310934066769,run_20260518_132537,s1,run_20260518_132537\s1\train_20260518_132537.csv,0
3.399999999999996,0.0,0.0,1.4700143337249756,0.0651751858780763,3.4623109340667684,run_20260518_132537,s1,run_20260518_132537\s1\train_20260518_132537.csv,0
3.4499999999999957,0.0,0.0,1.4656957387924194,0.0651751858780763,3.512310934066768,run_20260518_132537,s1,run_20260518_132537\s1\train_20260518_132537.csv,0
3.4999999999999956,0.0,0.0,1.4656957387924194,0.0536652430646668,3.562310934066768,run_20260518_132537,s1,run_20260518_132537\s1\train_20260518_132537.csv,0
3.5499999999999954,0.0,0.0,1.4770609140396118,0.0536652430646668,3.612310934066768,run_20260518_132537,s1,run_20260518_132537\s1\train_20260518_132537.csv,0
3.5999999999999956,0.0,0.0,1.4770609140396118,0.0511709269360525,3.662310934066768,run_20260518_132537,s1,run_20260518_132537\s1\train_20260518_132537.csv,0
3.6499999999999955,0.0,0.0,1.4649877548217771,0.0511709269360525,3.712310934066768,run_20260518_132537,s1,run_20260518_132537\s1\train_20260518_132537.csv,0
3.699999999999995,0.0,0.0,1.4649877548217771,0.0250728887404748,3.7623109340667673,run_20260518_132537,s1,run_20260518_132537\s1\train_20260518_132537.csv,0
3.7499999999999947,0.0,0.0,1.4844523668289185,0.0250728887404748,3.812310934066767,run_20260518_132537,s1,run_20260518_132537\s1\train_20260518_132537.csv,0
3.7999999999999945,0.0,0.0,1.4844523668289185,0.0450562775749779,3.862310934066767,run_20260518_132537,s1,run_20260518_132537\s1\train_20260518_132537.csv,0
3.8499999999999948,0.0,0.0,1.4693050384521484,0.0450562775749779,3.912310934066767,run_20260518_132537,s1,run_20260518_132537\s1\train_20260518_132537.csv,0
3.8999999999999946,0.0,0.0,1.4693050384521484,0.0427813683785061,3.962310934066767,run_20260518_132537,s1,run_20260518_132537\s1\train_20260518_132537.csv,0
3.949999999999994,4.0,0.0,1.4713294506072998,0.0427813683785061,4.012310934066766,run_20260518_132537,s1,run_20260518_132537\s1\train_20260518_132537.csv,0
3.999999999999994,4.0,0.0,1.4713294506072998,0.032537878195351,4.062310934066766,run_20260518_132537,s1,run_20260518_132537\s1\train_20260518_132537.csv,0
4.049999999999994,4.0,0.0,1.4714479446411133,0.032537878195351,4.112310934066766,run_20260518_132537,s1,run_20260518_132537\s1\train_20260518_132537.csv,0
4.099999999999993,4.0,0.0,1.4714479446411133,0.0312332187155484,4.162310934066766,run_20260518_132537,s1,run_20260518_132537\s1\train_20260518_132537.csv,0
4.149999999999993,4.0,0.0,1.476297378540039,0.0312332187155484,4.212310934066766,run_20260518_132537,s1,run_20260518_132537\s1\train_20260518_132537.csv,0
4.199999999999993,4.0,0.0,1.476297378540039,-0.00664716455359,4.2623109340667655,run_20260518_132537,s1,run_20260518_132537\s1\train_20260518_132537.csv,0
4.249999999999993,4.0,0.0,1.4658886194229126,-0.00664716455359,4.312310934066765,run_20260518_132537,s1,run_20260518_132537\s1\train_20260518_132537.csv,0
4.299999999999993,4.0,0.0,1.4658886194229126,0.0020889184601701,4.362310934066765,run_20260518_132537,s1,run_20260518_132537\s1\train_20260518_132537.csv,0
4.3499999999999925,4.0,0.0,1.4687411785125732,0.0020889184601701,4.412310934066765,run_20260518_132537,s1,run_20260518_132537\s1\train_20260518_132537.csv,0
4.399999999999992,4.0,0.0,1.4687411785125732,0.0234346878876213,4.462310934066765,run_20260518_132537,s1,run_20260518_132537\s1\train_20260518_132537.csv,0
4.449999999999992,4.0,0.0,1.4405230283737185,0.0234346878876213,4.512310934066765,run_20260518_132537,s1,run_20260518_132537\s1\train_20260518_132537.csv,0
4.499999999999992,4.0,0.0,1.4405230283737185,-0.0096810985102343,4.5623109340667645,run_20260518_132537,s1,run_20260518_132537\s1\train_20260518_132537.csv,0
4.549999999999992,4.0,0.0,1.4159082174301147,-0.0096810985102343,4.612310934066764,run_20260518_132537,s1,run_20260518_132537\s1\train_20260518_132537.csv,0
4.599999999999992,4.0,0.0,1.4159082174301147,-0.0407362729016936,4.662310934066764,run_20260518_132537,s1,run_20260518_132537\s1\train_20260518_132537.csv,0
4.6499999999999915,4.0,0.0,1.3471475839614868,-0.0407362729016936,4.712310934066764,run_20260518_132537,s1,run_20260518_132537\s1\train_20260518_132537.csv,0
4.699999999999991,4.0,0.0,1.3471475839614868,0.0033590447144665,4.762310934066764,run_20260518_132537,s1,run_20260518_132537\s1\train_20260518_132537.csv,0
4.749999999999991,4.0,0.0,1.256166934967041,0.0033590447144665,4.812310934066764,run_20260518_132537,s1,run_20260518_132537\s1\train_20260518_132537.csv,0
4.799999999999991,4.0,0.0,1.256166934967041,-0.0217776461905933,4.862310934066763,run_20260518_132537,s1,run_20260518_132537\s1\train_20260518_132537.csv,0
4.849999999999991,4.0,0.0,1.131510853767395,-0.0217776461905933,4.912310934066763,run_20260518_132537,s1,run_20260518_132537\s1\train_20260518_132537.csv,0
4.899999999999991,4.0,0.0,1.131510853767395,0.0481063939712253,4.962310934066763,run_20260518_132537,s1,run_20260518_132537\s1\train_20260518_132537.csv,0
4.94999999999999,0.0,0.0,0.8777431845664978,0.0481063939712253,5.012310934066763,run_20260518_132537,s1,run_20260518_132537\s1\train_20260518_132537.csv,0
4.99999999999999,0.0,0.0,0.8777431845664978,-0.0364424796626727,5.062310934066763,run_20260518_132537,s1,run_20260518_132537\s1\train_20260518_132537.csv,0
5.04999999999999,0.0,0.0,0.6458351016044617,-0.0364424796626727,5.1123109340667625,run_20260518_132537,s1,run_20260518_132537\s1\train_20260518_132537.csv,0
5.09999999999999,0.0,0.0,0.6458351016044617,0.058536252532755,5.162310934066762,run_20260518_132537,s1,run_20260518_132537\s1\train_20260518_132537.csv,0
5.14999999999999,0.0,0.0,0.4492526650428772,0.058536252532755,5.212310934066762,run_20260518_132537,s1,run_20260518_132537\s1\train_20260518_132537.csv,0
5.1999999999999895,0.0,0.0,0.4492526650428772,0.0205103786044703,5.262310934066762,run_20260518_132537,s1,run_20260518_132537\s1\train_20260518_132537.csv,0
5.249999999999989,0.0,0.0,0.3116835355758667,0.0205103786044703,5.312310934066762,run_20260518_132537,s1,run_20260518_132537\s1\train_20260518_132537.csv,0
5.299999999999989,0.0,0.0,0.3116835355758667,0.027838511283731,5.362310934066762,run_20260518_132537,s1,run_20260518_132537\s1\train_20260518_132537.csv,0
5.349999999999989,0.0,0.0,0.2162272483110427,0.027838511283731,5.4123109340667614,run_20260518_132537,s1,run_20260518_132537\s1\train_20260518_132537.csv,0
5.399999999999989,0.0,0.0,0.2162272483110427,0.0832456359400148,5.462310934066761,run_20260518_132537,s1,run_20260518_132537\s1\train_20260518_132537.csv,0
5.449999999999989,0.0,0.0,0.1261767297983169,0.0832456359400148,5.512310934066761,run_20260518_132537,s1,run_20260518_132537\s1\train_20260518_132537.csv,0
5.4999999999999885,0.0,0.0,0.1261767297983169,0.0413981918102718,5.562310934066761,run_20260518_132537,s1,run_20260518_132537\s1\train_20260518_132537.csv,0
5.549999999999988,0.0,0.0,0.0771991237998008,0.0413981918102718,5.612310934066761,run_20260518_132537,s1,run_20260518_132537\s1\train_20260518_132537.csv,0
5.599999999999988,0.0,0.0,0.0771991237998008,0.0236000371419655,5.662310934066761,run_20260518_132537,s1,run_20260518_132537\s1\train_20260518_132537.csv,0
5.649999999999988,0.0,0.0,0.0493197329342365,0.0236000371419655,5.71231093406676,run_20260518_132537,s1,run_20260518_132537\s1\train_20260518_132537.csv,0
5.699999999999988,0.0,0.0,0.0493197329342365,0.0515945843047541,5.76231093406676,run_20260518_132537,s1,run_20260518_132537\s1\train_20260518_132537.csv,0
5.749999999999988,0.0,0.0,0.02250961586833,0.0515945843047541,5.81231093406676,run_20260518_132537,s1,run_20260518_132537\s1\train_20260518_132537.csv,0
5.799999999999987,0.0,0.0,0.02250961586833,0.0312709484996038,5.86231093406676,run_20260518_132537,s1,run_20260518_132537\s1\train_20260518_132537.csv,0
5.849999999999987,0.0,0.0,0.000229729223065,0.0312709484996038,5.91231093406676,run_20260518_132537,s1,run_20260518_132537\s1\train_20260518_132537.csv,0
5.899999999999988,0.0,0.0,0.000229729223065,0.037974552604485,5.96231093406676,run_20260518_132537,s1,run_20260518_132537\s1\train_20260518_132537.csv,0
5.949999999999987,0.0,0.0,-0.0115457642823457,0.037974552604485,6.012310934066759,run_20260518_132537,s1,run_20260518_132537\s1\train_20260518_132537.csv,0
5.999999999999987,0.0,0.0,-0.0115457642823457,0.0073108273213125,6.062310934066759,run_20260518_132537,s1,run_20260518_132537\s1\train_20260518_132537.csv,0
6.0499999999999865,0.0,0.0,-0.0164297353476285,0.0073108273213125,6.112310934066759,run_20260518_132537,s1,run_20260518_132537\s1\train_20260518_132537.csv,0
6.099999999999986,0.0,0.0,-0.0164297353476285,0.0385464012443092,6.162310934066759,run_20260518_132537,s1,run_20260518_132537\s1\train_20260518_132537.csv,0
6.149999999999986,0.0,0.0,-0.0185783542692661,0.0385464012443092,6.212310934066759,run_20260518_132537,s1,run_20260518_132537\s1\train_20260518_132537.csv,0
6.199999999999986,0.0,0.0,-0.0185783542692661,0.0488850784264994,6.262310934066758,run_20260518_132537,s1,run_20260518_132537\s1\train_20260518_132537.csv,0
6.249999999999986,0.0,0.0,-0.0163587965071201,0.0488850784264994,6.312310934066758,run_20260518_132537,s1,run_20260518_132537\s1\train_20260518_132537.csv,0
6.299999999999986,0.0,0.0,-0.0163587965071201,0.019063018839654,6.362310934066758,run_20260518_132537,s1,run_20260518_132537\s1\train_20260518_132537.csv,0
6.349999999999985,0.0,0.0,-0.0152458334341645,0.019063018839654,6.412310934066758,run_20260518_132537,s1,run_20260518_132537\s1\train_20260518_132537.csv,0
6.399999999999985,0.0,0.0,-0.0152458334341645,0.0165629342518635,6.462310934066758,run_20260518_132537,s1,run_20260518_132537\s1\train_20260518_132537.csv,0
6.449999999999985,0.0,0.0,-0.0079800067469477,0.0165629342518635,6.5123109340667575,run_20260518_132537,s1,run_20260518_132537\s1\train_20260518_132537.csv,0
6.499999999999985,0.0,0.0,-0.0079800067469477,0.0247979066770322,6.562310934066757,run_20260518_132537,s1,run_20260518_132537\s1\train_20260518_132537.csv,0
6.549999999999985,0.0,0.0,0.0091716172173619,0.0247979066770322,6.612310934066757,run_20260518_132537,s1,run_20260518_132537\s1\train_20260518_132537.csv,0
6.5999999999999845,0.0,0.0,0.0091716172173619,0.0246157400904182,6.662310934066757,run_20260518_132537,s1,run_20260518_132537\s1\train_20260518_132537.csv,0
6.649999999999984,0.0,0.0,0.2044636905193328,0.0246157400904182,6.712310934066757,run_20260518_132537,s1,run_20260518_132537\s1\train_20260518_132537.csv,0
6.699999999999984,0.0,0.0,0.2044636905193328,0.0264446592090808,6.762310934066757,run_20260518_132537,s1,run_20260518_132537\s1\train_20260518_132537.csv,0
6.749999999999984,0.0,0.0,0.5050950050354004,0.0264446592090808,6.8123109340667565,run_20260518_132537,s1,run_20260518_132537\s1\train_20260518_132537.csv,0
6.799999999999984,0.0,0.0,0.5050950050354004,0.0217878934073198,6.862310934066756,run_20260518_132537,s1,run_20260518_132537\s1\train_20260518_132537.csv,0
6.849999999999984,0.0,0.0,0.8197822570800781,0.0217878934073198,6.912310934066756,run_20260518_132537,s1,run_20260518_132537\s1\train_20260518_132537.csv,0
6.8999999999999835,0.0,0.0,0.8197822570800781,0.0244957857813326,6.962310934066756,run_20260518_132537,s1,run_20260518_132537\s1\train_20260518_132537.csv,0
6.949999999999983,2.0,3.2932184759090855e-05,1.1286909580230713,0.0244957857813326,7.012310934066756,run_20260518_132537,s1,run_20260518_132537\s1\train_20260518_132537.csv,0
6.999999999999983,2.0,0.0527049078096741,1.1286909580230713,0.0135008947858935,7.062310934066756,run_20260518_132537,s1,run_20260518_132537\s1\train_20260518_132537.csv,0
7.049999999999983,2.0,0.0871804782526729,1.4837079048156738,0.0135008947858935,7.112310934066755,run_20260518_132537,s1,run_20260518_132537\s1\train_20260518_132537.csv,0
7.099999999999983,2.0,0.1372288227130349,1.4837079048156738,0.0084559705329707,7.162310934066755,run_20260518_132537,s1,run_20260518_132537\s1\train_20260518_132537.csv,0
7.149999999999983,2.0,0.1687454328853134,1.7408874034881592,0.0084559705329707,7.212310934066755,run_20260518_132537,s1,run_20260518_132537\s1\train_20260518_132537.csv,0
7.199999999999982,2.0,0.2129299593961871,1.7408874034881592,0.0027159048728818,7.262310934066755,run_20260518_132537,s1,run_20260518_132537\s1\train_20260518_132537.csv,0
7.249999999999982,2.0,0.2396947645096694,2.040721893310547,0.0027159048728818,7.312310934066755,run_20260518_132537,s1,run_20260518_132537\s1\train_20260518_132537.csv,0
7.299999999999981,2.0,0.2752859140128147,2.040721893310547,0.0055296478008759,7.362310934066754,run_20260518_132537,s1,run_20260518_132537\s1\train_20260518_132537.csv,0
7.349999999999982,2.0,0.2958211120115708,2.294012546539306,0.0055296478008759,7.412310934066754,run_20260518_132537,s1,run_20260518_132537\s1\train_20260518_132537.csv,0
7.399999999999982,2.0,0.3203728564317188,2.294012546539306,0.0472361351005752,7.462310934066754,run_20260518_132537,s1,run_20260518_132537\s1\train_20260518_132537.csv,0
7.4499999999999815,2.0,0.3329213502464638,2.4966719150543213,0.0472361351005752,7.512310934066754,run_20260518_132537,s1,run_20260518_132537\s1\train_20260518_132537.csv,0
7.499999999999981,2.0,0.34536262453524,2.4966719150543213,0.0901312637227622,7.562310934066754,run_20260518_132537,s1,run_20260518_132537\s1\train_20260518_132537.csv,0
7.549999999999981,2.0,0.3493174640962271,2.628901481628418,0.0901312637227622,7.612310934066754,run_20260518_132537,s1,run_20260518_132537\s1\train_20260518_132537.csv,0
7.599999999999981,2.0,0.348633407055988,2.628901481628418,0.0943095319701079,7.6623109340667535,run_20260518_132537,s1,run_20260518_132537\s1\train_20260518_132537.csv,0
7.649999999999981,2.0,0.3437336290219517,2.6425445079803467,0.0943095319701079,7.712310934066753,run_20260518_132537,s1,run_20260518_132537\s1\train_20260518_132537.csv,0
7.699999999999981,2.0,0.3300002290745916,2.6425445079803467,0.1807968702593696,7.762310934066753,run_20260518_132537,s1,run_20260518_132537\s1\train_20260518_132537.csv,0
7.7499999999999805,2.0,0.3166327022268049,2.613215446472168,0.1807968702593696,7.812310934066753,run_20260518_132537,s1,run_20260518_132537\s1\train_20260518_132537.csv,0
7.79999999999998,2.0,0.2906378695622832,2.613215446472168,0.1597506716033981,7.862310934066753,run_20260518_132537,s1,run_20260518_132537\s1\train_20260518_132537.csv,0
7.84999999999998,2.0,0.2694655899324018,2.4971275329589844,0.1597506716033981,7.912310934066753,run_20260518_132537,s1,run_20260518_132537\s1\train_20260518_132537.csv,0
7.89999999999998,2.0,0.2327521817424062,2.4971275329589844,0.2352228766658156,7.962310934066752,run_20260518_132537,s1,run_20260518_132537\s1\train_20260518_132537.csv,0
7.94999999999998,2.0,0.205594946507445,2.2203171253204346,0.2352228766658156,8.012310934066752,run_20260518_132537,s1,run_20260518_132537\s1\train_20260518_132537.csv,0
7.9999999999999805,2.0,0.1607475245915492,2.2203171253204346,0.2492593620656451,8.062310934066753,run_20260518_132537,s1,run_20260518_132537\s1\train_20260518_132537.csv,0
8.049999999999981,2.0,0.1287185555174729,1.90479588508606,0.2492593620656451,8.112310934066754,run_20260518_132537,s1,run_20260518_132537\s1\train_20260518_132537.csv,0
8.099999999999982,2.0,0.0779831039502765,1.90479588508606,0.2663793978200585,8.162310934066754,run_20260518_132537,s1,run_20260518_132537\s1\train_20260518_132537.csv,0
8.149999999999983,2.0,0.0437389077225731,1.5765807628631592,0.2663793978200585,8.212310934066755,run_20260518_132537,s1,run_20260518_132537\s1\train_20260518_132537.csv,0
8.199999999999983,2.0,-0.0089446778351825,1.5765807628631592,0.2476813119835124,8.262310934066756,run_20260518_132537,s1,run_20260518_132537\s1\train_20260518_132537.csv,0
8.249999999999984,2.0,-0.0439726604350773,1.2747501134872437,0.2476813119835124,8.312310934066756,run_20260518_132537,s1,run_20260518_132537\s1\train_20260518_132537.csv,0
8.299999999999985,2.0,-0.0956572895067393,1.2747501134872437,0.2270765529172862,8.362310934066757,run_20260518_132537,s1,run_20260518_132537\s1\train_20260518_132537.csv,0
8.349999999999985,2.0,-0.1293527943144941,0.9934031963348388,0.2270765529172862,8.412310934066758,run_20260518_132537,s1,run_20260518_132537\s1\train_20260518_132537.csv,0
8.399999999999986,2.0,-0.1763834418224752,0.9934031963348388,0.1526728864075427,8.462310934066759,run_20260518_132537,s1,run_20260518_132537\s1\train_20260518_132537.csv,0
8.449999999999987,2.0,-0.2059109809932517,0.7525618672370911,0.1526728864075427,8.51231093406676,run_20260518_132537,s1,run_20260518_132537\s1\train_20260518_132537.csv,0
8.499999999999988,2.0,-0.2460753830029926,0.7525618672370911,0.047859588821638,8.56231093406676,run_20260518_132537,s1,run_20260518_132537\s1\train_20260518_132537.csv,0
8.549999999999988,2.0,-0.2697563109157208,0.5427431464195251,0.047859588821638,8.61231093406676,run_20260518_132537,s1,run_20260518_132537\s1\train_20260518_132537.csv,0
8.599999999999989,2.0,-0.300207426111573,0.5427431464195251,-0.0569925723562765,8.662310934066761,run_20260518_132537,s1,run_20260518_132537\s1\train_20260518_132537.csv,0
8.64999999999999,2.0,-0.3167490738530383,0.3766365349292755,-0.0569925723562765,8.712310934066762,run_20260518_132537,s1,run_20260518_132537\s1\train_20260518_132537.csv,0
8.69999999999999,2.0,-0.3355203073762101,0.3766365349292755,-0.0131140206496588,8.762310934066763,run_20260518_132537,s1,run_20260518_132537\s1\train_20260518_132537.csv,0
8.749999999999991,2.0,-0.343838174772508,0.2601764500141144,-0.0131140206496588,8.812310934066764,run_20260518_132537,s1,run_20260518_132537\s1\train_20260518_132537.csv,0
8.799999999999992,2.0,-0.3497583443381429,0.2601764500141144,-0.0778915123166213,8.862310934066764,run_20260518_132537,s1,run_20260518_132537\s1\train_20260518_132537.csv,0
8.849999999999993,2.0,-0.349299313769159,0.1822213530540466,-0.0778915123166213,8.912310934066765,run_20260518_132537,s1,run_20260518_132537\s1\train_20260518_132537.csv,0
8.899999999999993,2.0,-0.3420130784802893,0.1822213530540466,-0.1110742558902573,8.962310934066766,run_20260518_132537,s1,run_20260518_132537\s1\train_20260518_132537.csv,0
8.949999999999994,2.0,-0.3328226504744658,0.1268393993377685,-0.1110742558902573,9.012310934066766,run_20260518_132537,s1,run_20260518_132537\s1\train_20260518_132537.csv,0
8.999999999999995,2.0,-0.3125840681651117,0.1268393993377685,-0.1080940904716026,9.062310934066767,run_20260518_132537,s1,run_20260518_132537\s1\train_20260518_132537.csv,0
9.049999999999995,2.0,-0.2954391534527775,0.0802120715379715,-0.1080940904716026,9.112310934066768,run_20260518_132537,s1,run_20260518_132537\s1\train_20260518_132537.csv,0
9.099999999999996,2.0,-0.2638944764927666,0.0802120715379715,-0.1353869171991236,9.162310934066769,run_20260518_132537,s1,run_20260518_132537\s1\train_20260518_132537.csv,0
9.149999999999997,2.0,-0.2394495307600314,0.0536040663719177,-0.1353869171991236,9.21231093406677,run_20260518_132537,s1,run_20260518_132537\s1\train_20260518_132537.csv,0
9.199999999999998,2.0,-0.1982993127056079,0.0536040663719177,-0.1574311417788598,9.26231093406677,run_20260518_132537,s1,run_20260518_132537\s1\train_20260518_132537.csv,0
9.249999999999998,2.0,-0.168429427702054,0.0338107645511627,-0.1574311417788598,9.31231093406677,run_20260518_132537,s1,run_20260518_132537\s1\train_20260518_132537.csv,0
9.299999999999999,2.0,-0.1204563718646307,0.0338107645511627,-0.1705345738787411,9.362310934066771,run_20260518_132537,s1,run_20260518_132537\s1\train_20260518_132537.csv,0
9.35,2.0,-0.0869236878453961,0.0209268499165773,-0.1705345738787411,9.412310934066772,run_20260518_132537,s1,run_20260518_132537\s1\train_20260518_132537.csv,0
9.4,2.0,-0.0349670327094752,0.0209268499165773,-0.1469218379195462,9.462310934066773,run_20260518_132537,s1,run_20260518_132537\s1\train_20260518_132537.csv,0
9.450000000000001,0.0,0.0,0.0139052160084247,-0.1469218379195462,9.512310934066774,run_20260518_132537,s1,run_20260518_132537\s1\train_20260518_132537.csv,0
9.500000000000002,0.0,0.0,0.0139052160084247,-0.1499497317117038,9.562310934066774,run_20260518_132537,s1,run_20260518_132537\s1\train_20260518_132537.csv,0
9.550000000000004,0.0,0.0,0.0904823318123817,-0.1499497317117038,9.612310934066777,run_20260518_132537,s1,run_20260518_132537\s1\train_20260518_132537.csv,0
9.600000000000003,0.0,0.0,0.0904823318123817,-0.1048271722076852,9.662310934066776,run_20260518_132537,s1,run_20260518_132537\s1\train_20260518_132537.csv,0
9.650000000000004,0.0,0.0,0.1698857992887497,-0.1048271722076852,9.712310934066776,run_20260518_132537,s1,run_20260518_132537\s1\train_20260518_132537.csv,0
9.700000000000003,0.0,0.0,0.1698857992887497,0.0057413865299458,9.762310934066775,run_20260518_132537,s1,run_20260518_132537\s1\train_20260518_132537.csv,0
9.750000000000005,0.0,0.0,0.4398853778839111,0.0057413865299458,9.812310934066778,run_20260518_132537,s1,run_20260518_132537\s1\train_20260518_132537.csv,0
9.800000000000008,0.0,0.0,0.4398853778839111,-0.0501504451553738,9.86231093406678,run_20260518_132537,s1,run_20260518_132537\s1\train_20260518_132537.csv,0
9.850000000000007,0.0,0.0,0.6748576760292053,-0.0501504451553738,9.91231093406678,run_20260518_132537,s1,run_20260518_132537\s1\train_20260518_132537.csv,0
9.900000000000007,0.0,0.0,0.6748576760292053,-0.1082298538860492,9.96231093406678,run_20260518_132537,s1,run_20260518_132537\s1\train_20260518_132537.csv,0
9.950000000000008,0.0,0.0,0.8792402148246765,-0.1082298538860492,10.01231093406678,run_20260518_132537,s1,run_20260518_132537\s1\train_20260518_132537.csv,0
10.000000000000007,0.0,0.0,0.8792402148246765,-0.0448582526375036,10.06231093406678,run_20260518_132537,s1,run_20260518_132537\s1\train_20260518_132537.csv,0
10.05000000000001,0.0,0.0,1.0207276344299316,-0.0448582526375036,10.112310934066782,run_20260518_132537,s1,run_20260518_132537\s1\train_20260518_132537.csv,0
10.100000000000012,0.0,0.0,1.0207276344299316,-0.0114538893908673,10.162310934066785,run_20260518_132537,s1,run_20260518_132537\s1\train_20260518_132537.csv,0
10.150000000000011,0.0,0.0,1.1643939018249512,-0.0114538893908673,10.212310934066783,run_20260518_132537,s1,run_20260518_132537\s1\train_20260518_132537.csv,0
10.200000000000012,0.0,0.0,1.1643939018249512,-0.0079270668928356,10.262310934066784,run_20260518_132537,s1,run_20260518_132537\s1\train_20260518_132537.csv,0
10.25000000000001,0.0,0.0,1.2921693325042725,-0.0079270668928356,10.312310934066783,run_20260518_132537,s1,run_20260518_132537\s1\train_20260518_132537.csv,0
10.300000000000013,0.0,0.0,1.2921693325042725,-0.0157246170100939,10.362310934066786,run_20260518_132537,s1,run_20260518_132537\s1\train_20260518_132537.csv,0
10.350000000000014,0.0,0.0,1.4065885543823242,-0.0157246170100939,10.412310934066786,run_20260518_132537,s1,run_20260518_132537\s1\train_20260518_132537.csv,0
10.400000000000016,0.0,0.0,1.4065885543823242,0.0244633372807373,10.462310934066789,run_20260518_132537,s1,run_20260518_132537\s1\train_20260518_132537.csv,0
10.450000000000015,0.0,0.0,1.5247561931610107,0.0244633372807373,10.512310934066788,run_20260518_132537,s1,run_20260518_132537\s1\train_20260518_132537.csv,0
10.500000000000016,0.0,0.0,1.5247561931610107,0.022543689795145,10.562310934066788,run_20260518_132537,s1,run_20260518_132537\s1\train_20260518_132537.csv,0
10.550000000000017,0.0,0.0,1.586527705192566,0.022543689795145,10.61231093406679,run_20260518_132537,s1,run_20260518_132537\s1\train_20260518_132537.csv,0
10.600000000000017,0.0,0.0,1.586527705192566,0.0340615602162818,10.66231093406679,run_20260518_132537,s1,run_20260518_132537\s1\train_20260518_132537.csv,0
10.650000000000018,0.0,0.0,1.6202189922332764,0.0340615602162818,10.71231093406679,run_20260518_132537,s1,run_20260518_132537\s1\train_20260518_132537.csv,0
10.700000000000019,0.0,0.0,1.6202189922332764,0.0360218554625955,10.762310934066791,run_20260518_132537,s1,run_20260518_132537\s1\train_20260518_132537.csv,0
10.75000000000002,0.0,0.0,1.655333399772644,0.0360218554625955,10.812310934066792,run_20260518_132537,s1,run_20260518_132537\s1\train_20260518_132537.csv,0
10.80000000000002,0.0,0.0,1.655333399772644,0.0510113449448188,10.862310934066793,run_20260518_132537,s1,run_20260518_132537\s1\train_20260518_132537.csv,0
10.85000000000002,0.0,0.0,1.7003791332244873,0.0510113449448188,10.912310934066792,run_20260518_132537,s1,run_20260518_132537\s1\train_20260518_132537.csv,0
10.900000000000022,0.0,0.0,1.7003791332244873,0.0498026460624186,10.962310934066794,run_20260518_132537,s1,run_20260518_132537\s1\train_20260518_132537.csv,0
10.950000000000024,0.0,0.0,1.7544578313827517,0.0498026460624186,11.012310934066797,run_20260518_132537,s1,run_20260518_132537\s1\train_20260518_132537.csv,0
11.000000000000023,0.0,0.0,1.7544578313827517,0.040037486165844,11.062310934066796,run_20260518_132537,s1,run_20260518_132537\s1\train_20260518_132537.csv,0
11.050000000000024,0.0,0.0,1.7268668413162231,0.040037486165844,11.112310934066796,run_20260518_132537,s1,run_20260518_132537\s1\train_20260518_132537.csv,0
11.100000000000023,0.0,0.0,1.7268668413162231,0.0371535967210157,11.162310934066795,run_20260518_132537,s1,run_20260518_132537\s1\train_20260518_132537.csv,0
11.150000000000025,0.0,0.0,1.7229267358779907,0.0371535967210157,11.212310934066798,run_20260518_132537,s1,run_20260518_132537\s1\train_20260518_132537.csv,0
11.200000000000026,0.0,0.0,1.7229267358779907,0.0350023915267023,11.262310934066798,run_20260518_132537,s1,run_20260518_132537\s1\train_20260518_132537.csv,0
11.250000000000028,0.0,0.0,1.7354257106781006,0.0350023915267023,11.3123109340668,run_20260518_132537,s1,run_20260518_132537\s1\train_20260518_132537.csv,0
11.300000000000027,0.0,0.0,1.7354257106781006,0.0383813818717769,11.3623109340668,run_20260518_132537,s1,run_20260518_132537\s1\train_20260518_132537.csv,0
11.350000000000028,0.0,0.0,1.7327879667282104,0.0383813818717769,11.4123109340668,run_20260518_132537,s1,run_20260518_132537\s1\train_20260518_132537.csv,0
11.400000000000027,0.0,0.0,1.7327879667282104,0.0508961022121723,11.4623109340668,run_20260518_132537,s1,run_20260518_132537\s1\train_20260518_132537.csv,0
11.45000000000003,2.0,8.319389731771097e-05,1.7242376804351809,0.0508961022121723,11.512310934066802,run_20260518_132537,s1,run_20260518_132537\s1\train_20260518_132537.csv,0
11.500000000000032,2.0,0.1431913962034637,1.7242376804351809,0.0516187752865113,11.562310934066804,run_20260518_132537,s1,run_20260518_132537\s1\train_20260518_132537.csv,0
11.550000000000031,2.0,0.2368120268647761,1.7357951402664185,0.0516187752865113,11.612310934066803,run_20260518_132537,s1,run_20260518_132537\s1\train_20260518_132537.csv,0
11.600000000000032,2.0,0.3720380247243011,1.7357951402664185,0.0432991719365726,11.662310934066804,run_20260518_132537,s1,run_20260518_132537\s1\train_20260518_132537.csv,0
11.650000000000032,2.0,0.4579758733120963,1.7414729595184326,0.0432991719365726,11.712310934066805,run_20260518_132537,s1,run_20260518_132537\s1\train_20260518_132537.csv,0
11.700000000000033,2.0,0.5777112630350661,1.7414729595184326,0.031659135374588,11.762310934066806,run_20260518_132537,s1,run_20260518_132537\s1\train_20260518_132537.csv,0
11.750000000000034,2.0,0.6506515027130968,1.7421936988830566,0.031659135374588,11.812310934066806,run_20260518_132537,s1,run_20260518_132537\s1\train_20260518_132537.csv,0
11.800000000000036,2.0,0.74725936904692,1.7421936988830566,-0.0264216682773535,11.862310934066809,run_20260518_132537,s1,run_20260518_132537\s1\train_20260518_132537.csv,0
11.850000000000035,2.0,0.8023008232807181,1.7396913766860962,-0.0264216682773535,11.912310934066808,run_20260518_132537,s1,run_20260518_132537\s1\train_20260518_132537.csv,0
11.900000000000036,2.0,0.8696250778970197,1.7396913766860962,-0.0028023819326155,11.962310934066808,run_20260518_132537,s1,run_20260518_132537\s1\train_20260518_132537.csv,0
11.950000000000035,2.0,0.904343323108758,1.735772967338562,-0.0028023819326155,12.012310934066807,run_20260518_132537,s1,run_20260518_132537\s1\train_20260518_132537.csv,0
12.000000000000037,2.0,0.9374080135216716,1.735772967338562,0.1071513193891222,12.06231093406681,run_20260518_132537,s1,run_20260518_132537\s1\train_20260518_132537.csv,0
12.050000000000038,2.0,0.948145279199292,1.7211822271347046,0.1071513193891222,12.11231093406681,run_20260518_132537,s1,run_20260518_132537\s1\train_20260518_132537.csv,0
12.100000000000039,2.0,0.9463044839859356,1.7211822271347046,0.2057170268201389,12.162310934066811,run_20260518_132537,s1,run_20260518_132537\s1\train_20260518_132537.csv,0
12.15000000000004,2.0,0.9331143415467515,1.6443110704421997,0.2057170268201389,12.212310934066812,run_20260518_132537,s1,run_20260518_132537\s1\train_20260518_132537.csv,0
12.20000000000004,2.0,0.8957272050773851,1.6443110704421997,0.0431923925134381,12.262310934066813,run_20260518_132537,s1,run_20260518_132537\s1\train_20260518_132537.csv,0
12.250000000000039,2.0,0.8594441249995404,1.472153663635254,0.0431923925134381,12.312310934066812,run_20260518_132537,s1,run_20260518_132537\s1\train_20260518_132537.csv,0
12.300000000000042,2.0,0.7888257784214652,1.472153663635254,0.3486412890376177,12.362310934066814,run_20260518_132537,s1,run_20260518_132537\s1\train_20260518_132537.csv,0
12.350000000000044,2.0,0.7317589330347866,1.2792047262191772,0.3486412890376177,12.412310934066817,run_20260518_132537,s1,run_20260518_132537\s1\train_20260518_132537.csv,0
12.400000000000043,2.0,0.6324626835620806,1.2792047262191772,0.3606143238524463,12.462310934066815,run_20260518_132537,s1,run_20260518_132537\s1\train_20260518_132537.csv,0
12.450000000000044,2.0,0.5581316901653882,1.0256510972976685,0.3606143238524463,12.512310934066816,run_20260518_132537,s1,run_20260518_132537\s1\train_20260518_132537.csv,0
12.500000000000044,2.0,0.4362864844797406,1.0256510972976685,0.3411557281077987,12.562310934066817,run_20260518_132537,s1,run_20260518_132537\s1\train_20260518_132537.csv,0
12.550000000000045,2.0,0.3493909725183601,0.7882574796676636,0.3411557281077987,12.612310934066818,run_20260518_132537,s1,run_20260518_132537\s1\train_20260518_132537.csv,0
12.600000000000046,2.0,0.2128030781644305,0.7882574796676636,0.3698798145363039,12.662310934066818,run_20260518_132537,s1,run_20260518_132537\s1\train_20260518_132537.csv,0
12.650000000000048,2.0,0.1187242250942676,0.5587894320487976,0.3698798145363039,12.71231093406682,run_20260518_132537,s1,run_20260518_132537\s1\train_20260518_132537.csv,0
12.700000000000047,2.0,-0.024211229085675,0.5587894320487976,0.4334726356203301,12.76231093406682,run_20260518_132537,s1,run_20260518_132537\s1\train_20260518_132537.csv,0
12.750000000000048,2.0,-0.119390673627909,0.3881779909133911,0.4334726356203301,12.81231093406682,run_20260518_132537,s1,run_20260518_132537\s1\train_20260518_132537.csv,0
12.800000000000047,2.0,-0.2596508100026495,0.3881779909133911,0.539369523527518,12.86231093406682,run_20260518_132537,s1,run_20260518_132537\s1\train_20260518_132537.csv,0
12.85000000000005,2.0,-0.3500472942688878,0.2604136765003204,0.539369523527518,12.912310934066822,run_20260518_132537,s1,run_20260518_132537\s1\train_20260518_132537.csv,0
12.900000000000052,2.0,-0.4787098180496504,0.2604136765003204,0.4022551117670676,12.962310934066824,run_20260518_132537,s1,run_20260518_132537\s1\train_20260518_132537.csv,0
12.95000000000005,2.0,-0.5586633091209388,0.1743708550930023,0.4022551117670676,13.012310934066823,run_20260518_132537,s1,run_20260518_132537\s1\train_20260518_132537.csv,0
13.000000000000052,2.0,-0.6678339468510235,0.1743708550930023,0.3653246435003916,13.062310934066824,run_20260518_132537,s1,run_20260518_132537\s1\train_20260518_132537.csv,0
13.050000000000052,2.0,-0.7321990478786788,0.1207128837704658,0.3653246435003916,13.112310934066825,run_20260518_132537,s1,run_20260518_132537\s1\train_20260518_132537.csv,0
13.100000000000051,2.0,-0.8150325557077803,0.1207128837704658,0.062852965130205,13.162310934066824,run_20260518_132537,s1,run_20260518_132537\s1\train_20260518_132537.csv,0
13.150000000000054,2.0,-0.859738071133035,0.0764452666044235,0.062852965130205,13.212310934066826,run_20260518_132537,s1,run_20260518_132537\s1\train_20260518_132537.csv,0
13.200000000000056,2.0,-0.9106869232570602,0.0764452666044235,-0.1274669851967906,13.262310934066829,run_20260518_132537,s1,run_20260518_132537\s1\train_20260518_132537.csv,0
13.250000000000055,2.0,-0.9332331156023836,0.0504854954779148,-0.1274669851967906,13.312310934066828,run_20260518_132537,s1,run_20260518_132537\s1\train_20260518_132537.csv,0
13.300000000000056,2.0,-0.949351375138031,0.0504854954779148,-0.193737034277392,13.362310934066828,run_20260518_132537,s1,run_20260518_132537\s1\train_20260518_132537.csv,0
13.350000000000055,2.0,-0.9481028234657556,0.030388293787837,-0.193737034277392,13.412310934066827,run_20260518_132537,s1,run_20260518_132537\s1\train_20260518_132537.csv,0
13.400000000000057,2.0,-0.9283335184661872,0.030388293787837,-0.2286296792933031,13.46231093406683,run_20260518_132537,s1,run_20260518_132537\s1\train_20260518_132537.csv,0
13.450000000000058,2.0,-0.903395849246618,0.0222552791237831,-0.2286296792933031,13.51231093406683,run_20260518_132537,s1,run_20260518_132537\s1\train_20260518_132537.csv,0
13.50000000000006,2.0,-0.8489909642313921,0.0222552791237831,-0.2697587620995373,13.562310934066833,run_20260518_132537,s1,run_20260518_132537\s1\train_20260518_132537.csv,0
13.55000000000006,2.0,-0.8019196817560709,0.0160904712975025,-0.2697587620995373,13.612310934066832,run_20260518_132537,s1,run_20260518_132537\s1\train_20260518_132537.csv,0
13.60000000000006,2.0,-0.7163187178418755,0.0160904712975025,-0.4210789134875767,13.662310934066833,run_20260518_132537,s1,run_20260518_132537\s1\train_20260518_132537.csv,0
13.650000000000059,2.0,-0.6500688785599199,0.0100982161238789,-0.4210789134875767,13.712310934066831,run_20260518_132537,s1,run_20260518_132537\s1\train_20260518_132537.csv,0
13.700000000000061,2.0,-0.5382252167116287,0.0100982161238789,-0.5168008106027224,13.762310934066834,run_20260518_132537,s1,run_20260518_132537\s1\train_20260518_132537.csv,0
13.750000000000064,2.0,-0.4572676246045483,0.0125635964795947,-0.5168008106027224,13.812310934066836,run_20260518_132537,s1,run_20260518_132537\s1\train_20260518_132537.csv,0
13.800000000000063,2.0,-0.3270882213924133,0.0125635964795947,-0.4878512208587676,13.862310934066835,run_20260518_132537,s1,run_20260518_132537\s1\train_20260518_132537.csv,0
13.850000000000064,2.0,-0.2357966270288976,0.0112325847148895,-0.4878512208587676,13.912310934066836,run_20260518_132537,s1,run_20260518_132537\s1\train_20260518_132537.csv,0
13.900000000000064,2.0,-0.0950147419502931,0.0112325847148895,-0.5609224722903787,13.962310934066837,run_20260518_132537,s1,run_20260518_132537\s1\train_20260518_132537.csv,0
13.950000000000063,0.0,0.0,0.0111469076946377,-0.5609224722903787,14.012310934066836,run_20260518_132537,s1,run_20260518_132537\s1\train_20260518_132537.csv,0
14.000000000000066,0.0,0.0,0.0111469076946377,-0.6125378581417248,14.062310934066838,run_20260518_132537,s1,run_20260518_132537\s1\train_20260518_132537.csv,0
14.050000000000068,0.0,0.0,0.0469023436307907,-0.6125378581417248,14.11231093406684,run_20260518_132537,s1,run_20260518_132537\s1\train_20260518_132537.csv,0
14.100000000000067,0.0,0.0,0.0469023436307907,-0.5346009071343282,14.16231093406684,run_20260518_132537,s1,run_20260518_132537\s1\train_20260518_132537.csv,0
14.150000000000068,0.0,0.0,0.2017114460468292,-0.5346009071343282,14.21231093406684,run_20260518_132537,s1,run_20260518_132537\s1\train_20260518_132537.csv,0
14.200000000000067,0.0,0.0,0.2017114460468292,-0.454225346741683,14.26231093406684,run_20260518_132537,s1,run_20260518_132537\s1\train_20260518_132537.csv,0
14.25000000000007,0.0,0.0,0.4102658629417419,-0.454225346741683,14.312310934066842,run_20260518_132537,s1,run_20260518_132537\s1\train_20260518_132537.csv,0
14.30000000000007,0.0,0.0,0.4102658629417419,-0.4115272895294144,14.362310934066842,run_20260518_132537,s1,run_20260518_132537\s1\train_20260518_132537.csv,0
14.35000000000007,0.0,0.0,0.6541357040405273,-0.4115272895294144,14.412310934066843,run_20260518_132537,s1,run_20260518_132537\s1\train_20260518_132537.csv,0
14.400000000000071,0.0,0.0,0.6541357040405273,-0.4085160405177568,14.462310934066844,run_20260518_132537,s1,run_20260518_132537\s1\train_20260518_132537.csv,0
14.450000000000072,0.0,0.0,0.8237825036048889,-0.4085160405177568,14.512310934066845,run_20260518_132537,s1,run_20260518_132537\s1\train_20260518_132537.csv,0
14.500000000000071,0.0,0.0,0.8237825036048889,-0.3532482437169749,14.562310934066844,run_20260518_132537,s1,run_20260518_132537\s1\train_20260518_132537.csv,0
14.550000000000074,0.0,0.0,1.0041697025299072,-0.3532482437169749,14.612310934066846,run_20260518_132537,s1,run_20260518_132537\s1\train_20260518_132537.csv,0
14.600000000000076,0.0,0.0,1.0041697025299072,-0.1670883509222115,14.662310934066848,run_20260518_132537,s1,run_20260518_132537\s1\train_20260518_132537.csv,0
14.650000000000075,0.0,0.0,1.1537861824035645,-0.1670883509222115,14.712310934066847,run_20260518_132537,s1,run_20260518_132537\s1\train_20260518_132537.csv,0
14.700000000000076,0.0,0.0,1.1537861824035645,-0.1284547863620728,14.762310934066848,run_20260518_132537,s1,run_20260518_132537\s1\train_20260518_132537.csv,0
14.750000000000076,0.0,0.0,1.3208781480789185,-0.1284547863620728,14.812310934066849,run_20260518_132537,s1,run_20260518_132537\s1\train_20260518_132537.csv,0
14.800000000000077,0.0,0.0,1.3208781480789185,-0.0619027528777814,14.86231093406685,run_20260518_132537,s1,run_20260518_132537\s1\train_20260518_132537.csv,0
14.850000000000078,0.0,0.0,1.4677056074142456,-0.0619027528777814,14.91231093406685,run_20260518_132537,s1,run_20260518_132537\s1\train_20260518_132537.csv,0
14.90000000000008,0.0,0.0,1.4677056074142456,-0.0300273792881084,14.962310934066853,run_20260518_132537,s1,run_20260518_132537\s1\train_20260518_132537.csv,0
14.95000000000008,0.0,0.0,1.5363609790802002,-0.0300273792881084,15.012310934066852,run_20260518_132537,s1,run_20260518_132537\s1\train_20260518_132537.csv,0
15.00000000000008,0.0,0.0,1.5363609790802002,0.0385886104188383,15.062310934066852,run_20260518_132537,s1,run_20260518_132537\s1\train_20260518_132537.csv,0
15.050000000000079,0.0,0.0,1.620693564414978,0.0385886104188383,15.112310934066851,run_20260518_132537,s1,run_20260518_132537\s1\train_20260518_132537.csv,0
15.100000000000081,0.0,0.0,1.620693564414978,0.0385389501003484,15.162310934066854,run_20260518_132537,s1,run_20260518_132537\s1\train_20260518_132537.csv,0
15.150000000000084,0.0,0.0,1.6714268922805786,0.0385389501003484,15.212310934066856,run_20260518_132537,s1,run_20260518_132537\s1\train_20260518_132537.csv,0
15.200000000000083,0.0,0.0,1.6714268922805786,0.0335797180944129,15.262310934066855,run_20260518_132537,s1,run_20260518_132537\s1\train_20260518_132537.csv,0
15.250000000000083,0.0,0.0,1.7109243869781494,0.0335797180944129,15.312310934066856,run_20260518_132537,s1,run_20260518_132537\s1\train_20260518_132537.csv,0
15.300000000000084,0.0,0.0,1.7109243869781494,0.0317502935987775,15.362310934066857,run_20260518_132537,s1,run_20260518_132537\s1\train_20260518_132537.csv,0
15.350000000000083,0.0,0.0,1.7632761001586914,0.0317502935987775,15.412310934066856,run_20260518_132537,s1,run_20260518_132537\s1\train_20260518_132537.csv,0
15.400000000000086,0.0,0.0,1.7632761001586914,0.0425063263895744,15.462310934066858,run_20260518_132537,s1,run_20260518_132537\s1\train_20260518_132537.csv,0
15.450000000000088,0.0,0.0,1.7931702136993408,0.0425063263895744,15.51231093406686,run_20260518_132537,s1,run_20260518_132537\s1\train_20260518_132537.csv,0
15.500000000000087,0.0,0.0,1.7931702136993408,0.0449104939605456,15.56231093406686,run_20260518_132537,s1,run_20260518_132537\s1\train_20260518_132537.csv,0
15.550000000000088,0.0,0.0,1.7885301113128662,0.0449104939605456,15.61231093406686,run_20260518_132537,s1,run_20260518_132537\s1\train_20260518_132537.csv,0
15.600000000000087,0.0,0.0,1.7885301113128662,0.064455409960168,15.66231093406686,run_20260518_132537,s1,run_20260518_132537\s1\train_20260518_132537.csv,0
15.65000000000009,0.0,0.0,1.7621649503707886,0.064455409960168,15.712310934066862,run_20260518_132537,s1,run_20260518_132537\s1\train_20260518_132537.csv,0
15.70000000000009,0.0,0.0,1.7621649503707886,0.0657030915749349,15.762310934066862,run_20260518_132537,s1,run_20260518_132537\s1\train_20260518_132537.csv,0
15.750000000000092,0.0,0.0,1.732996106147766,0.0657030915749349,15.812310934066865,run_20260518_132537,s1,run_20260518_132537\s1\train_20260518_132537.csv,0
15.800000000000091,0.0,0.0,1.732996106147766,0.0625773533658004,15.862310934066864,run_20260518_132537,s1,run_20260518_132537\s1\train_20260518_132537.csv,0
15.850000000000092,0.0,0.0,1.7540488243103027,0.0625773533658004,15.912310934066864,run_20260518_132537,s1,run_20260518_132537\s1\train_20260518_132537.csv,0
15.900000000000091,0.0,0.0,1.7540488243103027,0.0630265280730694,15.962310934066863,run_20260518_132537,s1,run_20260518_132537\s1\train_20260518_132537.csv,0
15.950000000000092,0.0,0.0,1.757787585258484,0.0630265280730694,16.012310934066864,run_20260518_132537,s1,run_20260518_132537\s1\train_20260518_132537.csv,0
16.000000000000092,0.0,0.0,1.757787585258484,0.0658771921465557,16.062310934066865,run_20260518_132537,s1,run_20260518_132537\s1\train_20260518_132537.csv,0
16.050000000000093,0.0,0.0,1.7874715328216553,0.0658771921465557,16.112310934066866,run_20260518_132537,s1,run_20260518_132537\s1\train_20260518_132537.csv,0
16.100000000000094,0.0,0.0,1.7874715328216553,0.0710640917366245,16.162310934066866,run_20260518_132537,s1,run_20260518_132537\s1\train_20260518_132537.csv,0
16.150000000000095,0.0,0.0,1.807883381843567,0.0710640917366245,16.212310934066867,run_20260518_132537,s1,run_20260518_132537\s1\train_20260518_132537.csv,0
16.200000000000095,0.0,0.0,1.807883381843567,0.0759796808408277,16.262310934066868,run_20260518_132537,s1,run_20260518_132537\s1\train_20260518_132537.csv,0
16.250000000000096,0.0,0.0,1.813232421875,0.0759796808408277,16.31231093406687,run_20260518_132537,s1,run_20260518_132537\s1\train_20260518_132537.csv,0
16.300000000000097,0.0,0.0,1.813232421875,0.0728869580564911,16.36231093406687,run_20260518_132537,s1,run_20260518_132537\s1\train_20260518_132537.csv,0
16.350000000000097,0.0,0.0,1.84322452545166,0.0728869580564911,16.41231093406687,run_20260518_132537,s1,run_20260518_132537\s1\train_20260518_132537.csv,0
16.400000000000098,0.0,0.0,1.84322452545166,0.0636063983010107,16.46231093406687,run_20260518_132537,s1,run_20260518_132537\s1\train_20260518_132537.csv,0
16.4500000000001,0.0,0.0,1.8516457080841064,0.0636063983010107,16.51231093406687,run_20260518_132537,s1,run_20260518_132537\s1\train_20260518_132537.csv,0
16.5000000000001,0.0,0.0,1.8516457080841064,0.0617835413145655,16.562310934066872,run_20260518_132537,s1,run_20260518_132537\s1\train_20260518_132537.csv,0
16.5500000000001,0.0,0.0,1.843574047088623,0.0617835413145655,16.612310934066873,run_20260518_132537,s1,run_20260518_132537\s1\train_20260518_132537.csv,0
16.6000000000001,0.0,0.0,1.843574047088623,0.0473632909991983,16.662310934066873,run_20260518_132537,s1,run_20260518_132537\s1\train_20260518_132537.csv,0
16.6500000000001,0.0,0.0,1.7282373905181885,0.0473632909991983,16.712310934066874,run_20260518_132537,s1,run_20260518_132537\s1\train_20260518_132537.csv,0
16.700000000000102,0.0,0.0,1.7282373905181885,0.0394663654314057,16.762310934066875,run_20260518_132537,s1,run_20260518_132537\s1\train_20260518_132537.csv,0
16.750000000000103,0.0,0.0,1.5525318384170532,0.0394663654314057,16.812310934066875,run_20260518_132537,s1,run_20260518_132537\s1\train_20260518_132537.csv,0
16.800000000000104,0.0,0.0,1.5525318384170532,0.0096613792940144,16.862310934066876,run_20260518_132537,s1,run_20260518_132537\s1\train_20260518_132537.csv,0
16.850000000000104,0.0,0.0,1.348552107810974,0.0096613792940144,16.912310934066877,run_20260518_132537,s1,run_20260518_132537\s1\train_20260518_132537.csv,0
16.900000000000105,0.0,0.0,1.348552107810974,0.0089817741812539,16.962310934066878,run_20260518_132537,s1,run_20260518_132537\s1\train_20260518_132537.csv,0
16.950000000000106,0.0,0.0,1.1051639318466189,0.0089817741812539,17.01231093406688,run_20260518_132537,s1,run_20260518_132537\s1\train_20260518_132537.csv,0
17.000000000000107,0.0,0.0,1.1051639318466189,0.0030402817946575,17.06231093406688,run_20260518_132537,s1,run_20260518_132537\s1\train_20260518_132537.csv,0
17.050000000000107,0.0,0.0,0.8510779142379761,0.0030402817946575,17.11231093406688,run_20260518_132537,s1,run_20260518_132537\s1\train_20260518_132537.csv,0
17.100000000000108,0.0,0.0,0.8510779142379761,0.0011810160881609,17.16231093406688,run_20260518_132537,s1,run_20260518_132537\s1\train_20260518_132537.csv,0
17.15000000000011,0.0,0.0,0.6225007176399231,0.0011810160881609,17.21231093406688,run_20260518_132537,s1,run_20260518_132537\s1\train_20260518_132537.csv,0
17.20000000000011,0.0,0.0,0.6225007176399231,-0.0174736499591385,17.262310934066882,run_20260518_132537,s1,run_20260518_132537\s1\train_20260518_132537.csv,0
17.25000000000011,0.0,0.0,0.429358035326004,-0.0174736499591385,17.312310934066883,run_20260518_132537,s1,run_20260518_132537\s1\train_20260518_132537.csv,0
17.30000000000011,0.0,0.0,0.429358035326004,-0.0209601310376504,17.362310934066883,run_20260518_132537,s1,run_20260518_132537\s1\train_20260518_132537.csv,0
17.35000000000011,0.0,0.0,0.3001631498336792,-0.0209601310376504,17.412310934066884,run_20260518_132537,s1,run_20260518_132537\s1\train_20260518_132537.csv,0
17.400000000000112,0.0,0.0,0.3001631498336792,-0.0175043655222082,17.462310934066885,run_20260518_132537,s1,run_20260518_132537\s1\train_20260518_132537.csv,0
17.450000000000113,0.0,0.0,0.1989414989948272,-0.0175043655222082,17.512310934066885,run_20260518_132537,s1,run_20260518_132537\s1\train_20260518_132537.csv,0
17.500000000000114,0.0,0.0,0.1989414989948272,-0.0140318513395443,17.562310934066886,run_20260518_132537,s1,run_20260518_132537\s1\train_20260518_132537.csv,0
17.550000000000114,0.0,0.0,0.1316016763448715,-0.0140318513395443,17.612310934066887,run_20260518_132537,s1,run_20260518_132537\s1\train_20260518_132537.csv,0
17.600000000000115,0.0,0.0,0.1316016763448715,-0.0164569558142345,17.662310934066888,run_20260518_132537,s1,run_20260518_132537\s1\train_20260518_132537.csv,0
17.650000000000116,0.0,0.0,0.0770139470696449,-0.0164569558142345,17.71231093406689,run_20260518_132537,s1,run_20260518_132537\s1\train_20260518_132537.csv,0
17.700000000000117,0.0,0.0,0.0770139470696449,-0.0190204436989011,17.76231093406689,run_20260518_132537,s1,run_20260518_132537\s1\train_20260518_132537.csv,0
17.750000000000117,0.0,0.0,0.045010756701231,-0.0190204436989011,17.81231093406689,run_20260518_132537,s1,run_20260518_132537\s1\train_20260518_132537.csv,0
17.800000000000118,0.0,0.0,0.045010756701231,-0.0241511806205966,17.86231093406689,run_20260518_132537,s1,run_20260518_132537\s1\train_20260518_132537.csv,0
17.85000000000012,0.0,0.0,0.0269012954086065,-0.0241511806205966,17.91231093406689,run_20260518_132537,s1,run_20260518_132537\s1\train_20260518_132537.csv,0
