timestamp,cmd_v,cmd_omega,actual_x,actual_y,actual_theta,cmd_baseline_x,cmd_baseline_y,cmd_baseline_theta,cmd_baseline_error_xy,cmd_baseline_error_theta
102.09955,1.9999999,0.0,0.06288721,-0.09267666,0.0010861069,0.10000999499949749,0.0,0.0,0.09983518655701765,0.0010861069
102.19955,1.9999999,0.0,0.1260812528885042,-0.1853706991997198,0.0014123001,0.30000998499951453,0.0,0.0,0.25419185662710875,0.0014123001
102.24954,1.9999999,0.0,0.18921611116589784,-0.2778477560896664,0.00173015462,0.3999899800005025,0.0,0.0,0.34874775891404647,0.00173015462
102.299545,1.9999999,0.0,0.25257090532030463,-0.37045763516534036,0.00241258327,0.499999975,0.0,0.0,0.4454885003845284,0.00241258327
102.34955,1.9999999,0.0,0.31609832101977076,-0.46301030948769434,0.00325608067,0.6000099699994975,0.0,0.0,0.5431246368176259,0.00325608067
102.39954,1.9999999,0.0,0.37953569078747784,-0.5551394810383585,0.00372331727,0.6999899650005139,0.0,0.0,0.6409920321415405,0.00372331727
102.44955,1.9999999,0.0,0.44312990560593357,-0.6472978389462754,0.00416621514,0.8000099599995145,0.0,0.0,0.739160243471254,0.00416621514
102.49954,1.9999999,0.0,0.5066963099820537,-0.7392287162330835,0.004612559570000001,0.8999899550005025,0.0,0.0,0.8373404242693113,0.004612559570000001
102.549545,1.9999999,0.0,0.5701238058920663,-0.8307316375601266,0.00464519196,0.99999995,0.0,0.0,0.9353654648940352,0.00464519196
102.59955,1.9999999,0.0,0.633628974610615,-0.9222531723371548,0.00424945428,1.1000099449994976,0.0,0.0,1.0334709107792157,0.00424945428
102.64954,1.9999999,0.0,0.6972900646322606,-1.0139488061721658,0.00455354082,1.1999899400005138,0.0,0.0,1.1317240592269908,0.00455354082
102.69955,1.9999999,0.0,0.7611479544499518,-1.105628938149006,0.00566665842,1.3000099349995144,0.0,0.0,1.2299543011650051,0.00566665842
102.74954,1.9999999,0.0,0.8253281320558734,-1.1973983563523303,0.0059931905199999995,1.3999899300005023,0.0,0.0,1.3281562429971165,0.0059931905199999995
102.799545,1.9999999,0.0,0.8895772743479329,-1.289121074565546,0.00679834159,1.4999999249999998,0.0,0.0,1.426341108332128,0.00679834159
102.84955,1.9999999,0.0,0.9536962990857576,-1.3805062766779708,0.00722215241,1.6000099199994973,0.0,0.0,1.5243093113032875,0.00722215241
102.89954,1.9999999,0.0,1.017689782627619,-1.4716431428200283,0.00709492771,1.6999899150005136,0.0,0.0,1.6221180630414296,0.00709492771
102.94955,1.9999999,0.0,1.0818804637396704,-1.56292045574778,0.00824160981,1.8000099099995142,0.0,0.0,1.720008794332261,0.00824160981
102.99954,1.9999999,0.0,1.1463971060108855,-1.6542496624863587,0.00967339611,1.899989905000502,0.0,0.0,1.8178129861251504,0.00967339611
103.049545,1.9999999,0.0,1.2110833008111381,-1.745420547665923,0.01075646521,1.9999998999999995,0.0,0.0,1.9154326635750287,0.01075646521
103.09955,1.9999999,0.0,1.2759478691517143,-1.8365122573224575,0.01119260194,2.100009894999497,0.0,0.0,2.0129221280864247,0.01119260194
103.14954,1.9999999,0.0,1.3409280898640237,-1.9276449429970977,0.0115475728,2.1999898900005137,0.0,0.0,2.1104033270244886,0.0115475728
103.19955,1.9999999,0.0,1.4061804867893128,-2.019052017275498,0.01243796683,2.3000098849995143,0.0,0.0,2.2080539036828495,0.01243796683
103.24954,1.9999999,0.0,1.4714424384486864,-2.1102166638468556,0.01343244173,2.3999898800005024,0.0,0.0,2.3054749444722615,0.01343244173
103.299545,1.9999999,0.0,1.536836473814851,-2.201218188293564,0.01425291783,2.499999875,0.0,0.0,2.402716223330784,0.01425291783
103.34955,1.9999999,0.0,1.6025958479995177,-2.292419790518242,0.015289743829999999,2.6000098699994973,0.0,0.0,2.5000046454440596,0.015289743829999999
103.44955,1.9999999,0.0,1.6681554970761447,-2.3829494309681847,0.015566746729999999,2.8000098599995145,0.0,0.0,2.6380944428545887,0.015566746729999999
103.49954,1.9999999,0.0,1.7338464403368152,-2.4735233418679217,0.01609621053,2.8999898550005025,0.0,0.0,2.734631270633929,0.01609621053
103.549545,1.9999999,0.0,1.7996996347245746,-2.5641214769491536,0.017353728229999997,2.99999985,0.0,0.0,2.831155162710469,0.017353728229999997
103.59955,1.9999999,0.0,1.865687693040396,-2.654541880390355,0.01809531183,3.1000098449994975,0.0,0.0,2.927480788931553,0.01809531183
103.64954,1.9999999,0.0,1.9317257381956994,-2.744777009489831,0.01827932495,3.199989840000514,0.0,0.0,3.0236227714036543,0.01827932495
103.69955,1.9999999,0.0,1.9979875321503489,-2.8351559549830934,0.018447804039999998,3.3000098349995146,0.0,0.0,3.119835150483554,0.018447804039999998
103.74954,1.9999999,0.0,2.064235468445038,-2.925320787433775,0.01947500184,3.3999898300005027,0.0,0.0,3.2158578052840907,0.01947500184
103.799545,1.9999999,0.0,2.130710865556244,-3.0154528566982157,0.02078773004,3.499999825,0.0,0.0,3.3117832334595803,0.02078773004
103.84955,1.9999999,0.0,2.1976968619798463,-3.1059398455296345,0.02163814047,3.6000098199994977,0.0,0.0,3.4078356703747428,0.02163814047
103.89954,1.9999999,0.0,2.2646791676232594,-3.196183171640048,0.02215763287,3.699989815000514,0.0,0.0,3.5036700074564027,0.02215763287
103.94955,1.9999999,0.0,2.3314902579500223,-3.2859734029957237,0.02281309287,3.8000098099995148,0.0,0.0,3.599190308937128,0.02281309287
103.99954,1.9999999,0.0,2.3982608532216108,-3.3755111196959247,0.02295328144,3.899989805000503,0.0,0.0,3.6944911914635505,0.02295328144
104.09955,1.9999999,0.0,2.4649330498396367,-3.4645795903482024,0.02437005194,4.100009794999498,0.0,0.0,3.8310295875155917,0.02437005194
104.14954,1.9999999,0.0,2.531870394681574,-3.5536175037154782,0.025286070440000002,4.199989790000514,0.0,0.0,3.925661686869139,0.025286070440000002
104.19955,1.9999999,0.0,2.598993144520159,-3.6426504056478834,0.025489049330000003,4.300009784999515,0.0,0.0,4.020243722581302,0.025489049330000003
104.24954,1.9999999,0.0,2.6660731997603238,-3.7315468200109945,0.026063640900000004,4.399989780000503,0.0,0.0,4.114718505215874,0.026063640900000004
104.34955,1.9999999,0.0,2.7333340331026226,-3.820262162330782,0.026407364620000005,4.600009769999498,0.0,0.0,4.251926774493624,0.026407364620000005
104.39954,1.9999999,0.0,2.8007414705967406,-3.9089112082912956,0.027145922320000005,4.699989765000514,0.0,0.0,4.345886666504427,0.027145922320000005
104.549545,1.9999999,0.0,2.8680782461947225,-3.997187492350665,0.026794894120000006,4.99999975,0.0,0.0,4.530187319238792,0.026794894120000006
104.69955,1.9999999,0.0,2.9353647634308366,-4.085242935510377,0.027177424620000005,5.300009734999514,0.0,0.0,4.720249536168874,0.027177424620000005
104.74954,1.9999999,0.0,3.0027454744636337,-4.173213292734945,0.027372386480000004,5.3999897300005015,0.0,0.0,4.812742379077043,0.027372386480000004
104.799545,1.9999999,0.0,3.0703638753293,-4.26134964276243,0.027702942680000002,5.4999997249999995,0.0,0.0,4.905326812749233,0.027702942680000002
104.84955,1.9999999,0.0,3.1382329373793536,-4.349673960723543,0.02818110608,5.600009719999497,0.0,0.0,4.9980004493841355,0.02818110608
104.89954,1.9999999,0.0,3.2062103824100037,-4.4379949535178245,0.02887383848,5.699989715000513,0.0,0.0,5.09065168393058,0.02887383848
104.94955,1.9999999,0.0,3.274086514318209,-4.5259753833874745,0.02985884808,5.8000097099995145,0.0,0.0,5.183120793644526,0.02985884808
105.049545,1.9999999,0.0,3.3419219945700958,-4.613512969249523,0.03049696871,5.9999997,0.0,0.0,5.3244604426680695,0.03049696871
105.09955,1.9999999,0.0,3.410032332984356,-4.701156291195991,0.03109280691,6.100009694999498,0.0,0.0,5.416350125537084,0.03109280691
105.14954,1.9999999,0.0,3.478390416309629,-4.788872475910026,0.03155612051,6.199989690000514,0.0,0.0,5.508212250547665,0.03155612051
105.19955,1.9999999,0.0,3.54680957650923,-4.876511147133164,0.03196303103,6.300009684999515,0.0,0.0,5.600042125333069,0.03196303103
105.24954,1.9999999,0.0,3.6151480019319715,-4.963870050501726,0.03226276987,6.399989680000503,0.0,0.0,5.691691229342608,0.03226276987
105.299545,1.9999999,0.0,3.6836870672058617,-5.051332509293651,0.032327675119999996,6.499999675000001,0.0,0.0,5.78338800568206,0.032327675119999996
105.34955,1.9999999,0.0,3.7523495706784695,-5.138901280933695,0.032430166079999996,6.600009669999499,0.0,0.0,5.87515739503607,0.032430166079999996
105.39954,1.9999999,0.0,3.8210003041583542,-5.226299011227093,0.033082053929999994,6.699989665000515,0.0,0.0,5.96680660777569,0.033082053929999994
105.44955,1.9999999,0.0,3.8897862450556797,-5.313512766058622,0.033617589329999996,6.800009659999516,0.0,0.0,6.058285090679978,0.033617589329999996
105.49954,1.9999999,0.0,3.9589116163304707,-5.400891055700813,0.033997119109999994,6.899989655000503,0.0,0.0,6.149761314481743,0.033997119109999994
105.69955,1.9999999,0.0,4.0279277222354875,-5.4878932788092385,0.034710995409999994,7.300009634999515,0.0,0.0,6.389326465554652,0.034710995409999994
105.74954,1.9999999,0.0,4.097070179947235,-5.574795088895856,0.03622832660999999,7.399989630000503,0.0,0.0,6.47978527242358,0.03622832660999999
105.799545,1.9999999,0.0,4.166632778325945,-5.661791588447685,0.037248727409999995,7.499999625000001,0.0,0.0,6.570176445539548,0.037248727409999995
105.84955,1.9999999,0.0,4.236479038040947,-5.7488521856427965,0.037659430449999996,7.600009619999499,0.0,0.0,6.660528464629544,0.037659430449999996
105.89954,1.9999999,0.0,4.306515033295311,-5.835982101287506,0.0378951242,7.699989615000515,0.0,0.0,6.750878226070105,0.0378951242
105.94955,1.9999999,0.0,4.376640513382618,-5.923087359342219,0.038136540819999995,7.800009609999516,0.0,0.0,6.841229409840834,0.038136540819999995
105.99954,1.9999999,0.0,4.446694211525865,-6.00998235737114,0.03833500367999999,7.899989605000504,0.0,0.0,6.93145994798394,0.03833500367999999
106.049545,1.9999999,0.0,4.517000577829672,-6.097068304363023,0.03849651092999999,7.9999996000000015,0.0,0.0,7.021789237545347,0.03849651092999999
106.09955,1.9999999,0.0,4.587390589265487,-6.184128331475406,0.03859224497999999,8.100009594999499,0.0,0.0,7.112097826914403,0.03859224497999999
106.14954,1.9999999,0.0,4.657839742997335,-6.27109557509187,0.03888239974999999,8.199989590000515,0.0,0.0,7.202323600794503,0.03888239974999999
106.19955,1.9999999,0.0,4.728749978435282,-6.358401271501891,0.04030960104999999,8.300009584999515,0.0,0.0,7.292678651011175,0.04030960104999999
106.24954,1.9999999,0.023824055,4.800059436434027,-6.445796597211757,0.04162479254999999,8.399989580000502,0.0,0.0011909645094498567,7.382939171575587,0.04043382804055013
106.299545,1.9999999,0.03847294,4.871763746934206,-6.533348348128067,0.04316953864999999,8.499999504073097,0.00011910832647751633,0.0031148038741498083,7.473305273701312,0.040054734775850184
106.34955,1.9999999,0.060468063,4.943818934888525,-6.6209641030499995,0.04438740284999999,8.600009013924343,0.000430619342641606,0.006138509364464733,7.563768502788082,0.03824889348553526
106.39954,1.9999999,0.097090274,5.016108157417819,-6.708526936570349,0.044967601749999996,8.69998712524332,0.0010443436238763628,0.01099205216172553,7.6543654873277545,0.033975549588274465
106.44955,1.9999999,0.097090274,5.089265091784811,-6.796708964005518,0.047943355449999996,8.800001077834674,0.0021437464865450605,0.015847536764465563,7.74557678530984,0.03209581868553443
106.49954,1.9999999,0.097090274,5.163892254790842,-6.885444124158229,0.052124936049999994,8.89996851838941,0.0037281168134629308,0.02070107956172498,7.837024946572492,0.03142385648827502
106.549545,1.9999999,0.1190636,5.240109607626214,-6.9746085311274895,0.05549121735,8.999957085277796,0.005798283813125418,0.02665485487972483,7.928589556615498,0.028836362470275167
106.59955,1.9999999,0.16303205,5.317785144452864,-7.064312088328422,0.05890978935,9.099931554765655,0.008463720066431164,0.03480727253997463,8.020522994472206,0.02410251681002537
106.64954,1.9999999,0.2436227,5.396032894257766,-7.153248662033965,0.06414261235,9.199850990688626,0.011943048340488467,0.046985971312976625,8.11227491873603,0.017156641037023378
106.69955,1.9999999,0.2948938,5.474418188636316,-7.240400222695971,0.07077491735000001,9.299760599851627,0.016640855967091778,0.06173361025097672,8.203529105235486,0.009041307099023288
106.74954,1.9999999,0.3242134,5.553526602619257,-7.326350861642453,0.07633583285000001,9.399550141537736,0.02280906238987462,0.07794103811697477,8.294700033811823,0.0016052052669747602
106.799545,1.9999999,0.3095427,5.633454993573971,-7.411278037223038,0.08109799185000001,9.499256519655077,0.03059605555291725,0.09341972083047438,8.386054581970056,0.012321728980474372
106.84955,1.9999999,0.2948938,5.714233777832399,-7.495131163591311,0.08682553085000001,9.598830426120875,0.03992537765797559,0.10816588529947402,8.477450571941882,0.021340354449474006
106.89954,1.9999999,0.28024492,5.796095952565965,-7.578238416365231,0.09329777285000002,9.698226115237372,0.05071872678881206,0.12217532885027632,8.568991008194084,0.028877556000276305
106.94955,1.9999999,0.26559603,5.878962122407298,-7.660728578850701,0.09976717535000001,9.797500548554032,0.06290832437265499,0.13545778631057642,8.660803104217425,0.03569061096057641
106.99954,1.9999999,0.26559603,5.962164569846427,-7.7416907431944795,0.10617904735000001,9.89656468818594,0.07641001461452276,0.1487349318502748,8.752268491679382,0.042555884500274796
107.049545,1.9999999,0.3461867,6.045961823849918,-7.820985192218359,0.11278816965000002,9.99547050644342,0.09123021078791624,0.16604599778377438,8.843176545645305,0.05325782813377436
107.09955,1.9999999,0.3461867,6.131207421681351,-7.899432763091055,0.11906814205000002,10.094104964789553,0.1077602660378102,0.18335706371727395,8.934186988355624,0.06428892166727393
107.14954,1.9999999,0.33886227,6.217469379888116,-7.976720167368659,0.12494433765000001,10.192409008765475,0.1259897569353457,0.20029678859457672,9.025189924352523,0.07535245094457671
107.19955,1.9999999,0.33886227,6.3041306992206225,-8.052210598338183,0.13093885125000002,10.290429361204575,0.14588975460656617,0.21724329071727683,9.11588867963447,0.08630443946727681
107.24954,1.9999999,0.3461867,6.391829737392949,-8.126721005899437,0.13630415685000002,10.38805936002221,0.16743929593036538,0.23454916385027474,9.206679439908237,0.09824500700027472
107.299545,1.9999999,0.3461867,6.480781433748174,-8.200617474759591,0.14151247685,10.485331003003873,0.19068207053770103,0.2518602297837743,9.29786670755892,0.1103477529337743
107.34955,1.9999999,0.3461867,6.570308183803162,-8.273384259999661,0.14789265085,10.582185734398715,0.21560515434031968,0.2691712957172739,9.389254643354223,0.12127864486727388
107.39954,1.9999999,0.33886227,6.660806214077254,-8.34527133032261,0.15453614125,10.67856561043653,0.2421931007698297,0.28611102059457666,9.48087210768667,0.13157487934457665
107.44955,1.9999999,0.3242134,6.752237802161367,-8.41604864790161,0.16094740925,10.774519661484183,0.27042109196907704,0.30232493272857675,9.57253926069392,0.14137752347857674
107.49954,1.9999999,0.31686714,6.844504479043431,-8.48557662166593,0.16745399425000002,10.86996524809496,0.3001891855748512,0.3181651210571748,9.664057906638089,0.1507111268071748
107.549545,1.9999999,0.31686714,6.93809960474187,-8.55418266819497,0.17399206265000003,10.964955842593886,0.33147474225105855,0.3340100623928744,9.755535801591941,0.16001799974287437
107.59955,1.9999999,0.31686714,7.032713089626252,-8.621892176891905,0.18086938065000002,11.059438816002304,0.3642614291178925,0.349855003728574,9.847104991126153,0.16898562307857395
107.64954,1.9999999,0.31686714,7.127560145275295,-8.68776904422453,0.18834595635,11.15336226504532,0.3985307320035225,0.3656951920571766,9.938205387846779,0.1773492357071766
107.69955,1.9999999,0.3242134,7.223321069534001,-8.751884991968742,0.19613209935,11.24676847659706,0.4342977425460859,0.3819091041911767,10.028663034986307,0.18577700484117668
107.74954,1.9999999,0.3461867,7.320366180089919,-8.814729899527046,0.20385493235000002,11.339545394646072,0.47155955782291414,0.3992149773241746,10.118743669270867,0.19536004497417458
107.799545,1.9999999,0.36083558,7.418108950914651,-8.875687331511688,0.21117098895000003,11.43169124494228,0.5104329596934513,0.41725856050207416,10.208236720996675,0.20608757155207413
107.84955,1.9999999,0.38280892,7.516386703898223,-8.934901107660156,0.21826331625000003,11.52312071824142,0.5509625848094236,0.4364009205466737,10.297355362121255,0.21813760429667364
107.89954,1.9999999,0.38280892,7.615970759441073,-8.993311951851691,0.22536743325000003,11.613730467145242,0.5932221731177554,0.4555375384574768,10.386708776592643,0.23017010520747677
107.94955,1.9999999,0.38280892,7.716549609260611,-9.050526844072227,0.23304748805000003,11.70355089019968,0.6372254798335242,0.4746818125466769,10.47610253403197,0.24163432449667688
107.99954,1.9999999,0.37548447,7.817493506503568,-9.10584678890385,0.24129217605000003,11.792476916585356,0.6829218826640696,0.49345228120197465,10.565059640905726,0.2521601051519746
108.049545,1.9999999,0.37548447,7.9194761696841836,-9.159699347879,0.24975564805000003,11.880556006310705,0.7302935308616292,0.5122283821243242,10.653737025742167,0.26247273407432414
108.09955,1.9999999,0.38280892,8.02249133774114,-9.21195076640834,0.25809654805000004,11.967730168117809,0.7793105137658054,0.5313707421689238,10.741983587653584,0.27327419411892373
108.14954,1.9999999,0.38280892,8.12627660057835,-9.262537808449933,0.26617631905000005,12.053924251970482,0.829971932115488,0.5505073600797269,10.829827742715672,0.28433104102972684
108.19955,1.9999999,0.37548447,8.230913725106063,-9.311647462879634,0.27432736305000005,12.139167215063845,0.8822943617481391,0.569285338424427,10.917458278631642,0.2949579753744269
108.24954,1.9999999,0.38280892,8.336560705666837,-9.359054893382623,0.28193409505000006,12.223379006567244,0.9361866021189519,0.5884219563352246,11.004515162191918,0.3064878612852246
108.299545,1.9999999,0.38280892,8.442752640541437,-9.404767872286591,0.28979231005000006,12.306569081194821,0.9916970568392796,0.6075643163798242,11.091238006174406,0.31777200632982416
108.34955,1.9999999,0.38280892,8.549562747952976,-9.448835628633715,0.29835083705000004,12.388681378403573,1.048789698632255,0.6267066764244238,11.177610181533835,0.32835583937442375
108.39954,1.9999999,0.37548447,8.657058310650369,-9.49105676690052,0.30636633105000005,12.469661511807676,1.107426013269663,0.6454771450797269,11.263382281137352,0.3391108140297268
108.44955,1.9999999,0.36816004,8.764820188669436,-9.530954914559347,0.31427134505000004,12.549558765780402,1.1675960075127882,0.663888828680127,11.348270261552747,0.34961748363012696
108.49954,1.9999999,0.36816004,8.873218497834479,-9.569131546263245,0.32251382005000007,12.628303205563476,1.2292021160057554,0.6822931490797248,11.432614357351166,0.35977932902972476
108.549545,1.9999999,0.36083558,8.982823144926137,-9.606173248039271,0.3304378800500001,12.705923838912577,1.2922658645328133,0.7003367322576244,11.516833500055617,0.3698988522076243
108.69955,1.9999999,0.3242134,9.094018462187584,-9.638841819047808,0.3386548890500001,12.935319038210029,1.4856148589410898,0.7489703633246267,11.768990037203794,0.41031547427462667
108.74954,1.9999999,0.3242134,9.206043242323526,-9.670020710877631,0.34722033305000005,13.00854341885897,1.5536897403510233,0.7651777911906248,11.850345306596404,0.41795745814062474
108.799545,1.9999999,0.3242134,9.318376191131811,-9.699579178482256,0.35507962405000004,13.080676549750342,1.6229631878443298,0.7813900822576244,11.931255995314222,0.42631045820762437
108.84955,1.9999999,0.3242134,9.431309454057038,-9.727425915610269,0.36306685905,13.151677169075175,1.6933969237617834,0.797602373324624,12.011508242650944,0.434535514274624
108.89954,1.9999999,0.3095427,9.54498138879986,-9.753648306290607,0.37129578905000005,13.221505662815682,1.7649509653131532,0.8130764128976266,12.091110780950533,0.4417806238476265
108.94955,1.9999999,0.2948938,9.659098579631536,-9.778083813467488,0.37889726305000004,13.290246101442866,1.8376059823246607,0.8278240518356267,12.170023901259455,0.44892678878562664
108.99954,1.9999999,0.2729205,9.773515405555669,-9.800706510424654,0.38649931805000004,13.35788055461721,1.9112373624842436,0.841467347630625,12.24815507756067,0.454968029580625
109.049545,1.9999999,0.26559603,9.887782527999397,-9.821484769864087,0.39360627835000006,13.424524160715167,1.9858069867696044,0.8547484771107747,12.32561073549116,0.46114219876077467
109.09955,1.9999999,0.2729205,10.002346299877587,-9.840681500893394,0.40084382835000004,13.490171549599237,2.0612551108848085,0.8683958667132744,12.402460243168784,0.46755203836327436
109.14954,1.9999999,0.30221826,10.117097013958595,-9.858279738697874,0.40832988935000003,13.554763805589218,2.137569197831637,0.8835037575306769,12.478699638917357,0.47517386818067686
109.19955,1.9999999,0.3095427,10.231999264181828,-9.874007622548618,0.41508440235000005,13.618221167015696,2.214881309951211,0.898983987957677,12.554191905397523,0.48389958560767693
109.24954,1.9999999,0.3095427,10.347195533654386,-9.887748750475794,0.42296712135000003,13.680449267480856,2.29313514636129,0.9144580275306751,12.628717787736532,0.49149090618067504
109.299545,1.9999999,0.26559603,10.462221885347036,-9.899445328879027,0.43091087335000006,13.741477369925336,2.372366262798115,0.9277391570108248,12.702396477624147,0.4968282836608247
109.34955,1.9999999,0.26559603,10.576901449913152,-9.909601019129717,0.4375486243500001,13.801447842342682,2.452400889915631,0.9410202864909745,12.775632690249477,0.5034716621409744
109.39954,1.9999999,0.26559603,10.691567454108059,-9.918617304770539,0.44421389335000006,13.860332437880256,2.533200665959749,0.9542974320306766,12.848690295068309,0.5100835386806766
109.44955,1.9999999,0.28024492,10.80651095572624,-9.926271888719072,0.4508014503500001,13.918162211746195,2.6148077529939924,0.9683124804798767,12.921340956684041,0.5175110301298766
109.49954,1.9999999,0.28756937,10.921321151960958,-9.932554737983136,0.4574474673500001,13.974819948732074,2.6971843287909776,0.982688073286175,12.993620118992355,0.5252406059361749
109.549545,1.9999999,0.2948938,11.03603923323054,-9.937479020228213,0.4640889828500001,14.030304303759905,2.780391813111471,0.9974342377551747,13.065598411328297,0.5333452549051746
109.59955,1.9999999,0.28756937,11.151158100771385,-9.940628385597762,0.4702374552500001,14.084555679596876,2.8644084026613648,1.0118141441020243,13.136734316569276,0.5415766888520241
109.64954,1.9999999,0.28756937,11.266735768514817,-9.942002660605255,0.4766254232500001,14.13757742767561,2.9491709747735797,1.0261897369083266,13.206971247392774,0.5495643136583265
109.69955,1.9999999,0.2729205,11.382260621838366,-9.941919806698001,0.4829233589500001,14.189395950184434,3.034721194671618,1.0398384911133267,13.276792550540048,0.5569151321633266
109.74954,1.9999999,0.26559603,11.497714322426544,-9.94053269482992,0.48832518865000013,14.240021774120041,3.120936189604277,1.0531156366530252,13.346243650505427,0.564790448003025
109.799545,1.9999999,0.26559603,11.61325078809534,-9.937874170438963,0.4939738616500001,14.289513326472274,3.2078418013078127,1.0663967661331748,13.41537288278481,0.5724229044831747
109.84955,1.9999999,0.2729205,11.729368674371923,-9.933759724551445,0.4994884826500001,14.337846343270293,3.295397032944774,1.0800441557356744,13.483869780725017,0.5805556730856742
109.89954,1.9999999,0.2729205,11.845651780625216,-9.928439860166758,0.5039045633500001,14.384965857147767,3.383577250751001,1.0936874515306767,13.552044699623478,0.5897828881806766
109.94955,1.9999999,0.2729205,11.961616093476847,-9.921975998625259,0.5095112197500001,14.430896322731902,3.4724276403439838,1.1073362057356768,13.620109900225563,0.5978249859856767
109.99954,1.9999999,0.25094715,12.077423526198707,-9.913983557033129,0.5161970247500002,14.475591968912031,3.56186084789542,1.1198810537641752,13.687570796363762,0.6036840290141751
110.049545,1.9999999,0.23629826,12.192750910739582,-9.904600664977982,0.5223955537500001,14.519175275303319,3.651874705183077,1.131697148255475,13.754645571072315,0.6093015945054748
110.09955,1.9999999,0.23629826,12.30767644668397,-9.894010182447015,0.5278843367500001,14.561691951684308,3.742397251155413,1.1435132427467747,13.821439635290872,0.6156289059967746
110.14954,1.9999999,0.23629826,12.422565518178423,-9.882019078808593,0.5330286022500001,14.603123629952057,3.8333885443450417,1.1553257927641767,13.8876650286534,0.6222971905141765
110.19955,1.9999999,0.20697871,12.53751324224136,-9.868509826079567,0.5377593367500002,14.643493748253835,3.924899488761,1.1656767980512768,13.9532539007371,0.6279174613012766
110.24954,1.9999999,0.21430315,12.65256322839727,-9.853674084581355,0.5426458757500002,14.682898725382309,4.016786632464035,1.1763898125197756,14.018271745597486,0.6337439367697754
110.299545,1.9999999,0.19965427,12.767770230732758,-9.837801856642345,0.5481633724500002,14.721328599642748,4.109118338091768,1.1863735242911253,14.083073997498575,0.6382101518411251
110.34955,1.9999999,0.19232982,12.882557751854998,-9.82093128010324,0.5535945224500003,14.758834760856953,4.201829108613718,1.195990976940225,14.147728592741617,0.6423964544902248
110.39954,1.9999999,0.21430315,12.997297162171337,-9.802841968468313,0.5587612309500003,14.795436577069351,4.294868382312287,1.2067039914087268,14.211922547281075,0.6479427604587265
110.44955,1.9999999,0.2582716,13.111894578567703,-9.783391929042194,0.5634905912500003,14.831053824961334,4.388331803243693,1.219620154124727,14.275617747008209,0.6561295628747266
110.49954,1.9999999,0.30221826,13.226200503245368,-9.762881082250987,0.5685764008500004,14.865447186646305,4.482209894790147,1.2347280449421252,14.339098529308588,0.6661516440921248
110.549545,1.9999999,0.31686714,13.340404900657502,-9.74146578002915,0.5735084402500004,14.898428270623775,4.576625185921778,1.2505729862778248,14.40260968472751,0.6770645460278244
110.74954,1.9999999,0.31686714,13.453635395439544,-9.717408962322795,0.5786466252500003,15.024336538742011,4.956281730867692,1.3139448299421252,14.757516750490131,0.7352982046921249
110.799545,1.9999999,0.3095427,13.566528698117223,-9.69205330707444,0.5834121622500004,15.049742737918072,5.053010858555405,1.3294235126556249,14.819475062781532,0.7460113504056245
110.84955,1.9999999,0.25094715,13.679077774350333,-9.66520916117116,0.5879626700500004,15.073648713933938,5.150121637619978,1.3419721248913745,14.880821710615994,0.7540094548413742
110.89954,1.9999999,0.2216276,13.791382877263487,-9.637297900327063,0.5924279217500004,15.096327429260938,5.247495531819194,1.3530512886153763,14.941885951962428,0.7606233668653759
110.94955,1.9999999,0.2216276,13.903822756776156,-9.608619760144984,0.5969567647500004,15.117934594612189,5.345153761401159,1.3641348848913764,15.002980040260939,0.767178120141376
110.99954,1.9999999,0.2216276,14.016016142104757,-9.578760224766578,0.6017726333500004,15.138449842829797,5.44300632391726,1.375214048615375,15.063642575940257,0.7734414152653746
111.049545,1.9999999,0.2436227,14.12729005682929,-9.54758726870711,0.6063931537500005,15.15788555970877,5.541109596080831,1.3873964017288747,15.123852028105038,0.7810032479788742
111.09955,1.9999999,0.28756937,14.237850060901813,-9.515540417142153,0.6113340017500005,15.176124735239007,5.63944235550401,1.4017763080757244,15.184000204284265,0.7904423063257239
111.14954,1.9999999,0.28756937,14.348298777974144,-9.482612334732629,0.6170953382500005,15.192943011405939,5.737997644490325,1.4161519008820267,15.24402807727311,0.7990565626320262
111.19955,1.9999999,0.28756937,14.458655122972003,-9.448224905751161,0.6236676858500005,15.208348969035312,5.8368240370639795,1.4305332450757269,15.303423213355876,0.8068655592257263
111.24954,1.9999999,0.2729205,14.568945365574995,-9.412292132262186,0.6303748648500005,15.222326534017965,5.9358221535993625,1.4441765408707252,15.362015462924886,0.8138016760207247
111.299545,1.9999999,0.28024492,14.678709160558727,-9.375200589078805,0.6365020495500004,15.234955967897953,6.035031510515283,1.458190188095325,15.420267957270882,0.8216881385453245
111.34955,1.9999999,0.28024492,14.788279444137743,-9.336677177357586,0.6436100748500004,15.24619392227446,6.134408104747683,1.4722038353199247,15.477860494120675,0.8285937604699243
111.39954,1.9999999,0.30221826,14.897065689004164,-9.296811740712808,0.6500695128500005,15.256035237263086,6.233902566501581,1.4873117261373272,15.534862279044862,0.8372422132873267
111.44955,1.9999999,0.30221826,15.004644579769534,-9.255533606524047,0.6561651443500005,15.264375670363396,6.333574210289067,1.5024256613199274,15.591271364569497,0.8462605169699269
111.49954,1.9999999,0.30221826,15.111908372056831,-9.212483353447386,0.6632595927500005,15.271206044766837,6.433320615667438,1.5175335521373257,15.646614892317762,0.8542739593873252
111.549545,1.9999999,0.28756937,15.218491165449029,-9.168122075466954,0.6702612744500005,15.276530336326202,6.53318878386527,1.5319134584841754,15.701418128523937,0.8616521840341749
111.69955,1.9999999,0.26559603,15.324106682238828,-9.121638305379301,0.6759810344500005,15.288192645882617,6.832972008271205,1.5717541909643273,15.954650735081932,0.8957731565143269
111.74954,1.9999999,0.2729205,15.429356843292567,-9.073763643838374,0.6817628638500005,15.28809687864239,6.9329519574061855,1.5853974867593257,16.007338901789357,0.9036346229093252
111.799545,1.9999999,0.2729205,15.53446066497827,-9.024630550594654,0.6877358802500005,15.28663666859329,7.032951291836031,1.5990448763618252,16.05949411904198,0.9113089961118247
111.84955,1.9999999,0.28024492,15.638873132293918,-8.974451262173735,0.6932027972500006,15.283811907011472,7.132921386473404,1.613058523586425,16.111285551317284,0.9198557263364244
111.89954,1.9999999,0.2729205,15.742623289811336,-8.923005736132321,0.6994543702500006,15.279587790493949,7.23281210796469,1.6267018193814273,16.162451920586538,0.9272474491314268
111.94955,1.9999999,0.2729205,15.846037939764527,-8.869944164765377,0.7062696332500006,15.273999035671734,7.3326758412172435,1.6403505735864274,16.212714873396866,0.9340809403364269
111.99954,1.9999999,0.2729205,15.948850604982507,-8.815246360020598,0.7131927282500006,15.267050608098273,7.43241409242837,1.6539938693814258,16.26195933501943,0.9408011411314252
112.049545,1.9999999,0.26559603,16.050192026346203,-8.759711867613031,0.7204098085500006,15.258739617906928,7.532078160887564,1.6672749988615754,16.31100301169661,0.9468651903115748
112.09955,1.9999999,0.2729205,16.150437087860322,-8.702970649476603,0.7262879501500006,15.249105748200664,7.631623063591229,1.680922388464075,16.35944222627556,0.9546344383140744
112.14954,1.9999999,0.31686714,16.250392401081434,-8.644613653355737,0.7313898841500006,15.238117586849128,7.730997404899818,1.6967625767926775,16.406868617466,0.9653726926426769
112.19955,1.9999999,0.31686714,16.349862176499744,-8.585285058994245,0.7370713234500006,15.225551736206778,7.830224915184186,1.7126091024640777,16.453967353757065,0.9755377790140771
112.24954,1.9999999,0.31686714,16.44875650092338,-8.524915805740108,0.7430816254500006,15.211420771287191,7.929201251905844,1.7284492907926758,16.500574773460162,0.9853676653426753
112.299545,1.9999999,0.31686714,16.546814284869896,-8.46349366473282,0.7492203904500006,15.195719130869465,8.027970971901356,1.7442942321283754,16.546717619410778,0.9950738416783749
112.34955,1.9999999,0.31686714,16.644199718769375,-8.401010799132376,0.7561648644500005,15.178454526519932,8.126479512325288,1.760139173464075,16.592358029042444,1.0039743090140745
112.39954,1.9999999,0.31686714,16.740783125370616,-8.337199650783834,0.7633310894500005,15.15963693904239,8.22467267808507,1.7759793617926776,16.637176392053245,1.012648272342677
112.44955,1.9999999,0.31686714,16.83647119543969,-8.271881686737975,0.7697750004500005,15.13925822924225,8.322594624483628,1.7918258874640778,16.681042410362842,1.0220508870140774
112.59955,1.9999999,0.28756937,16.93051813992105,-8.204114978285274,0.7756396914500004,15.073487956668812,8.61529628530161,1.8349612929640753,16.921618018238778,1.0593216015140747
112.64954,1.9999999,0.28024492,17.0239846131768,-8.135127172326953,0.7817114457500004,15.04738285083562,8.711808061007174,1.8489707365148775,16.962493368695686,1.067259290764877
112.69955,1.9999999,0.28756937,17.11682944957232,-8.065003480465204,0.7871084477500004,15.019917290639407,8.807983122237767,1.8633520807085777,17.002785580523994,1.0762436329585774
112.74954,1.9999999,0.2948938,17.208540624985424,-7.994217453194156,0.7922168954500004,14.991083027680427,8.903714959575248,1.878093821770576,17.042806048957093,1.0858769263205756
112.799545,1.9999999,0.31686714,17.299622164050735,-7.922322844128924,0.7976863671500004,14.960831620422951,8.999039937722332,1.8939387631062756,17.082226424034534,1.096252395956275
112.84955,1.9999999,0.31686714,17.38995843059547,-7.849555301494425,0.8031671027500004,14.929073655092077,9.093873638155472,1.9097837044419752,17.121207262084937,1.1066166016919747
112.89954,1.9999999,0.31686714,17.479208425233765,-7.775979583842216,0.8083475449500004,14.895827080712055,9.188163959463637,1.9256238927705778,17.15972101548007,1.1172763478205774
112.94955,1.9999999,0.31686714,17.567599888819494,-7.701312303875946,0.8147139189500003,14.861077266084827,9.281953350030873,1.941470418441978,17.197574741182127,1.1267564994919776
112.99954,1.9999999,0.38280892,17.654760853727275,-7.625531972549071,0.8232179054500003,14.824860130388721,9.37514304088972,1.9606070363527757,17.234595702148457,1.1373891309027755
113.049545,1.9999999,0.38280892,17.74060433106114,-7.5481401146366585,0.8321975404500003,14.78685499896885,9.467650387006435,1.9797493963973751,17.270256556074752,1.1475518559473747
113.09955,1.9999999,0.38280892,17.825037394481548,-7.469139371588237,0.8405903134500002,14.747086129663643,9.559413321429789,1.9988917564419746,17.304490481013463,1.1583014429919745
113.14954,1.9999999,0.37548447,17.90798007638522,-7.388693498499707,0.8500704344500002,14.70558054869795,9.650370927758802,2.0176622250972778,17.337389632153965,1.1675917906472777
113.19955,1.9999999,0.35351115,17.989162524507137,-7.307274630903326,0.8604508854500001,14.662357777063283,9.740569549765002,2.035341317708778,17.369416254899356,1.1748904322587777
113.24954,1.9999999,0.33886227,18.06884358749284,-7.224304838507087,0.8704851224500001,14.61756513381341,9.829954215737903,2.052281042586076,17.39997341532823,1.1817959201360757
113.299545,1.9999999,0.3242134,18.147020995323217,-7.138896066739575,0.8811621144500001,14.571250945027339,9.918593907845263,2.0684933336530755,17.42825566962039,1.1873312192030754
113.34955,1.9999999,0.3242134,18.223485895765133,-7.051222014513151,0.8917741644500001,14.523505853143899,10.006471125034029,2.0847056247200753,17.45436184908375,1.1929314602700751
113.39954,1.9999999,0.3242134,18.29746580597242,-6.962408623262517,0.9003126324500001,14.474357154689942,10.093536645423477,2.100913052586078,17.479171283785828,1.2006004201360778
113.44955,1.9999999,0.2948938,18.369054033729423,-6.873493253683125,0.9074615924500001,14.423783639577762,10.179828701655776,2.115660691524078,17.503740977157236,1.2081990990740779
113.49954,1.9999999,0.28024492,18.43974372350798,-6.783845802089967,0.9145794784500001,14.37196379817931,10.265331353297915,2.1296701350748766,17.527728751800872,1.2150906566248765
113.549545,1.9999999,0.26559603,18.509963015157055,-6.692596385515002,0.9225930344500001,14.318935329556034,10.350125106695614,2.1429512645550264,17.550472042726714,1.2203582301050262
113.59955,1.9999999,0.2436227,18.578973674616215,-6.599946797919121,0.9302405474500001,14.264785413955947,10.434207124632287,2.1551336176685263,17.571983957584084,1.2248930702185263
113.64954,1.9999999,0.2582716,18.64631613626917,-6.506319770065134,0.93646407465,14.20963177439825,10.517598223941164,2.1680446149525285,17.592553879227466,1.2315805403025286
113.69955,1.9999999,0.2582716,18.712610946332806,-6.4115525860591465,0.9429036859500001,14.153383604549232,10.600303379694818,2.1809607776685285,17.61220591957821,1.2380570917185283
113.84955,1.9999999,0.22895204,18.776582501808573,-6.314878104542459,0.9486895884500001,13.981482939888433,10.846169506863987,2.2153035836685264,17.81837632697451,1.2666139952185262
113.89954,1.9999999,0.20697871,18.839375018981126,-6.217389923800597,0.9550485494500001,13.921414497521308,10.926093105581703,2.225650449381428,17.83494732454672,1.270601899931428
113.94955,1.9999999,0.19965427,18.901257174330578,-6.118426941114983,0.96212756745,13.860497964789374,11.005422642574676,2.235635159424128,17.850363524965058,1.2735075919741279
113.99954,1.9999999,0.19965427,18.962113244163454,-6.018464696433476,0.9681724584500001,13.798817076578882,11.084108520786476,2.245615876381427,17.8649835702293,1.2774434179314267
114.049545,1.9999999,0.19965427,19.02140449759806,-5.918903296104777,0.9728930754500001,13.736335189372474,11.162198295219017,2.255599588152777,17.880044439706303,1.2827065127027768
114.09955,1.9999999,0.15570761,19.079795520076264,-5.818654920739694,0.9785343514500001,13.673076803216837,11.23966038711424,2.2633857471908265,17.894656420993446,1.2848513957408265
114.14954,1.9999999,0.14103693,19.13738879398122,-5.717304242416883,0.9833139626500002,13.60923636443829,11.316604508247474,2.270436183321528,17.90850403049404,1.2871222206715278
114.19955,1.9999999,0.12638804,19.19429404290266,-5.615097679336457,0.9865365743500002,13.544829269560479,11.393127220751676,2.276756849201928,17.921946503580806,1.290220274851928
114.24954,1.9999999,0.11173916,19.250970950208877,-5.51208419966122,0.9879105849500002,13.479965740560672,11.469210872123629,2.2823426898103274,17.935129869750348,1.2944321048603271
114.299545,1.9999999,0.060468063,19.307593224211647,-5.408687018542463,0.9890351578500002,13.414658644372425,11.544953741670923,2.2853663953006422,17.948610335862593,1.2963312374506422
114.34955,1.9999999,0.08976583,19.36442246613604,-5.303878395419359,0.9927848138500002,13.349122822947127,11.620498795843325,2.289855135629792,17.961580473596452,1.2970703217797919
114.39954,1.9999999,0.067792505,19.420930856846255,-5.198010061766387,0.9967042498500002,13.283268321064494,11.695726343870584,2.2932440829547427,17.97412671442713,1.2965398331047426
114.44955,1.9999999,0.067792505,19.47660041887537,-5.092337710826746,0.9987493758500001,13.217132806724198,11.770760290471737,2.2966343861297926,17.987356920597488,1.2978850102797925
114.49954,1.9999999,0.060468063,19.531966246049404,-4.986389322160868,0.9993997304500001,13.150769835627962,11.845539669097649,2.2996571845991625,18.000930564699825,1.3002574541491625
114.549545,1.9999999,0.067792505,19.58735126476759,-4.880255318255039,0.9996064722900001,13.084161144464726,11.920140482506888,2.3030471488116873,18.015126444270763,1.3034406765216873
114.59955,1.9999999,0.097090274,19.642728000878463,-4.773767552263745,1.0008281592900001,13.0172999424266,11.994515066618776,2.3079021479630573,18.029742065388483,1.3070739886730571
114.64954,1.9999999,0.1190636,19.69800617652071,-4.665973123541094,1.00381485399,12.950098605689867,12.068541951878116,2.3138541373270582,18.043787057985057,1.3100392833370582
114.69955,1.9999999,0.1703565,19.753027228027086,-4.556889782953004,1.00695807579,12.8824307929479,12.142197002745782,2.322373665892058,18.05725878559707,1.315415590102058
114.74954,1.9999999,0.1703565,19.807755148339226,-4.447096951242588,1.00904454659,12.814165248897185,12.215243665201074,2.3308897873270573,18.070525573429396,1.3218452407370573
114.799545,1.9999999,0.2216276,19.861742155041096,-4.3372971211542115,1.01276276559,12.745259443884528,12.287728071354103,2.341972275465057,18.084130856353767,1.3292095098750571
114.84955,1.9999999,0.19965427,19.91451862416828,-4.227556947492654,1.01873981599,12.67555457925965,12.359444394094654,2.351955987236407,18.097823458894137,1.333216171246407
114.89954,1.9999999,0.19965427,19.96584024970372,-4.117886149987677,1.02521147229,12.605158328403377,12.430439938080061,2.3619367041937087,18.111508348660006,1.3367252319037086
114.94955,1.9999999,0.21430315,20.015406888231983,-4.008244517596153,1.0311129322900001,12.534028562886602,12.50075747399486,2.372654004725209,18.125070162769127,1.3415410724352088
114.99954,1.9999999,0.21430315,20.063164689657416,-3.8988535136567823,1.03648533499,12.462178028556606,12.570280852198826,2.3833670191937077,18.1385607197164,1.3468816842037077
115.049545,1.9999999,0.21430315,20.10922797915035,-3.7899768375670466,1.04203743299,12.38956504485572,12.639051148823564,2.3940832482094576,18.152304437638996,1.3520458152194577
115.09955,1.9999999,0.23629826,20.153727083967535,-3.6811393163714725,1.04774466199,12.316219286320917,12.707039374309701,2.4058993427007573,18.16587265384925,1.3581546807107574
115.14954,1.9999999,0.2729205,20.196725045571792,-3.572029639510025,1.0532301817899998,12.242097552362894,12.774136080305297,2.4195426384957597,18.17892274848486,1.3663124567057598
115.19955,1.9999999,0.19232982,20.23849900809522,-3.4623437519009697,1.0584406937899997,12.167037306887583,12.840241745333236,2.4291610527939596,18.191283294168464,1.3707203590039598
115.24954,1.9999999,0.18500538,20.27937936622251,-3.3522746175628466,1.0637607987899997,12.091374982557358,12.905596256098336,2.4384094717401585,18.20334532803134,1.3746486729501588
115.299545,1.9999999,0.18500538,20.31911051815035,-3.242309301434648,1.0687731457899998,12.015088593118762,12.970267624463496,2.4476606657670583,18.215499738123306,1.3788875199770585
115.34955,1.9999999,0.19232982,20.357635101743394,-3.1322427157988484,1.0731389617899998,11.938207189283862,13.034230495288487,2.4572781184161583,18.227496329938106,1.3841391566261585
115.39954,1.9999999,0.19232982,20.39520897939507,-3.0215992910950304,1.0771672897899998,11.86073743618625,13.097432051878481,2.46689268611796,18.238979575557497,1.38972539632796
115.44955,1.9999999,0.19232982,20.432022630245523,-2.910285471651032,1.0814334907899998,11.782632381652194,13.159910847128007,2.4765111004161597,18.250018120444725,1.39507760962616
115.49954,1.9999999,0.1703565,20.46819676956564,-2.7982665864491376,1.08401070829,11.703961476976833,13.221610832200598,2.485027221851159,18.26056660600713,1.401016513561159
115.549545,1.9999999,0.1190636,20.504019540433188,-2.6858729039551106,1.08466077769,11.62474422404754,13.282656929030255,2.4909809971691588,18.271165128998177,1.4063202194791589
115.59955,1.9999999,0.097090274,20.53973353815042,-2.5735749244134203,1.0852383690499998,11.545164922541218,13.343230304960324,2.4958359963205288,18.282421975513017,1.410597627270529
115.64954,1.9999999,0.07511695,20.575222299534918,-2.461690794522608,1.0862435359499998,11.46531643572005,13.403398556993874,2.499591092651029,18.29457419507681,1.4133475567010294
115.69955,1.9999999,0.067792505,20.610417025281194,-2.350010571159421,1.0875199150499997,11.385210538856947,13.463290498750327,2.502981395826079,18.307510083153655,1.4154614807760795
115.74954,1.9999999,0.060468063,20.645317243638875,-2.2383234734431214,1.0891505102499996,11.304934167888707,13.522886670309974,2.506004194295449,18.32098526819193,1.4168536840454493
115.799545,1.9999999,0.04579738,20.679919670340723,-2.126507509004519,1.0908215170499997,11.224453875059737,13.582257720207739,2.508294292282349,18.33497036900351,1.417472775232349
115.84955,1.9999999,0.0,20.714457955363393,-2.014216680497596,1.0905632076899998,11.143837827869081,13.641444306822898,2.508294292282349,18.349291282627462,1.417731084592349
115.89954,1.9999999,-0.023802256,20.749395708646052,-1.9012738578778998,1.0882351119899998,11.063245963074328,13.700613139237502,2.5071044175049084,18.364105607526817,1.4188693055149086
115.94955,1.9999999,-0.1190418,20.785032790576214,-1.7882608560087287,1.0850357425899997,10.982692343810626,13.759901534587001,2.501151137086908,18.38018585212435,1.4161153944969085
115.99954,1.9999999,-0.2216058,20.82133533380093,-1.6756744536344956,1.0810906899899997,10.90252518365205,13.819644532775131,2.4900730631449095,18.398035364823144,1.4089823731549098
116.049545,1.9999999,-0.24360092,20.85844031843361,-1.5636138003873716,1.0762633372899997,10.82300091156751,13.880290136484083,2.47789179914031,18.41804041965905,1.4016284618503103
116.09955,1.9999999,-0.39011157,20.89663877795593,-1.4523384604334073,1.0706631297899998,10.744221261282906,13.941899923051114,2.4583842700824605,18.440557389634332,1.3877211402924607
116.14954,1.9999999,-0.40476045,20.93596389252279,-1.341463216856546,1.0656202917899997,10.666681645087301,14.005015747696298,2.4381502951869574,18.46544271028877,1.3725300033969576
116.19955,1.9999999,-0.40476045,20.976107370946288,-1.2307698934609619,1.0629187293899998,10.590404393313094,14.069713353999578,2.4179082250824573,18.492366369543937,1.3549894956924575
116.24954,1.9999999,-0.397436,21.016708642063147,-1.1200585317210487,1.0622337090399998,10.515482266875313,14.13591512414539,2.3980403994424595,18.52081228163148,1.3358066904024597
116.299545,1.9999999,-0.19230802,21.05736788309021,-1.0094250100913924,1.0628673596699998,10.441868043613898,14.203612577815509,2.38842403690236,18.550615879075007,1.3255566772323601
116.34955,1.9999999,0.0,21.09769650043359,-0.8990630147508848,1.0639223826699997,10.36890821726692,14.272014791516662,2.38842403690236,18.581401987709057,1.3245016542323602
116.39954,1.9999999,0.0,21.13755442357193,-0.7891176481111318,1.0646482633999996,10.295970276679256,14.34039648660558,2.38842403690236,18.612956368259916,1.3237757735023603
116.44955,1.9999999,0.0,21.177048328721327,-0.6795832619607156,1.0651290969999996,10.223003155079166,14.408805539844153,2.38842403690236,18.645390376729143,1.3232949399023604
116.49954,1.9999999,0.0,21.21625570829074,-0.5703964447534742,1.0657884421999997,10.150065214491523,14.477187234933051,2.38842403690236,18.67860665687407,1.3226355947023603
116.549545,1.9999999,0.0,21.25526196274639,-0.46129756940738587,1.0667710530999996,10.077105388144545,14.545589448634205,2.38842403690236,18.71250497337488,1.3216529838023603
116.59955,1.9999999,0.0,21.29383678435418,-0.3527722533978482,1.0672284803599996,10.004145561797568,14.613991662335359,2.38842403690236,18.747297138786845,1.3211955565423603
116.64954,1.9999999,0.0,21.332254882501815,-0.24419587337829343,1.0675966910199997,9.931207621209904,14.682373357424277,2.38842403690236,18.782607584043113,1.3208273458823603
116.69955,1.9999999,0.0,21.370661982050315,-0.13526378119627985,1.0682969954799997,9.858240499609813,14.750782410662849,2.38842403690236,18.818347951282046,1.3201270414223603
116.74954,1.9999999,0.0,21.408728733859622,-0.026804929558669484,1.0688670157099998,9.78530255902217,14.819164105751748,2.38842403690236,18.854888825959492,1.3195570211923602
116.799545,1.9999999,0.0,21.446613622291355,0.08150582770194345,1.0694628565099997,9.712342732675193,14.887566319452901,2.38842403690236,18.89212906467352,1.3189611803923602
116.84955,1.9999999,0.0,21.484495401299753,0.19027169934585586,1.0706662268099998,9.639382906328215,14.955968533154055,2.38842403690236,18.929672289991295,1.3177578100923601
116.89954,1.9999999,0.0,21.522147141634516,0.2991866319935083,1.0724432343099999,9.566444965740551,15.024350228242973,2.38842403690236,18.96758438639423,1.31598080259236
116.94955,1.9999999,0.0,21.559456078073907,0.4082272950316474,1.0741537696099999,9.493477844140461,15.092759281481545,2.38842403690236,19.005875681031533,1.31427026729236
116.99954,1.9999999,0.0,21.596433017724234,0.5173333812319058,1.0749048843499998,9.420539903552818,15.161140976570444,2.38842403690236,19.04451296350268,1.3135191525523602
117.19955,1.9999999,0.0,21.632990753943297,0.6260616770097702,1.0762394080499997,9.128715188671109,15.43473615230024,2.38842403690236,19.38178905899511,1.3121846288523602
117.24954,1.9999999,0.0,21.669361823559417,0.7348880435014135,1.0771992335499998,9.055777248083466,15.50311784738914,2.38842403690236,19.421717930788784,1.3112248033523601
117.299545,1.9999999,0.0,21.705654591383077,0.8439570984538773,1.07800887285,8.982817421736488,15.571520061090293,2.38842403690236,19.462057868163907,1.31041516405236
117.34955,1.9999999,0.0,21.741802251195658,0.953230401951409,1.07873228051,8.90985759538951,15.639922274791447,2.38842403690236,19.502761902290086,1.30969175639236
117.39954,1.9999999,0.0,21.777710153372656,1.062455676849016,1.07897112443,8.836919654801846,15.708303969880365,2.38842403690236,19.543923120765434,1.30945291247236
117.44955,1.9999999,0.0,21.813506630590904,1.1717011178444379,1.079697293,8.763952533201756,15.776713023118937,2.38842403690236,19.58563848573479,1.30872674390236
117.49954,1.9999999,0.0,21.849197497097027,1.2811880843856418,1.0811988941,8.691014592614113,15.845094718207836,2.38842403690236,19.62766297312333,1.30722514280236
117.549545,1.9999999,0.0,21.88463818045774,1.390784524827267,1.0826177799999999,8.618054766267136,15.91349693190899,2.38842403690236,19.67006383173381,1.30580625690236
117.59955,1.9999999,0.0,21.91976657848918,1.5002225857188534,1.08346761115,8.545094939920158,15.981899145610143,2.38842403690236,19.71296013856994,1.30495642575236
117.64954,1.9999999,0.0,21.954790960863264,1.609848656987967,1.0838916613499998,8.472156999332494,16.05028084069906,2.38842403690236,19.756201562875948,1.3045323755523601
117.69955,1.9999999,0.0,21.989720549048123,1.719569840120717,1.0844647469499997,8.399189877732404,16.11868989393763,2.38842403690236,19.799928844624816,1.3039592899523602
117.74954,1.9999999,0.0,22.024470965360504,1.8293270792420886,1.0853252635499997,8.326251937144761,16.18707158902653,2.38842403690236,19.84404273209512,1.3030987733523602
117.799545,1.9999999,0.0,22.059011844062283,1.939215332258168,1.0862385865099997,8.253292110797783,16.255473802727685,2.38842403690236,19.888518143560596,1.3021854503923602
117.84955,1.9999999,0.0,22.09322438014472,2.0488053696406165,1.0869262131699997,8.180332284450806,16.32387601642884,2.38842403690236,19.933544803602217,1.3014978237323602
117.89954,1.9999999,0.0,22.127179308490035,2.1580654556144125,1.0877526746699997,8.107394343863142,16.392257711517757,2.38842403690236,19.979154127049448,1.3006713622323602
117.94955,1.9999999,0.0,22.161135306102185,2.267818278643988,1.0886869011699998,8.034427222263052,16.46066676475633,2.38842403690236,20.025005104512392,1.2997371357323602
