timestamp,cmd_v,cmd_omega,odom_vx,odom_vy,odom_omega_z,imu_acc_x,imu_acc_y,imu_gyro_z,vn_body_vx,vn_body_vy,rear_yaw,rear_yaw_rate,delta_x_body,pred_delta_x_body,err_delta_x_body,delta_y_body,pred_delta_y_body,err_delta_y_body,delta_theta,pred_delta_theta,err_delta_theta,v_next,pred_v_next,err_v_next,omega_next,pred_omega_next,err_omega_next
102.09955,1.9999999,0.0,1.257785,-1.854535,0.027483273,0.3401807,0.25944656,0.017053913,2.249575,0.05171014,0.010631691,-0.3086605,0.06288721,0.063048325,0.0001611188,-0.09267666,-0.09270993,-3.3266842e-05,0.0010861069,0.0013967146,0.00031060772,1.2577034,1.264148,0.0064445734,0.015961,0.028385308,0.012424307
102.19955,1.9999999,0.0,1.263121,-1.8576915,0.010522564,-0.16600288,0.4537148,0.002783682,2.2287753,0.0527466,-0.053831574,0.21374,0.06309333,0.06328887,0.00019554049,-0.09276262,-0.09280782,-4.5202672e-05,0.0003261932,0.00038248935,5.629615e-05,1.2606121,1.2684339,0.007821798,0.002525164,0.0047770105,0.0022518465
102.24954,1.9999999,0.0,1.2606121,-1.8528132,0.002525164,-0.45493907,0.47889185,0.02206831,2.2387078,0.048465233,-0.018586872,0.36901686,0.06300419,0.063182205,0.00017801672,-0.09256613,-0.09244133,0.00012480468,0.00031785452,8.94459e-05,-0.00022840861,1.2595556,1.2666762,0.0071206093,0.010189017,0.0010526702,-0.009136347
102.299545,1.9999999,0.0,1.2595556,-1.849832,0.010189017,-0.35285795,-0.4120646,0.0130027495,2.2411308,0.05561478,-0.016929891,0.16436528,0.06319447,0.0631297,-6.47679e-05,-0.092719354,-0.09229581,0.00042354316,0.00068242865,0.00051984977,-0.00016257889,1.2682232,1.2656324,-0.0025907755,0.01710813,0.010604974,-0.0065031555
102.34955,1.9999999,0.0,1.2682232,-1.8589422,0.01710813,-1.48836,0.06638596,0.025458962,2.2351353,0.056260973,-0.0021503433,0.14510411,0.06330394,0.063571475,0.00026753545,-0.09270567,-0.09273877,-3.310293e-05,0.0008434974,0.0009007167,5.7219295e-05,1.2639346,1.2746361,0.010701537,0.016631767,0.018920537,0.00228877
102.39954,1.9999999,0.0,1.2639346,-1.8492845,0.016631767,-0.46583378,-0.2543026,0.014354728,2.235726,0.04874619,-0.0024194806,-0.05794474,0.063137054,0.06334414,0.00020708889,-0.09233524,-0.09232142,1.3820827e-05,0.0004672366,0.000846473,0.0003792364,1.2615477,1.269831,0.0082832575,0.002057697,0.01722715,0.015169454
102.44955,1.9999999,0.0,1.2615477,-1.8441249,0.002057697,0.48260376,0.13631767,0.015171638,2.2354016,0.047272842,-0.007944818,-0.12509513,0.06325064,0.06320027,-5.0365925e-05,-0.0923945,-0.09215542,0.00023908168,0.00044289787,0.00021443256,-0.00022846532,1.2684779,1.2664634,-0.0020145178,0.015658218,0.0065196045,-0.009138614
102.49954,1.9999999,0.0,1.2684779,-1.8516551,0.015658218,1.0770696,0.3937733,0.0037792907,2.2408938,0.047052983,-0.014928994,-0.22510688,0.06318285,0.063546084,0.0003632307,-0.09219491,-0.09253734,-0.00034243613,0.00044634443,0.0008587677,0.00041242328,1.2588363,1.2733655,0.014529228,0.0021955592,0.01869249,0.01649693
102.549545,1.9999999,0.0,1.2588363,-1.8361412,0.0021955592,0.71606016,0.52953035,0.008602118,2.233561,0.055443145,-0.030455505,-0.15367688,0.06300476,0.063057646,5.288422e-05,-0.09179451,-0.09174897,4.55454e-05,3.263239e-05,0.0002078576,0.00017522521,1.2613542,1.2634695,0.0021152496,-0.0008902636,0.0061187446,0.007009008
102.59955,1.9999999,0.0,1.2613542,-1.8356394,-0.0008902636,0.6725121,0.032629423,7.76296e-05,2.2362137,0.046941135,-0.030296683,0.18042909,0.06307935,0.06316024,8.089095e-05,-0.09181554,-0.091706105,0.00010943413,-0.00039573768,-0.00012692009,0.0002688176,1.2618197,1.2650554,0.0032356977,-0.014939243,-0.004186541,0.010752702
102.64954,1.9999999,0.0,1.2618197,-1.8369823,-0.014939243,0.17577724,-0.1384279,0.008220432,2.2326877,0.047800366,-0.012412597,-0.09766756,0.06327086,0.06313002,-0.00014083833,-0.09196533,-0.09182116,0.00014417619,0.00030408654,-0.0005766444,-0.0008807309,1.2690146,1.2633812,-0.005633354,0.027102705,-0.008126531,-0.035229236
102.69955,1.9999999,0.0,1.2690146,-1.8416312,0.027102705,-0.603088,-0.035947673,0.02959915,2.2415583,0.05395453,-0.04006344,-0.19522774,0.06343976,0.063496746,5.698949e-05,-0.09196996,-0.092064284,-9.432435e-05,0.0011131176,0.0014275879,0.00031447038,1.2685758,1.2708553,0.00227952,0.017422,0.03000081,0.01257881
102.74954,1.9999999,0.0,1.2685758,-1.8371673,0.017422,-1.0664824,0.031926923,0.020058427,2.2357426,0.051758062,-0.03193537,0.23213808,0.063659124,0.06350241,-0.00015671551,-0.09213163,-0.09187134,0.00026028603,0.0003265321,0.00070028304,0.00037375093,1.2777891,1.2715205,-0.0062686205,-0.0043607145,0.01058932,0.014950035
102.799545,1.9999999,0.0,1.2777891,-1.8480979,-0.0043607145,0.09813342,0.40666765,0.009779171,2.2375011,0.04817844,-0.016849631,0.26789448,0.06369828,0.063999295,0.00030101836,-0.092106126,-0.092318445,-0.0002123192,0.00080515107,-0.00021532048,-0.0010204716,1.2701421,1.2821826,0.012040496,0.036566757,-0.004252106,-0.040818863
102.84955,1.9999999,0.0,1.2701421,-1.8361472,0.036566757,0.9540887,0.09283811,-0.0069263354,2.2408156,0.052641366,-0.0051459232,0.40533233,0.06349628,0.06374121,0.0002449304,-0.09181899,-0.09162909,0.0001899004,0.00042381082,0.0016741259,0.0012503151,1.269709,1.2795061,0.009797096,-0.019614324,0.03039828,0.050012603
102.89954,1.9999999,0.0,1.269709,-1.8366123,-0.019614324,-1.1085182,-0.1948227,-0.0006062527,2.2355409,0.050984923,0.023683602,-0.16053352,0.063333616,0.06362447,0.00029085577,-0.091596656,-0.09175423,-0.00015757233,-0.0001272247,-0.00068746845,-0.00056024373,1.2636355,1.27527,0.011634469,0.014525335,-0.007884409,-0.022409745
102.94955,1.9999999,0.0,1.2636355,-1.8272539,0.014525335,-1.2417778,0.4712853,0.022551201,2.2390788,0.04909082,-0.021199275,-0.41647404,0.063541465,0.063378334,-0.00016313046,-0.09173044,-0.09127843,0.00045201182,0.0011466821,0.0012339031,8.722104e-05,1.2780231,1.271498,-0.006525159,0.031341948,0.03483079,0.0034888424
102.99954,1.9999999,0.0,1.2780231,-1.8419638,0.031341948,0.5735779,0.6121726,0.025857644,2.2370038,0.056055292,-0.017963802,0.14318407,0.06376176,0.06411073,0.0003489703,-0.09185782,-0.09204983,-0.00019200891,0.0014317863,0.0015696874,0.00013790105,1.2724472,1.2864062,0.013958931,0.025929509,0.031445548,0.005516039
103.049545,1.9999999,0.0,1.2724472,-1.832349,0.025929509,0.96329546,0.3438148,0.013514394,2.2493114,0.0612337,-0.006880867,0.18659283,0.06380125,0.06384473,4.348159e-05,-0.091792345,-0.0915527,0.00023964792,0.0010830691,0.001057197,-2.5872141e-05,1.2796028,1.281342,0.0017392635,0.017393256,0.016358372,-0.0010348838
103.09955,1.9999999,0.0,1.2796028,-1.8393449,0.017393256,0.36340812,0.5725916,0.004884372,2.2445033,0.059523243,0.0006954809,0.03369526,0.06388101,0.06421118,0.00033017248,-0.09178414,-0.09190505,-0.00012090802,0.00043613673,0.0008019999,0.00036586315,1.2756377,1.2888445,0.01320672,5.221398e-05,0.014686737,0.014634524
103.14954,1.9999999,0.0,1.2756377,-1.8320206,5.221398e-05,-0.29040724,0.7330415,0.0035502338,2.241075,0.05871252,-0.0035113413,-0.04173822,0.06395616,0.064024344,6.818771e-05,-0.09185426,-0.09154954,0.0003047213,0.00035497086,0.00028156527,-7.3405594e-05,1.2826086,1.2853361,0.0027275085,0.01414662,0.011210401,-0.0029362198
103.19955,1.9999999,0.0,1.2826086,-1.8421499,0.01414662,-0.561001,0.44457373,0.012463786,2.248393,0.054104533,-0.0034783408,0.025331393,0.06419254,0.064413905,0.0002213642,-0.09215447,-0.092034094,0.00012037903,0.00089039403,0.0009699633,7.956929e-05,1.2850932,1.2939478,0.008854628,0.021469142,0.024651911,0.0031827688
103.24954,1.9999999,0.0,1.2850932,-1.8440292,0.021469142,-0.07681397,-0.18441793,0.0021363746,2.2424672,0.048435863,-0.000978202,-0.02297096,0.06412303,0.064527705,0.00040467829,-0.0919693,-0.09209862,-0.00012932718,0.0009944749,0.001083985,8.951011e-05,1.279828,1.2960149,0.016186953,0.018309856,0.021890257,0.0035804007
103.299545,1.9999999,0.0,1.279828,-1.8347428,0.018309856,-1.7024004,0.038769618,0.018123958,2.2426283,0.046187755,-0.0057754368,-0.028487248,0.0641658,0.06422474,5.8941543e-05,-0.09187169,-0.09158652,0.00028516352,0.0008204761,0.00094678515,0.00012630905,1.286804,1.289162,0.002358079,0.014509188,0.019561548,0.00505236
103.34955,1.9999999,0.0,1.286804,-1.8401248,0.014509188,-0.32162347,0.56940603,0.016828923,2.238727,0.055884913,-0.0038269267,-0.2929219,0.06445285,0.064590335,0.00013748556,-0.09212957,-0.09187928,0.0002502948,0.001036826,0.0009922832,-4.454283e-05,1.29131,1.2968096,0.0054996014,0.026963852,0.02518214,-0.0017817132
103.44955,1.9999999,0.0,1.281126,-1.828204,0.019212501,0.55416036,0.19544533,-0.0009425451,2.241021,0.053233907,-0.0064117885,0.17732504,0.064167865,0.064286396,0.00011853129,-0.09152141,-0.09130892,0.00021249056,0.0002770029,0.00082925597,0.0005522531,1.2855885,1.2903297,0.004741192,-0.008132385,0.013957735,0.02209012
103.49954,1.9999999,0.0,1.2855885,-1.8326526,-0.008132385,0.12787537,0.8907541,0.013818582,2.2450187,0.06008652,-0.017335122,-0.06564103,0.0642731,0.06447404,0.00020094216,-0.09158549,-0.09156068,2.4810433e-05,0.0005294638,-0.00017262735,-0.00070209114,1.2853354,1.2933728,0.008037329,0.029310938,0.0012272932,-0.028083645
103.549545,1.9999999,0.0,1.2853354,-1.8307668,0.029310938,-0.18480644,0.8915414,0.017485555,2.2397816,0.061102122,-0.012975892,-0.074028976,0.06438644,0.06453315,0.00014670938,-0.09164634,-0.091476105,0.00017023832,0.0012575177,0.001690959,0.00043344125,1.2901224,1.2959906,0.0058681965,0.02098977,0.038327426,0.017337656
103.59955,1.9999999,0.0,1.2901224,-1.835087,0.02098977,0.037106007,0.56418264,0.020102035,2.249354,0.046273563,-0.024738021,-0.037269093,0.06440907,0.0647774,0.0003683269,-0.09155187,-0.091699466,-0.000147596,0.0007415836,0.0012240313,0.00048244774,1.2862403,1.3009737,0.0147333145,0.008673575,0.02797148,0.019297905
103.64954,1.9999999,0.0,1.2862403,-1.8269877,0.008673575,0.84429216,-0.33817708,0.00028825813,2.2430344,0.056767385,-0.016702801,0.033734888,0.06439449,0.064534366,0.0001398772,-0.09141527,-0.091287486,0.00012778491,0.00018401312,0.00039781333,0.00021380022,1.2895393,1.2951344,0.005595088,-0.0013130502,0.007238958,0.008552008
103.69955,1.9999999,0.0,1.2895393,-1.8296231,-0.0013130502,0.07893501,0.5404313,0.008830482,2.2391844,0.055952847,-0.021364532,0.1631403,0.06459875,0.06463783,3.9085746e-05,-0.091575,-0.09141242,0.00016257912,0.00016847909,-1.6183965e-05,-0.00018466306,1.2944106,1.295974,0.0015634298,0.008052214,0.000665687,-0.007386527
103.74954,1.9999999,0.0,1.2944106,-1.8333768,0.008052214,-0.35405353,0.4421677,0.023389153,2.2413049,0.04392954,-0.00038877077,0.41505802,0.064573415,0.06491261,0.00033919513,-0.09137155,-0.09148186,-0.000110305846,0.0010271978,0.0004284123,-0.00059878547,1.2885259,1.302094,0.013568044,0.033035696,0.009084277,-0.023951419
103.799545,1.9999999,0.0,1.2885259,-1.8214853,0.033035696,0.6901741,0.3995811,0.016194405,2.239103,0.05111092,0.02014127,0.08692399,0.06470758,0.06467139,-3.618747e-05,-0.091409504,-0.09092886,0.0004806444,0.0013127282,0.0016003551,0.000287627,1.299777,1.2983298,-0.0014472008,0.019473428,0.030978508,0.01150508
103.84955,1.9999999,0.0,1.299777,-1.834895,0.019473428,-0.014487052,0.19350927,0.0035611105,2.242059,0.051749766,0.008303627,-0.38456097,0.06509064,0.06528895,0.0001983121,-0.091859825,-0.091667876,0.00019194931,0.00085041043,0.0011347657,0.00028435525,1.3038486,1.311781,0.007932425,0.01454299,0.025917199,0.011374208
103.89954,1.9999999,0.0,1.3038486,-1.8394978,0.01454299,-0.27569047,0.15768002,0.011288171,2.232409,0.04812573,-0.018314825,0.09467031,0.06501408,0.06542063,0.00040654838,-0.09167146,-0.09187145,-0.00019998848,0.0005194924,0.00063755567,0.0001180633,1.2967145,1.3129767,0.016262174,0.006236704,0.010959238,0.0047225337
103.94955,1.9999999,0.0,1.2967145,-1.8273606,0.006236704,0.45072713,0.496076,0.007452632,2.232665,0.05298445,0.01777066,0.13922861,0.064805314,0.065053396,0.00024808198,-0.091248445,-0.09127296,-2.451241e-05,0.00065546,0.0002725076,-0.0003829524,1.295498,1.3054214,0.009923339,0.019981695,0.004663598,-0.015318098
103.99954,1.9999999,0.0,1.295498,-1.8225771,0.019981695,0.5305439,0.13385081,0.0073358715,2.2276137,0.056222226,-0.0043919645,-0.19901532,0.064710766,0.0649998,0.00028903037,-0.09103753,-0.091022484,1.5042722e-05,0.00014018857,0.0009855296,0.00084534107,1.2929326,1.304494,0.011561394,-0.014374152,0.019439492,0.033813644
104.09955,1.9999999,0.0,1.297037,-1.819339,0.022072759,0.073207326,0.4951307,0.02330543,2.22082,0.054673694,0.0052546947,-0.21604231,0.0646104,0.065099895,0.0004894957,-0.09057522,-0.09084437,-0.00026915222,0.0014167705,0.0012031049,-0.00021366565,1.2873789,1.306959,0.019580126,0.034598064,0.026051436,-0.008546628
104.14954,1.9999999,0.0,1.2873789,-1.8036698,0.034598064,0.8270518,0.24304143,0.0012615127,2.2239096,0.054433934,-0.023735102,-0.01550889,0.064747825,0.0645871,-0.00016072392,-0.09064258,-0.090057336,0.0005852431,0.0009160185,0.0014906228,0.00057460426,1.3025342,1.2961051,-0.006429076,0.002042677,0.025026847,0.02298417
104.19955,1.9999999,0.0,1.3025342,-1.8220333,0.002042677,-0.48425323,0.064850725,0.0040535135,2.2293012,0.05063803,0.0037038059,0.27821755,0.06485024,0.065315686,0.00046544522,-0.09070153,-0.09100356,-0.00030203164,0.00020297889,-9.466335e-05,-0.00029764225,1.2914755,1.3100933,0.01861775,0.006076479,-0.0058292113,-0.011905691
104.24954,1.9999999,0.0,1.2914755,-1.8060278,0.006076479,-0.30074325,0.7647802,0.0086729,2.2209208,0.055047892,0.004086653,0.002397595,0.064792626,0.06474973,-4.2892992e-05,-0.09057716,-0.09024524,0.00033192337,0.00057459157,0.00040907506,-0.00016551651,1.3002294,1.2985137,-0.0017157793,0.016907185,0.010286525,-0.0066206604
104.34955,1.9999999,0.0,1.3004162,-1.8132942,-0.010395893,0.36979836,0.6055392,0.0012945061,2.2196705,0.05698977,-0.019314539,-0.039545406,0.064926006,0.06520045,0.00027444214,-0.090438075,-0.090626724,-0.0001886487,0.00034372372,-0.00023748577,-0.0005812095,1.296624,1.3076016,0.010977626,0.024144841,0.00089646503,-0.023248376
104.39954,1.9999999,0.0,1.296624,-1.8042288,0.024144841,-0.93890077,0.20259243,0.025085863,2.2261574,0.050598316,-1.0975239e-05,0.21274477,0.06504322,0.065052144,8.925796e-06,-0.090397984,-0.090113714,0.00028426945,0.0007385577,0.0012377598,0.0004992021,1.305105,1.3054616,0.0003566742,0.005397468,0.025365552,0.019968085
104.549545,1.9999999,0.0,1.2961223,-1.7981797,-0.006899711,0.2365056,0.2592437,-0.0028483274,2.2211769,0.03854035,-0.0010256736,-0.03997464,0.06491592,0.065008484,9.256601e-05,-0.090071455,-0.089844845,0.00022660941,-0.0003510282,-0.00012942441,0.00022160378,1.3005145,1.3042172,0.0037027597,-0.007141417,0.0017227344,0.008864151
104.69955,1.9999999,0.0,1.2984579,-1.798738,0.013140454,0.4696804,0.64977384,0.0077150837,2.2256732,0.048960242,-0.016984422,-0.029915765,0.06490321,0.06512097,0.00021776557,-0.089826554,-0.08989744,-7.0884824e-05,0.0003825305,0.0008007651,0.00041823462,1.2976705,1.306381,0.008710504,0.002160767,0.01889015,0.016729383
104.74954,1.9999999,0.0,1.2976705,-1.7943242,0.002160767,0.032541536,0.14239055,0.015825933,2.2216349,0.0504504,-0.024468211,-0.05792124,0.064965315,0.065038435,7.312e-05,-0.08976888,-0.08968845,8.042902e-05,0.00019496186,0.0002672367,7.227484e-05,1.3009422,1.3038671,0.0029249191,0.005637707,0.008528698,0.002890991
104.799545,1.9999999,0.0,1.3009422,-1.796431,0.005637707,-0.5182012,0.44888905,0.02372948,2.226541,0.04592695,-0.022776546,0.21663882,0.06518087,0.065191075,1.0207295e-05,-0.08995398,-0.089732856,0.00022112578,0.0003305562,0.0003681412,3.7584978e-05,1.3062924,1.3067007,0.00040829182,0.007584541,0.009087943,0.0015034014
104.84955,1.9999999,0.0,1.3062924,-1.8017284,0.007584541,-0.32424417,-0.5022131,0.0062418804,2.2287998,0.041740414,-0.0028043299,0.21997821,0.06539649,0.06547197,7.548183e-05,-0.09017036,-0.08993151,0.00023885071,0.0004781634,0.00032640045,-0.00015176294,1.309567,1.3125865,0.0030195713,0.011541994,0.0054714754,-0.006070519
104.89954,1.9999999,0.0,1.309567,-1.8050859,0.011541994,-0.071058445,0.34445694,0.009690716,2.2253263,0.040955525,-0.00077872525,-0.11170748,0.0654618,0.06559458,0.0001327768,-0.09020135,-0.09020289,-1.5422702e-06,0.0006927324,0.000687531,-5.2013784e-06,1.308905,1.314216,0.0053110123,0.016167302,0.015959244,-0.00020805746
104.94955,1.9999999,0.0,1.308905,-1.802968,0.016167302,-0.1673439,0.042009957,0.011878374,2.225763,0.03515925,-0.013975078,0.15640028,0.06530786,0.06557474,0.0002668798,-0.08990333,-0.09004387,-0.0001405403,0.0009850096,0.0007554099,-0.00022959971,1.3034096,1.3140846,0.010675073,0.023233082,0.014049094,-0.009183988
105.049545,1.9999999,0.0,1.2988533,-1.7846563,0.008667036,0.701457,0.1297774,0.012165274,2.2175293,0.044276252,-0.020050675,-0.26215392,0.06519186,0.06502408,-0.00016777962,-0.089523755,-0.08922156,0.00030219555,0.00063812063,0.0004715668,-0.00016655383,1.3088208,1.3021101,-0.0067107677,0.016857788,0.010195635,-0.0066621527
105.09955,1.9999999,0.0,1.3088208,-1.796294,0.016857788,0.098591134,0.32617444,0.010425178,2.2248087,0.040787123,-0.011354092,0.13160048,0.065406226,0.065557994,0.00015176833,-0.089679405,-0.089778155,-9.8749995e-05,0.0005958382,0.0007235775,0.00012773933,1.3074281,1.3134989,0.006070733,0.006975738,0.012085311,0.0051095732
105.14954,1.9999999,0.0,1.3074281,-1.7908823,0.006975738,-0.29954726,0.4551163,0.011660571,2.2234242,0.037247293,-0.0068906257,0.09105861,0.06559814,0.06548419,-0.00011394918,-0.08979889,-0.089524135,0.00027475506,0.0004633136,0.00033721962,-0.00012609398,1.3164973,1.3119392,-0.0045580864,0.011556806,0.006513048,-0.005043758
105.19955,1.9999999,0.0,1.3164973,-1.8010733,0.011556806,1.0151443,0.59694964,0.010727441,2.2292454,0.045013983,-0.0022482302,-0.0069312165,0.06562002,0.06597657,0.00035654753,-0.089753725,-0.0900404,-0.000286676,0.00040691052,0.00061797764,0.00021106712,1.3083034,1.3225653,0.014261961,0.0047196145,0.013162296,0.008442681
105.24954,1.9999999,0.0,1.3083034,-1.7890759,0.0047196145,0.17747943,0.40542576,0.009244858,2.2222838,0.04522253,-0.0075837476,-0.060628135,0.06551174,0.06557965,6.791204e-05,-0.089498214,-0.08944611,5.210191e-05,0.00029973884,0.0003906794,9.0940564e-05,1.3121662,1.3148829,0.0027166605,0.0072699385,0.010907561,0.003637622
105.299545,1.9999999,0.0,1.3121662,-1.7908528,0.0072699385,-0.8259904,0.32506847,0.0181905,2.2271132,0.031897567,-0.0083110435,0.14447017,0.065682106,0.06576798,8.587539e-05,-0.08962782,-0.08949857,0.00012924522,6.490525e-05,0.00048024245,0.0004153372,1.315118,1.318553,0.0034350157,-0.0046737283,0.01193976,0.016613489
105.34955,1.9999999,0.0,1.315118,-1.7942599,-0.0046737283,0.1578986,-0.2917635,0.008610858,2.2248862,0.03879781,0.0068632704,0.2990245,0.065796226,0.065912426,0.000116199255,-0.08974233,-0.08956682,0.00017551333,0.00010249096,-0.00022787321,-0.00033036416,1.3167311,1.3213792,0.0046480894,0.008773367,-0.0044412017,-0.013214569
105.39954,1.9999999,0.0,1.3167311,-1.7954335,0.008773367,-0.50073594,-0.15655994,0.018977404,2.2183652,0.037504155,0.021591406,-0.27551356,0.06578081,0.06599164,0.00021082908,-0.08957774,-0.089702256,-0.0001245141,0.00065188785,0.0006052949,-4.6592962e-05,1.3145012,1.3229345,0.008433342,0.017302146,0.015438426,-0.0018637199
105.44955,1.9999999,0.0,1.3145012,-1.7876762,0.017302146,-0.37246987,0.65756834,0.014836881,2.2196558,0.03464128,-0.020688087,-0.26046282,0.06586362,0.06587114,7.5250864e-06,-0.0894412,-0.08929447,0.00014673173,0.0005355354,0.0010324672,0.00049693184,1.3200434,1.3203446,0.00030112267,0.0041192686,0.023996543,0.019877274
105.49954,1.9999999,0.0,1.3200434,-1.7899718,0.0041192686,0.7418414,0.94545054,0.009486682,2.2219863,0.04260031,-0.0044548754,0.17286916,0.06614942,0.06617649,2.706796e-05,-0.08965231,-0.08946484,0.00018746406,0.00037952978,0.00021545403,-0.00016407575,1.3259336,1.327016,0.0010824203,0.011061922,0.004498888,-0.006563034
105.69955,1.9999999,0.0,1.3199652,-1.7862631,-0.003387439,0.14173047,0.31905708,-1.5072785e-05,2.219318,0.039241485,-0.008718262,-0.1142629,0.06601897,0.066164486,0.00014551729,-0.089297846,-0.08930255,-4.7013164e-06,0.0007138763,3.177002e-05,-0.00068210624,1.3207935,1.326614,0.005820513,0.03194249,0.004658241,-0.02728425
105.74954,1.9999999,0.0,1.3207935,-1.7856507,0.03194249,-0.51877123,0.6678962,-0.0007297535,2.2156336,0.042085066,-0.018048003,0.18524538,0.066084966,0.06625323,0.00016826391,-0.089248985,-0.08925643,-7.44313e-06,0.0015173312,0.0014800733,-3.725791e-05,1.3226051,1.3293357,0.0067305565,0.028750762,0.027260445,-0.0014903173
105.799545,1.9999999,0.0,1.3226051,-1.7843087,0.028750762,-1.2698001,0.3078865,0.027426917,2.2136066,0.04060409,0.009806275,0.24138157,0.066365905,0.06639335,2.7447939e-05,-0.089459,-0.08907083,0.00038817525,0.0010204008,0.0012891812,0.0002687804,1.3320309,1.3331288,0.0010979176,0.012065272,0.022816481,0.010751209
105.84955,1.9999999,0.0,1.3320309,-1.7940514,0.012065272,0.14295751,0.47661185,0.021936284,2.2197106,0.046129312,0.0060901544,-0.20311867,0.066555664,0.06684986,0.00029419363,-0.08960129,-0.08965527,-5.3979456e-05,0.00041070304,0.00076883606,0.00035813302,1.3301955,1.3419635,0.011767983,0.00436285,0.018688168,0.014325319
105.89954,1.9999999,0.0,1.3301955,-1.7900004,0.00436285,0.008428161,-0.054877177,0.013626438,2.2131307,0.048347116,-0.010505591,-0.13000296,0.06670585,0.06671429,8.434057e-06,-0.08970503,-0.08946623,0.00023879856,0.00023569375,0.00036033467,0.00012464092,1.3380386,1.338376,0.0003374815,0.0050649,0.010050535,0.004985635
105.94955,1.9999999,0.0,1.3380386,-1.7982007,0.0050649,-0.51406413,0.50121075,0.013633357,2.2203472,0.0434256,-0.006910142,0.19050068,0.06677506,0.06708039,0.00030533224,-0.0896995,-0.089855306,-0.00015580654,0.00024141662,0.00027892683,3.751021e-05,1.3329637,1.3451773,0.012213588,0.0045917653,0.0060921684,0.001500403
105.99954,1.9999999,0.0,1.3329637,-1.7897793,0.0045917653,-0.06899726,0.54752815,0.017308159,2.2218435,0.04209369,0.008544477,0.19198897,0.06668969,0.06683555,0.00014586002,-0.089502774,-0.08939849,0.00010428578,0.00019846286,0.00031848886,0.000120026,1.3346239,1.3404584,0.0058344603,0.0033467496,0.008147787,0.0048010377
106.049545,1.9999999,0.0,1.3346239,-1.7903316,0.0033467496,0.7033824,0.074629515,0.009673402,2.2182834,0.0440863,0.012288755,-0.037110645,0.06691709,0.06693425,1.7158687e-05,-0.0897165,-0.08945977,0.0002567321,0.00016150725,0.00028345382,0.00012194656,1.3420596,1.3427464,0.0006867647,0.0031135404,0.007991403,0.004877863
106.09955,1.9999999,0.0,1.3420596,-1.7983285,0.0031135404,-0.6058356,0.06848229,0.003187666,2.232349,0.046008095,0.004833412,-0.16105969,0.06698718,0.067311816,0.0003246367,-0.089704625,-0.089810975,-0.00010634959,9.573405e-05,0.00035197436,0.0002562403,1.3374274,1.3504131,0.012985706,0.0007158218,0.010965433,0.010249611
106.14954,1.9999999,0.0,1.3374274,-1.7898566,0.0007158218,-0.5048101,0.2543462,0.015527661,2.2172751,0.045834437,-0.0038172142,-0.09683991,0.06704127,0.067051925,1.065433e-05,-0.089620605,-0.08937655,0.00024405867,0.00029015477,0.00024130866,-4.884611e-05,1.3442235,1.3446497,0.0004261732,0.010890369,0.008936528,-0.0019538412
106.19955,1.9999999,0.0,1.3442235,-1.7949677,0.010890369,0.27820534,0.43754387,0.009322112,2.2285333,0.04528597,-0.004850579,0.11697614,0.06746284,0.067373864,-8.897483e-05,-0.089996174,-0.08965243,0.00034374744,0.0014272013,0.00053386745,-0.00089333387,1.3542901,1.350731,-0.0035591125,0.046197683,0.010464329,-0.035733353
106.24954,1.9999999,0.023824055,1.3542901,-1.8048792,0.046197683,0.28136677,0.47800446,0.000963319,2.2267344,0.047256716,0.0078804,0.07450286,0.067729615,0.067935616,0.0002060011,-0.09019801,-0.090132445,6.556511e-05,0.0013151915,0.0020632742,0.00074808265,1.3548945,1.3631346,0.008240104,0.0064099785,0.036333285,0.029923307
106.299545,1.9999999,0.03847294,1.3548945,-1.8030413,0.0064099785,-0.04243651,0.64710414,0.026896005,2.2406693,0.049483754,0.0025997073,0.116212696,0.06799893,0.067948386,-5.054474e-05,-0.09045973,-0.09006908,0.00039064884,0.0015447461,0.00038251653,-0.0011622296,1.3650626,1.3630409,-0.0020216703,0.055379864,0.008890685,-0.04648918
106.34955,1.9999999,0.060468063,1.3650626,-1.8153478,0.055379864,-0.8893235,-0.60860366,0.02163897,2.2576315,0.028068725,0.01950167,-0.097284354,0.0682069,0.06852166,0.00031476468,-0.09064375,-0.09061415,2.9601157e-05,0.0012178642,0.0025683697,0.0013505055,1.3632134,1.375804,0.012590528,-0.0066652964,0.047354925,0.054020222
106.39954,1.9999999,0.097090274,1.3632134,-1.8104024,-0.0066652964,0.23450507,-0.2967321,0.02213435,2.2519352,0.0354727,-0.007128728,-0.3199129,0.06833261,0.06831535,-1.7262995e-05,-0.090684265,-0.09044514,0.00023912638,0.0005801989,-6.24666e-05,-0.0006426655,1.370091,1.3694006,-0.000690341,0.029873252,0.004166633,-0.025706619
106.44955,1.9999999,0.097090274,1.370091,-1.8169682,0.029873252,-0.6438404,-0.009023939,0.026948363,2.2515287,0.038148243,-0.0124896215,0.016455138,0.069118984,0.06860687,-0.00051211566,-0.09138147,-0.090750225,0.000631243,0.0029757537,0.0015306141,-0.0014451396,1.3946683,1.3741837,-0.020484686,0.089156896,0.031351313,-0.057805583
106.49954,1.9999999,0.097090274,1.3946683,-1.8382907,0.089156896,0.073423274,2.0326133,0.09447326,2.2641394,0.035031714,-0.0054832143,0.12489622,0.07028878,0.0699443,-0.0003444776,-0.092209704,-0.09184999,0.00035971403,0.0041815806,0.004327894,0.00014631357,1.4168826,1.4031037,-0.013778925,0.07810632,0.08395886,0.0058525354
106.549545,1.9999999,0.1190636,1.4168826,-1.8500974,0.07810632,-0.48342046,0.97650695,0.086569235,2.2906864,0.024404682,0.0,-0.23639143,0.07146825,0.071187735,-0.00028051436,-0.09301433,-0.092425756,0.0005885735,0.0033662813,0.0040596663,0.000693385,1.4418473,1.430627,-0.011220336,0.056544926,0.08428034,0.027735416
106.59955,1.9999999,0.16303205,1.4418473,-1.8704756,0.056544926,-1.1179928,-0.4105156,0.06700035,2.310896,0.030315192,-0.029122356,-0.07592182,0.07258077,0.072389975,-0.00019079447,-0.09387358,-0.0934026,0.000470981,0.003418572,0.003223069,-0.000195503,1.4613836,1.4537514,-0.0076321363,0.08019795,0.07237783,-0.007820122
106.64954,1.9999999,0.2436227,1.4613836,-1.8844675,0.08019795,-0.79050297,0.5880837,0.07112379,2.3370373,0.024748724,-0.007592182,0.20989966,0.07287581,0.07343042,0.0005546063,-0.09338919,-0.09396207,-0.0005728826,0.005232823,0.004275719,-0.0009571039,1.453649,1.475833,0.022184014,0.12911497,0.09083082,-0.038284153
106.69955,1.9999999,0.2948938,1.453649,-1.8511001,0.12911497,0.00501171,1.5472962,0.11679343,2.3610659,0.016967975,-0.00813239,-0.2568979,0.072637804,0.07307122,0.00043341517,-0.09199673,-0.09235599,-0.00035925955,0.006632305,0.0068460195,0.00021371432,1.4518633,1.4691998,0.017336488,0.13617724,0.1447258,0.008548558
106.74954,1.9999999,0.3242134,1.4518633,-1.8287692,0.13617724,1.1497241,-0.07590753,0.11692189,2.3614616,0.02640411,-0.03328197,-0.13105097,0.072832294,0.07292308,9.0785325e-05,-0.09132968,-0.091352634,-2.2955239e-05,0.0055609155,0.007211432,0.0016505164,1.4614285,1.4650598,0.0036312342,0.08625937,0.15228003,0.06602066
106.799545,1.9999999,0.3095427,1.4614285,-1.8244181,0.08625937,0.30955803,-0.92276955,0.10937901,2.3572938,0.030928062,-0.021237487,0.19668847,0.073218934,0.073350154,0.00013121963,-0.09077533,-0.09105649,-0.0002811551,0.004762159,0.004682473,-7.968629e-05,1.4673289,1.4725777,0.005248785,0.10422699,0.10103954,-0.0031874552
106.84955,1.9999999,0.2948938,1.4673289,-1.8065952,0.10422699,-1.0024943,-0.32200697,0.1068889,2.3458455,0.033455715,-0.013613124,-0.001877,0.073720425,0.07365175,-6.8672e-05,-0.09012135,-0.09012037,9.834766e-07,0.005727539,0.0054551624,-0.00027237646,1.4814881,1.4787415,-0.002746582,0.124874555,0.11397951,-0.010895044
106.89954,1.9999999,0.28024492,1.4814881,-1.798259,0.124874555,-1.0842336,-0.308583,0.13041706,2.3319674,0.035067026,-0.021425188,0.08657716,0.074347034,0.074391596,4.4561923e-05,-0.08989299,-0.08966168,0.00023131073,0.006472242,0.00634505,-0.00012719212,1.4923933,1.4941758,0.0017825365,0.13401514,0.12892744,-0.0050877035
106.94955,1.9999999,0.26559603,1.4923933,-1.7974606,0.13401514,0.3466195,0.117449746,0.11577229,2.3346193,0.031289093,-0.004955408,0.15248613,0.07482079,0.07495861,0.00013782084,-0.089851424,-0.08962233,0.00022909045,0.0064694025,0.006620638,0.00015123561,1.5004383,1.5059509,0.005512595,0.12476096,0.13081038,0.006049417
106.99954,1.9999999,0.26559603,1.5004383,-1.7965965,0.12476096,-1.2395754,-0.14105763,0.121814944,2.3236172,0.035243824,-0.006176574,-0.22561972,0.07472474,0.07532253,0.0005977899,-0.08884668,-0.08957853,-0.0007318482,0.006411872,0.006218771,-0.00019310089,1.4885514,1.5124632,0.023911834,0.13171391,0.12398987,-0.0077240393
107.049545,1.9999999,0.3461867,1.4885514,-1.7572709,0.13171391,-1.1368738,-0.030554004,0.13923483,2.3126516,0.020689359,-0.02751738,0.06891372,0.074921735,0.07471937,-0.00020236522,-0.08772869,-0.08752122,0.00020746887,0.0066091223,0.0067310096,0.00012188731,1.5083181,1.5002235,-0.008094549,0.13265097,0.13752645,0.004875481
107.09955,1.9999999,0.3461867,1.5083181,-1.7518764,0.13265097,-0.14013474,0.11910677,0.14200082,2.3092315,0.023754077,0.0007147976,0.07975997,0.07587475,0.075751714,-0.00012303889,-0.08754345,-0.08721663,0.00032681972,0.0062799724,0.0067932527,0.0005132803,1.5266721,1.5217506,-0.0049215555,0.11854791,0.13907912,0.020531215
107.14954,1.9999999,0.33886227,1.5266721,-1.7498616,0.11854791,0.63439703,0.59300834,0.10440723,2.3106537,0.022271764,-0.019541383,-0.12509067,0.076470464,0.07657278,0.00010231882,-0.08698699,-0.087203674,-0.00021668524,0.0058761956,0.006200738,0.00032454217,1.5321465,1.5362391,0.0040926933,0.11649991,0.1294816,0.0129816905
107.19955,1.9999999,0.33886227,1.5321465,-1.729618,0.11649991,-0.31164366,-0.6029888,0.11933311,2.3117018,0.019108485,-0.011794269,0.22984721,0.07657818,0.07691443,0.00033625215,-0.085701644,-0.08613422,-0.00043257326,0.0059945136,0.006194671,0.00020015752,1.5309807,1.5444307,0.0134500265,0.123280644,0.13128692,0.008006275
107.24954,1.9999999,0.3461867,1.5309807,-1.698448,0.123280644,-0.19097532,0.4691396,0.12611547,2.3125188,0.022785017,0.0034433384,-0.1043478,0.07721986,0.07685766,-0.00036219507,-0.085323006,-0.084589474,0.000733532,0.0053653056,0.006435799,0.0010704934,1.5578138,1.543326,-0.014487743,0.091331586,0.13415131,0.042819723
107.299545,1.9999999,0.3461867,1.5578138,-1.7144724,0.091331586,0.49065942,1.1383765,0.124769956,2.3173652,0.020294754,-0.02222905,-0.45186362,0.07808543,0.07817312,8.769333e-05,-0.085298054,-0.08551453,-0.00021647662,0.00520832,0.0053372174,0.00012889737,1.5656033,1.5691111,0.0035078526,0.11700122,0.122157104,0.0051558837
107.34955,1.9999999,0.3461867,1.5656033,-1.6974498,0.11700122,0.2505217,-0.051724594,0.11309571,2.3273082,0.017503856,-0.041743025,0.07297565,0.07836875,0.078557245,0.00018849224,-0.084666304,-0.0846834,-1.7099082e-05,0.006380174,0.006581396,0.00020122202,1.5691469,1.5766865,0.00753963,0.13820574,0.1462546,0.008048862
107.39954,1.9999999,0.33886227,1.5691469,-1.6892024,0.13820574,-0.81943566,-0.49877238,0.117266044,2.3145285,0.018088778,-0.014931485,0.39609224,0.07891728,0.07882736,-8.992106e-05,-0.084437594,-0.084144376,0.0002932176,0.0066434904,0.0070831464,0.00043965597,1.5875442,1.5839475,-0.0035966635,0.12753388,0.14512014,0.017586261
107.44955,1.9999999,0.3242134,1.5875442,-1.6883012,0.12753388,-0.2137877,0.12694794,0.124758475,2.3103426,0.015320596,-0.0021338023,0.19797212,0.07944783,0.07978856,0.00034072995,-0.08400718,-0.084019236,-1.2055039e-05,0.006411268,0.0065700696,0.00015880167,1.5903689,1.6039982,0.013629317,0.12891684,0.1352689,0.006352052
107.49954,1.9999999,0.31686714,1.5903689,-1.6719859,0.12891684,-0.23502651,0.4635219,0.11411673,2.3159173,0.014695841,0.004865727,-0.075107135,0.079932116,0.07987793,-5.4188073e-05,-0.08341544,-0.083211906,0.00020353496,0.006506585,0.0066152173,0.00010863226,1.6069158,1.6047482,-0.0021675825,0.13134655,0.13569182,0.004345268
107.549545,1.9999999,0.31686714,1.6069158,-1.6646318,0.13134655,-0.88141185,0.32627177,0.121705264,2.3107178,0.010952275,-0.009644516,-0.061970945,0.080851205,0.08067059,-0.00018061697,-0.08324614,-0.08283319,0.00041294843,0.0065380684,0.0067397803,0.0002017119,1.6271324,1.6199077,-0.007224679,0.13017617,0.13824464,0.008068472
107.59955,1.9999999,0.31686714,1.6271324,-1.665214,0.13017617,-0.32935756,0.09894157,0.12122966,2.3230195,0.018777391,-0.0013313675,0.057593785,0.0814634,0.08169749,0.00023408979,-0.08306626,-0.08287331,0.00019295514,0.006877318,0.006621869,-0.0002554492,1.6314034,1.6407671,0.009363651,0.14491655,0.13469858,-0.010217965
107.64954,1.9999999,0.31686714,1.6314034,-1.6574365,0.14491655,0.62532693,0.24286118,0.13438049,2.323982,0.008801626,-0.0038851374,-0.28730696,0.08144963,0.08182656,0.00037693232,-0.08186381,-0.082643144,-0.00077933073,0.0074765757,0.0072674393,-0.0002091364,1.6265817,1.6416587,0.015076995,0.15414648,0.14578101,-0.008365467
107.69955,1.9999999,0.3242134,1.6265817,-1.617116,0.15414648,0.51969725,0.7685038,0.15815254,2.3092082,0.014324624,-0.030062065,-0.2751216,0.08206271,0.08152882,-0.00053388625,-0.08091181,-0.080737434,0.00017437339,0.007786143,0.0076962262,-8.9916866e-05,1.6559268,1.6345711,-0.021355748,0.15729925,0.15370259,-0.0035966635
107.74954,1.9999999,0.3461867,1.6559268,-1.6193563,0.15729925,-1.2980559,0.10703081,0.14430566,2.3177242,0.022136608,-0.031397298,0.08783293,0.0829375,0.08305498,0.000117480755,-0.08055189,-0.08078332,-0.00023142993,0.007722833,0.007833928,0.000111094676,1.6615734,1.6662725,0.004699111,0.15161408,0.15605788,0.0044437945
107.799545,1.9999999,0.36083558,1.6615734,-1.6027193,0.15161408,-1.285585,0.023173044,0.16353989,2.3145876,0.025584865,-0.02127877,0.025821716,0.08337827,0.08337746,-8.121133e-07,-0.07948284,-0.07985933,-0.00037649274,0.0073160566,0.007693951,0.00037789438,1.6735575,1.6735247,-3.2782555e-05,0.1410282,0.15614393,0.015115738
107.84955,1.9999999,0.38280892,1.6735575,-1.5765944,0.1410282,0.1342831,0.72296226,0.14510441,2.317365,0.024662292,-0.028815126,-0.36811864,0.08368312,0.08394047,0.0002573505,-0.07849792,-0.07862175,-0.0001238361,0.0070923273,0.007496892,0.00040456466,1.6737671,1.684061,0.010293961,0.14266491,0.1588475,0.016182587
107.89954,1.9999999,0.38280892,1.6737671,-1.5633224,0.14266491,0.15799147,1.0944325,0.15567002,2.3119068,0.025425714,-0.058090635,0.049355727,0.08457346,0.08396491,-0.000608556,-0.078588426,-0.077926755,0.00066167116,0.007104117,0.0077830628,0.0006789458,1.7091714,1.684829,-0.024342418,0.14149977,0.1686576,0.027157828
107.94955,1.9999999,0.38280892,1.7091714,-1.5802145,0.14149977,-0.36061314,0.8588582,0.14868665,2.3263032,0.025146296,-0.023879554,0.21901219,0.08524992,0.085809864,0.00055994093,-0.07824385,-0.07863349,-0.00038963556,0.0076800548,0.0077474727,6.7417976e-05,1.7008256,1.7232233,0.022397757,0.16570242,0.16839913,0.0026967078
107.99954,1.9999999,0.37548447,1.7008256,-1.5495397,0.16570242,-0.8181823,0.17708138,0.14946218,2.3151717,0.025883803,-0.03618942,0.059868217,0.0854393,0.08541758,-2.1718442e-05,-0.077136844,-0.07702378,0.00011306256,0.008244688,0.008907313,0.00066262577,1.7167464,1.7158777,-0.0008687973,0.1640851,0.19059011,0.026505008
108.049545,1.9999999,0.37548447,1.7167464,-1.535934,0.1640851,0.007642252,-0.37786055,0.16107659,2.320903,0.014192874,-0.017892731,0.083927326,0.08615975,0.08620288,4.313141e-05,-0.07666198,-0.07640021,0.0002617687,0.008463472,0.008588369,0.00012489688,1.7296435,1.7313688,0.001725316,0.17445378,0.17944968,0.0049958974
108.09955,1.9999999,0.38280892,1.7296435,-1.5305454,0.17445378,-0.015329249,-0.115148544,0.15058783,2.3156626,0.018175647,-0.027796684,0.12857734,0.086904064,0.0868262,-7.786602e-05,-0.076092176,-0.07616102,-6.8843365e-05,0.0083409,0.008933737,0.0005928371,1.746519,1.7434044,-0.003114581,0.15918222,0.18289569,0.02371347
108.14954,1.9999999,0.38280892,1.746519,-1.5131416,0.15918222,-0.36415035,0.14128073,0.16082156,2.3100293,0.01734584,-0.005034999,-0.10637002,0.087435775,0.08762028,0.00018450618,-0.07540169,-0.07529707,0.00010462105,0.008079771,0.008151248,7.1477145e-05,1.750912,1.7582926,0.0073806047,0.16400863,0.16686769,0.002859056
108.19955,1.9999999,0.37548447,1.750912,-1.502926,0.16400863,-0.85032517,0.55912817,0.15610845,2.3107114,0.020775847,-0.038433686,-0.08901544,0.08803418,0.087754354,-0.0002798289,-0.0749044,-0.07478272,0.00012167543,0.008151044,0.008433749,0.00028270483,1.7704554,1.7592621,-0.011193275,0.16203314,0.17334132,0.011308178
108.24954,1.9999999,0.38280892,1.7704554,-1.4932499,0.16203314,-0.77636534,-0.6020257,0.17384966,2.3128686,0.02036012,-0.013936543,-0.14584155,0.08885394,0.08876293,-9.100884e-05,-0.07425447,-0.074335985,-8.15168e-05,0.007606732,0.008361452,0.00075472007,1.7837023,1.780062,-0.003640294,0.14223616,0.17242494,0.030188784
108.299545,1.9999999,0.38280892,1.7837023,-1.476929,0.14223616,0.4303441,0.1309356,0.14527667,2.3117666,0.019471437,-0.05301784,-0.16580166,0.0892814,0.08935077,6.9364905e-05,-0.073452264,-0.073606595,-0.00015433133,0.007858215,0.0075218873,-0.0003363276,1.7875538,1.7903285,0.0027747154,0.17209244,0.15863934,-0.013453096
108.34955,1.9999999,0.38280892,1.7875538,-1.4611615,0.17209244,0.8282043,0.3122555,0.1637159,2.3019726,0.021967597,-0.030516708,0.2489731,0.08976397,0.08959439,-0.00016958266,-0.072751604,-0.07284048,-8.8877976e-05,0.008558527,0.008770763,0.00021223631,1.8030049,1.7962216,-0.006783247,0.17024863,0.17873806,0.00848943
108.39954,1.9999999,0.37548447,1.8030049,-1.4489026,0.17024863,0.6307694,0.31988224,0.1659232,2.3105183,0.012236482,-0.02812053,-0.038382523,0.09033602,0.09034596,9.9390745e-06,-0.071953624,-0.07222713,-0.00027350336,0.008015494,0.008667949,0.0006524548,1.8104359,1.8108336,0.0003976822,0.1503711,0.1764693,0.026098192
108.44955,1.9999999,0.36816004,1.8104359,-1.4292424,0.1503711,-0.21854629,0.27483597,0.16257265,2.3143275,0.022559373,-0.034354962,0.0025529442,0.0907109,0.090710655,-2.4586916e-07,-0.07054089,-0.07121484,-0.0006739497,0.007905014,0.007822758,-8.225627e-05,1.8180001,1.8179904,-9.655952e-06,0.16582943,0.16253918,-0.003290251
108.49954,1.9999999,0.36816004,1.8180001,-1.3923931,0.16582943,-0.91212535,0.13585855,0.16876262,2.3132687,0.018715853,-0.027865237,0.033300266,0.091287866,0.09112036,-0.00016750395,-0.069815286,-0.06928804,0.0005272478,0.008242475,0.008535978,0.00029350352,1.8335145,1.8268144,-0.006700039,0.16386954,0.17560971,0.011740163
108.549545,1.9999999,0.36083558,1.8335145,-1.4002182,0.16386954,-0.5108291,-0.30744475,0.15816958,2.310038,0.0155816,-0.031024935,-0.06579886,0.09221318,0.09188093,-0.0003322512,-0.06987128,-0.06968988,0.00018139929,0.00792406,0.008471039,0.0005469788,1.855013,1.8417227,-0.013290286,0.15309286,0.17497203,0.021879166
108.69955,1.9999999,0.3242134,1.8850397,-1.3467185,0.15652493,0.6340874,-0.022527184,0.14670986,2.3189158,0.020464031,-0.008230312,-0.16638243,0.094580136,0.094433,-0.00014713407,-0.06697934,-0.06714803,-0.0001686886,0.008217009,0.007871944,-0.00034506433,1.8981658,1.8922803,-0.005885482,0.17215541,0.15835285,-0.013802558
108.74954,1.9999999,0.3242134,1.8981658,-1.332455,0.17215541,-0.4590446,0.3376546,0.15500098,2.3152602,0.024877321,-0.028997542,-0.43414247,0.09530383,0.09500603,-0.00029780716,-0.06662473,-0.0665124,0.000112332404,0.008565444,0.0084510585,-0.00011438504,1.9139875,1.9020752,-0.011912346,0.17046234,0.16588691,-0.0045754313
108.799545,1.9999999,0.3242134,1.9139875,-1.3325342,0.17046234,-0.7047409,0.36360165,0.17072457,2.3222258,0.022024028,-0.05164456,0.027001642,0.095570855,0.095819406,0.00024855137,-0.06601974,-0.066512555,-0.0004928112,0.007859291,0.0084089115,0.00054962095,1.9088465,1.9187887,0.009942174,0.14390928,0.16589412,0.021984845
108.84955,1.9999999,0.3242134,1.9088465,-1.3082554,0.14390928,-0.08019357,-0.491189,0.15323228,2.335698,0.01565632,-0.026297377,0.43649665,0.096207015,0.095731355,-0.00047565997,-0.06537257,-0.06515061,0.00022196025,0.007987235,0.0073647783,-0.0006224564,1.9394342,1.9204077,-0.019026518,0.17558013,0.15068187,-0.02489826
108.89954,1.9999999,0.3095427,1.9394342,-1.3066473,0.17558013,0.4657746,-0.39890343,0.16553307,2.3210003,0.018274447,-0.007994895,0.07163948,0.0969492,0.09727756,0.000328362,-0.06488278,-0.06510237,-0.00021959096,0.00822893,0.008630636,0.00040170643,1.9385338,1.9516681,0.01313436,0.15357707,0.16964532,0.01606825
108.94955,1.9999999,0.2948938,1.9385338,-1.288664,0.15357707,0.66720873,-0.02852127,0.17195147,2.325844,0.021262638,-0.01913343,-0.2983247,0.097475246,0.09708442,-0.00039082766,-0.06417479,-0.06428002,-0.00010522455,0.007601474,0.007607594,6.1201863e-06,1.960476,1.9448428,-0.015633225,0.15048188,0.15072668,0.00024479628
108.99954,1.9999999,0.2729205,1.960476,-1.278328,0.15048188,-0.36876234,0.48189944,0.14024815,2.3175325,0.024415731,-0.037827365,-0.33006668,0.097933546,0.09806504,0.0001314953,-0.063340485,-0.06384152,-0.00050103664,0.007602055,0.0073818103,-0.00022024475,1.9568658,1.9621257,0.0052598715,0.15360034,0.14479053,-0.008809805
109.049545,1.9999999,0.26559603,1.9568658,-1.2552913,0.15360034,-0.7310612,-0.27343324,0.16124901,2.3304791,0.020233886,-0.052140098,0.12566824,0.0980058,0.097954676,-5.1125884e-05,-0.062318332,-0.06266828,-0.00034994632,0.0071069603,0.007590722,0.00048376154,1.9633664,1.9613211,-0.0020452738,0.13067807,0.15002856,0.019350484
109.09955,1.9999999,0.2729205,1.9633664,-1.2374419,0.13067807,0.08578621,0.3708262,0.14500947,2.3250248,0.01805015,-0.025260542,0.42634657,0.09844095,0.09842234,-1.861155e-05,-0.061666455,-0.061620522,4.593283e-05,0.00723755,0.0065555708,-0.0006819791,1.9742718,1.9735271,-0.00074470043,0.15882392,0.13154474,-0.027279183
109.14954,1.9999999,0.30221826,1.9742718,-1.2292165,0.15882392,-0.30720413,0.7375717,0.14394028,2.329343,0.017400548,-0.0095054405,-0.028026424,0.09878791,0.098938644,0.0001507327,-0.060978465,-0.061146047,-0.00016758218,0.007486061,0.007836108,0.0003500469,1.9772445,1.9832741,0.006029606,0.14061852,0.15462041,0.014001891
109.19955,1.9999999,0.3095427,1.9772445,-1.2099221,0.14061852,0.22244711,0.40987524,0.15372068,2.3257146,0.015113906,-0.028063184,-0.22112279,0.09921041,0.09900532,-0.00020509213,-0.06005987,-0.06023846,-0.00017858669,0.006754513,0.007210411,0.00045589823,1.9911718,1.9829683,-0.0082035065,0.12956199,0.14779794,0.018235952
109.24954,1.9999999,0.3095427,1.9911718,-1.1924727,0.12956199,-0.85734504,-0.8445854,0.13718292,2.3254979,0.013079734,-0.03161772,-0.060667757,0.09987272,0.09971739,-0.0001553297,-0.059029136,-0.059379287,-0.0003501512,0.007882719,0.006799961,-0.001082758,2.0037372,1.9975237,-0.006213546,0.18574674,0.14243644,-0.0433103
109.299545,1.9999999,0.26559603,2.0037372,-1.1686927,0.18574674,-1.2991302,-0.38793015,0.16047454,2.3171027,0.008524585,-0.03412996,0.247566,0.10008859,0.10043838,0.00034978986,-0.057880443,-0.058251556,-0.00037111342,0.007943752,0.008961123,0.0010173712,1.9998064,2.0137982,0.013991833,0.13200334,0.1726982,0.040694863
109.34955,1.9999999,0.26559603,1.9998064,-1.1465249,0.13200334,-0.15700915,0.44085333,0.1626211,2.3154917,0.0072317887,-0.00686112,0.031599604,0.09995419,0.10019417,0.0002399832,-0.057128806,-0.057038844,8.9962035e-05,0.006637751,0.0065324986,-0.00010525249,1.9983611,2.0079606,0.009599447,0.1335067,0.1292966,-0.0042100996
109.39954,1.9999999,0.26559603,1.9983611,-1.1386273,0.1335067,-0.031752735,1.4960296,0.14501497,2.3180914,0.005535057,-0.03097,-0.109640725,0.10004329,0.10000972,-3.3572316e-05,-0.056753203,-0.056626376,0.00012682751,0.006665269,0.006679652,1.438288e-05,2.0033705,2.0020275,-0.0013430119,0.13310406,0.13367938,0.00057531893
109.44955,1.9999999,0.28024492,2.0033705,-1.1315007,0.13310406,0.38046002,0.5036068,0.13862574,2.3195267,0.0074667525,-0.017825192,-0.002308141,0.10049855,0.10032159,-0.00017695874,-0.05630846,-0.056319173,-1.0713935e-05,0.006587557,0.006837684,0.00025012717,2.0165715,2.009493,-0.007078409,0.13039823,0.1404033,0.010005072
109.49954,1.9999999,0.28756937,2.0165715,-1.1208377,0.13039823,0.28588557,0.27892014,0.13051076,2.3318832,0.014615915,-0.031200813,0.30149516,0.100603096,0.10104773,0.00044463575,-0.055676498,-0.055723548,-4.7050416e-05,0.006646017,0.0067330496,8.703256e-05,2.0075524,2.0253375,0.017785072,0.13544247,0.13892376,0.0034812987
109.549545,1.9999999,0.2948938,2.0075524,-1.1062223,0.13544247,-0.22935587,0.7293035,0.13573936,2.3149145,0.0088485945,0.012324323,0.32262042,0.10074823,0.10070095,-4.7281384e-05,-0.055084307,-0.05485935,0.00022495538,0.0066415155,0.006810603,0.00016908767,2.022377,2.0204854,-0.001891613,0.13021816,0.13698167,0.006763503
109.59955,1.9999999,0.28756937,2.022377,-1.09715,0.13021816,-0.6369224,0.18816881,0.12642404,2.3181903,0.0068222173,0.001061229,-0.16893086,0.10153303,0.10142412,-0.00010891259,-0.05434442,-0.054439902,-9.5482916e-05,0.0061484724,0.0067166076,0.0005681352,2.0389445,2.034588,-0.0043563843,0.115720734,0.13844615,0.022725418
109.64954,1.9999999,0.28756937,2.0389445,-1.0766269,0.115720734,0.102167,0.5278308,0.12560964,2.3134694,0.002402884,-0.0045687617,-0.13229983,0.10241027,0.10222765,-0.00018262118,-0.05359312,-0.053491868,0.00010125339,0.006387968,0.0061297873,-0.00025818078,2.0574665,2.0501616,-0.007304907,0.13979799,0.12947075,-0.010327235
109.69955,1.9999999,0.2729205,2.0574665,-1.067098,0.13979799,0.46738866,0.3225563,0.11179658,2.324097,0.010616758,-0.012168754,-0.3148545,0.10268741,0.10305591,0.00036849827,-0.052927256,-0.053182002,-0.00025474653,0.0062979357,0.0070965784,0.00079864264,2.05003,2.0647697,0.014739752,0.11211944,0.14406516,0.031945713
109.74954,1.9999999,0.26559603,2.05003,-1.0499922,0.11211944,-1.2601143,-0.004310148,0.10482992,2.3261104,0.015101223,-0.036054213,0.04839897,0.102894686,0.10267706,-0.00021762401,-0.052384775,-0.052279025,0.000105749816,0.0054018297,0.0057150177,0.00031318795,2.0657575,2.0570524,-0.008705139,0.10395374,0.116481274,0.012527533
109.799545,1.9999999,0.26559603,2.0657575,-1.0453988,0.10395374,-0.14464734,-0.55929446,0.11457135,2.331689,0.004328678,-0.0073288567,0.1078883,0.103279784,0.10350032,0.00022053719,-0.051855847,-0.05203488,-0.00017903373,0.005648673,0.0053266543,-0.00032201875,2.065434,2.074255,0.008821011,0.121993184,0.10911243,-0.012880757
109.84955,1.9999999,0.2729205,2.065434,-1.0288352,0.121993184,0.3179892,0.84409016,0.1132391,2.3256397,0.011034218,-0.02526538,-0.09908197,0.10418743,0.103401236,-0.0007861927,-0.051432204,-0.051241305,0.00019089878,0.005514621,0.006118428,0.00060380716,2.1020632,2.0706155,-0.03144765,0.09859165,0.12274393,0.024152279
109.89954,1.9999999,0.2729205,2.1020632,-1.028453,0.09859165,0.19351803,0.32917947,0.10694939,2.3378823,0.0020147846,-0.017237054,0.04072053,0.10462462,0.105255224,0.00063060224,-0.05102696,-0.05120763,-0.00018067285,0.0044160807,0.005154071,0.00073799025,2.0829215,2.108146,0.025224447,0.078051575,0.10757119,0.029519618
109.94955,1.9999999,0.2729205,2.0829215,-1.0126255,0.078051575,-0.11028773,0.45753786,0.12674044,2.335212,0.020142587,-0.021193327,0.17237054,0.10467147,0.104355335,-0.00031613559,-0.05033276,-0.05029838,3.437698e-05,0.0056066564,0.0044344524,-0.001172204,2.1039374,2.091292,-0.012645483,0.1462147,0.09932652,-0.046888173
109.99954,1.9999999,0.25094715,2.1039374,-1.0006849,0.1462147,-1.0301205,-0.18482834,0.12137308,2.3370757,0.01628435,0.0,0.05814153,0.10499624,0.10545757,0.00046132505,-0.04950788,-0.0497127,-0.00020482019,0.006685805,0.007217265,0.00053146016,2.0959122,2.1143656,0.01845336,0.12121751,0.1424759,0.021258391
110.049545,1.9999999,0.23629826,2.0959122,-0.97963023,0.12121751,-1.3897039,0.96517026,0.1253995,2.3303294,0.004006134,-0.015379175,-0.20598578,0.10493169,0.105014205,8.251518e-05,-0.048762534,-0.048627652,0.00013488159,0.006198529,0.0061917305,-6.798655e-06,2.1013556,2.104656,0.0033004284,0.12672365,0.1264517,-0.0002719462
110.09955,1.9999999,0.23629826,2.1013556,-0.9708711,0.12672365,-0.30738264,-0.13473098,0.11198587,2.3329282,0.006280323,-0.02059858,0.07300289,0.104881704,0.10527047,0.00038876384,-0.04816498,-0.048233286,-6.830692e-05,0.005488783,0.006335666,0.0008468828,2.0939126,2.1094632,0.015550613,0.09282768,0.126703,0.033875316
110.14954,1.9999999,0.23629826,2.0939126,-0.9557281,0.09282768,0.3492475,0.89862686,0.11864811,2.3279688,0.014911888,-0.008078885,-0.09838268,0.10528976,0.104889035,-0.00040072203,-0.047511596,-0.047521677,-1.0080636e-05,0.0051442655,0.0049174502,-0.00022681523,2.1176777,2.1016488,-0.016028881,0.11294294,0.103870325,-0.009072617
110.19955,1.9999999,0.20697871,2.1176777,-0.9447357,0.11294294,0.11972231,0.61191994,0.11570051,2.333732,0.015143197,-0.030436847,-0.02588506,0.10586591,0.10606616,0.00020024925,-0.046774868,-0.04701541,-0.000240542,0.0047307345,0.0058346735,0.001103939,2.1169589,2.1249683,0.008009434,0.076286435,0.120443985,0.04415755
110.24954,1.9999999,0.21430315,2.1169589,-0.9262589,0.076286435,-1.0940512,0.19123305,0.0927463,2.33911,0.009980447,-0.010667391,0.19807091,0.10641072,0.106106184,-0.00030453503,-0.04618828,-0.045965653,0.00022262707,0.004886539,0.0041946513,-0.0006918879,2.13947,2.1272883,-0.012181759,0.11917513,0.09149961,-0.027675517
110.299545,1.9999999,0.19965427,2.13947,-0.92127234,0.11917513,-0.7782793,0.46593195,0.11153963,2.3311126,0.0040639793,-0.010629755,-0.014256599,0.106853455,0.107230924,0.00037746876,-0.0459012,-0.04573619,0.00016501173,0.0055174967,0.0060492135,0.00053171674,2.134668,2.149767,0.01509881,0.10152475,0.1227934,0.02126865
110.34955,1.9999999,0.19232982,2.134668,-0.91477567,0.10152475,-0.18049988,-0.2307911,0.09952293,2.3394945,0.00874492,-0.012093051,0.10695411,0.10676081,0.106975794,0.0002149865,-0.045419388,-0.04543786,-1.8473715e-05,0.00543115,0.0050769537,-0.0003541964,2.1357641,2.1443636,0.00859952,0.115721256,0.10155341,-0.014167845
110.39954,1.9999999,0.21430315,2.1357641,-0.9019998,0.115721256,0.5769083,1.1538647,0.11771855,2.3402016,0.014328898,6.565592e-05,-0.005471237,0.10711238,0.10699129,-0.000121086836,-0.04493655,-0.04485008,8.646771e-05,0.0051667085,0.005707122,0.0005404134,2.148731,2.1438875,-0.0048434734,0.09094708,0.112563625,0.021616548
110.44955,1.9999999,0.2582716,2.148731,-0.8954621,0.09094708,-0.022081623,0.03935932,0.089325935,2.3461354,0.019151682,-0.0126401745,-0.1503157,0.10747975,0.10763196,0.00015220791,-0.044260312,-0.044570986,-0.0003106743,0.0047293603,0.0048972717,0.0001679114,2.150459,2.1565473,0.006088257,0.09822733,0.10494379,0.00671646
110.49954,1.9999999,0.30221826,2.150459,-0.87495035,0.09822733,-0.100112624,0.40190023,0.10660199,2.3429725,0.018333564,-0.014965914,-0.22798468,0.10758942,0.107703626,0.0001142025,-0.043715626,-0.043594923,0.00012070313,0.0050858096,0.005464022,0.00037821243,2.1531177,2.157686,0.0045683384,0.10520506,0.12033355,0.015128493
110.549545,1.9999999,0.31686714,2.1531177,-0.87367463,0.10520506,-0.43973976,0.69673264,0.09950512,2.3446233,0.0048424876,-0.035438642,0.086132586,0.107767135,0.10785108,8.394569e-05,-0.043445416,-0.04342247,2.2944063e-05,0.0049320394,0.005789512,0.0008574724,2.1575675,2.1609256,0.0033581257,0.09207651,0.1263754,0.034298897
110.74954,1.9999999,0.31686714,2.1624162,-0.8299058,0.10991472,-0.43267637,0.28110558,0.11412139,2.3354163,0.0066725933,-0.01948726,0.02402341,0.10816671,0.108357444,0.00019073486,-0.041229095,-0.04116768,6.1415136e-05,0.005138185,0.006098957,0.0009607719,2.1642523,2.1718814,0.007629156,0.095612675,0.13404354,0.03843087
110.799545,1.9999999,0.3095427,2.1642523,-0.8192579,0.095612675,-0.32812333,-0.73107296,0.09966073,2.340751,0.008707068,-0.0030151412,-0.083762795,0.108381465,0.10846496,8.3491206e-05,-0.04051253,-0.040663138,-0.00015060976,0.004765537,0.005360459,0.0005949219,2.1710062,2.1743462,0.0033400059,0.095008805,0.11880567,0.023796864
110.84955,1.9999999,0.25094715,2.1710062,-0.8012431,0.095008805,-1.4387505,-0.48027834,0.106253624,2.337324,0.016365288,-0.027863538,0.07902018,0.108719856,0.108763754,4.389882e-05,-0.039596662,-0.03969733,-0.00010066852,0.0045505078,0.005038969,0.00048846146,2.177788,2.179544,0.0017559528,0.0870115,0.10654996,0.019538462
110.89954,1.9999999,0.2216276,2.177788,-0.78262335,0.0870115,-0.6154901,0.749897,0.09636098,2.3360023,0.012189321,0.004886877,0.10756045,0.108927436,0.10911448,0.00018704683,-0.03906774,-0.038718823,0.00034891814,0.0044652517,0.004577392,0.000112140086,2.1793096,2.1867914,0.0074818134,0.091598555,0.096084155,0.0044855997
110.94955,1.9999999,0.2216276,2.1793096,-0.7800863,0.091598555,1.0939724,0.8020229,0.08853425,2.3272562,0.013639316,-0.017107494,-0.18215097,0.10929192,0.10909686,-0.0001950562,-0.0389928,-0.038761117,0.00023168325,0.004528843,0.004914311,0.00038546836,2.1923673,2.1845646,-0.007802725,0.08955515,0.10497388,0.015418731
110.99954,1.9999999,0.2216276,2.1923673,-0.7796258,0.08955515,-1.0445243,-0.8290482,0.102313764,2.3412144,0.021244096,-0.013328221,0.17209303,0.10957444,0.109788336,0.00021389872,-0.03837173,-0.03867146,-0.0002997294,0.0048158686,0.0046297046,-0.00018616393,2.1906102,2.199166,0.008555889,0.103079595,0.09563304,-0.0074465573
111.049545,1.9999999,0.2436227,2.1906102,-0.75524354,0.103079595,-0.9412145,0.20435254,0.10048425,2.3319342,0.020068148,0.000101808415,0.30178994,0.10937396,0.109802246,0.00042828918,-0.037295766,-0.03735144,-5.5674464e-05,0.0046205204,0.005198993,0.0005784724,2.184348,2.20148,0.017131805,0.081741214,0.104880124,0.02313891
111.09955,1.9999999,0.28756937,2.184348,-0.7365871,0.081741214,0.42598376,0.6872276,0.10221613,2.3293614,0.0127863735,0.016850775,-0.14918603,0.10911188,0.10943922,0.0003273338,-0.03667578,-0.03645448,0.00022130087,0.004940848,0.004611288,-0.00032955967,2.1801274,2.1932206,0.013093233,0.1158927,0.102710314,-0.013182387
111.14954,1.9999999,0.28756937,2.1801274,-0.7304442,0.1158927,1.7666501,0.98662883,0.09548178,2.3257318,0.010207187,-0.0148167955,-0.48275617,0.109344,0.10912817,-0.00021582842,-0.036428936,-0.036418118,1.0818243e-05,0.0057613365,0.0063078054,0.0005464689,2.1936328,2.184999,-0.008633852,0.11456076,0.1364195,0.021858744
111.19955,1.9999999,0.28756937,2.1936328,-0.72671324,0.11456076,-0.13833228,0.054158323,0.10820303,2.3426962,0.013617183,-0.031424843,0.014145483,0.10990145,0.10980385,-9.7602606e-05,-0.035814654,-0.036186963,-0.00037230924,0.0065723476,0.0060296827,-0.0005426649,2.2024252,2.1985207,-0.003904581,0.14833315,0.12662655,-0.021706596
111.24954,1.9999999,0.2729205,2.2024252,-0.70587295,0.14833315,-0.45287612,0.07585033,0.110721484,2.3334541,0.019112619,-0.013402247,0.12678564,0.11051254,0.11024548,-0.0002670586,-0.03524316,-0.03510953,0.00013362989,0.006707179,0.0071484344,0.0004412555,2.2180765,2.207394,-0.010682583,0.119954005,0.13760424,0.017650232
111.299545,1.9999999,0.28024492,2.2180765,-0.7038534,0.119954005,-0.70569056,0.26552108,0.12666321,2.3315806,0.018918477,-0.018746277,-0.22244404,0.11053144,0.11100944,0.00047799945,-0.034737214,-0.034987796,-0.00025058165,0.0061271847,0.0060856524,-4.153233e-05,2.203181,2.2223012,0.019120216,0.12513338,0.12347207,-0.0016613081
111.34955,1.9999999,0.28024492,2.203181,-0.6856351,0.12513338,0.58463126,-0.091342576,0.1230922,2.3415577,0.016712643,-0.03564665,-0.16780171,0.11101199,0.110200286,-0.0008117035,-0.034147304,-0.034159653,-1.2349337e-05,0.0071080253,0.0063850926,-0.00072293263,2.2372983,2.2048306,-0.032467604,0.15918763,0.13027033,-0.028917298
111.39954,1.9999999,0.30221826,2.2372983,-0.68025696,0.15918763,0.9829923,0.072125964,0.13074239,2.3301775,0.023309654,-0.035526447,0.28940335,0.11094462,0.11195556,0.0010109395,-0.033391487,-0.033872157,-0.00048067048,0.006459438,0.0077804388,0.001321001,2.2004864,2.2409241,0.0404377,0.09918988,0.15202993,0.052840054
111.44955,1.9999999,0.30221826,2.2004864,-0.65540254,0.09918988,-0.43079507,0.49682978,0.120155506,2.3394377,0.0171475,-0.0067063146,0.26980212,0.110620536,0.11020569,-0.00041484833,-0.032252118,-0.032403246,-0.00015112758,0.0060956315,0.005218415,-0.00087721646,2.224335,2.207741,-0.016593933,0.14463538,0.10954673,-0.03508865
111.49954,1.9999999,0.30221826,2.224335,-0.6346822,0.14463538,-1.0967927,0.17452157,0.13800676,2.3336325,0.020437606,-0.008546236,-0.2578749,0.11125336,0.111342505,8.91462e-05,-0.031329464,-0.03136627,-3.6805868e-05,0.0070944484,0.0073498497,0.00025540125,2.2257993,2.229365,0.0035657883,0.13914256,0.1493586,0.010216042
111.549545,1.9999999,0.28756937,2.2257993,-0.6184964,0.13914256,-1.2052205,-0.03839529,0.1311928,2.3386705,0.024631258,-0.032493804,-0.122612655,0.11129886,0.111374296,7.543713e-05,-0.030665593,-0.030574271,9.132177e-05,0.0070016817,0.0070927516,9.106984e-05,2.2261553,2.2291725,0.0030171871,0.1409247,0.14456752,0.0036428124
111.69955,1.9999999,0.26559603,2.2296786,-0.5909313,0.11767265,0.39151603,0.7760876,0.115912646,2.3316035,0.015638925,-0.008703725,-0.016862065,0.11164188,0.111583255,-5.8621168e-05,-0.02917994,-0.029255036,-7.5096264e-05,0.00571976,0.006048405,0.0003286451,2.2359965,2.2336514,-0.0023450851,0.11111775,0.12426355,0.013145797
111.74954,1.9999999,0.2729205,2.2359965,-0.5762663,0.11111775,-0.86320776,-0.11291327,0.10808869,2.335331,0.018271485,-0.0107968245,-0.068231575,0.11205837,0.11194935,-0.000109024346,-0.028504409,-0.028495064,9.344891e-06,0.0057818294,0.005856439,7.460965e-05,2.2463386,2.2419775,-0.0043611526,0.12015542,0.12313979,0.0029843748
111.799545,1.9999999,0.2729205,2.2463386,-0.56391007,0.12015542,-0.81051016,0.4787957,0.10829613,2.3332677,0.021401215,-0.015526883,-0.2709996,0.11257108,0.11244943,-0.00012165308,-0.028082488,-0.027919019,0.00016346946,0.0059730164,0.0063319528,0.00035893638,2.2565048,2.2516387,-0.004866123,0.11876524,0.13312268,0.01435744
111.84955,1.9999999,0.28024492,2.2565048,-0.5593894,0.11876524,0.15135375,-0.82470757,0.12113787,2.344887,0.027372396,-0.037896786,-0.109396175,0.11253125,0.11286006,0.00032880902,-0.027507128,-0.027790887,-0.0002837591,0.005466917,0.006176803,0.00070988573,2.2447455,2.2578976,0.0131521225,0.09991145,0.12830687,0.028395414
111.89954,1.9999999,0.2729205,2.2447455,-0.5408957,0.09991145,-0.14316551,0.4523868,0.11480482,2.3424785,0.024753448,-0.0264665,0.037310887,0.11267887,0.112279534,-0.00039933622,-0.0267247,-0.02684227,-0.00011757016,0.006251573,0.0051972726,-0.0010543005,2.2624092,2.2464359,-0.01597333,0.15015148,0.10797945,-0.04217203
111.94955,1.9999999,0.2729205,2.2624092,-0.52809227,0.15015148,0.5624874,0.5871695,0.12126331,2.337572,0.026617553,-0.0341657,0.030893927,0.11329328,0.11315367,-0.00013960898,-0.025976006,-0.026240012,-0.00026400574,0.006815263,0.007379723,0.0005644597,2.269322,2.263738,-0.0055840015,0.122459054,0.14503741,0.022578359
111.99954,1.9999999,0.2729205,2.269322,-0.51094794,0.122459054,-0.06040346,-0.21664573,0.105135456,2.346496,0.026523486,-0.023377107,0.16067041,0.11371755,0.1135692,-0.00014834851,-0.025112005,-0.02530892,-0.00019691512,0.006923095,0.0061742263,-0.00074886857,2.27938,2.273446,-0.005934,0.15446474,0.12450998,-0.029954754
112.049545,1.9999999,0.26559603,2.27938,-0.49353227,0.15446474,-0.8938503,0.14378013,0.13200341,2.3366084,0.01310877,-0.018098656,-0.096947804,0.11297571,0.11405174,0.0010760278,-0.024303343,-0.024429968,-0.00012662448,0.0072170803,0.007562785,0.0003457046,2.239648,2.2826893,0.04304123,0.13421847,0.14804664,0.013828173
112.09955,1.9999999,0.2729205,2.239648,-0.47860143,0.13421847,-1.0346669,-0.32228366,0.12343828,2.35157,0.00936898,-0.033071887,-0.0065299678,0.112769485,0.11205139,-0.0007180944,-0.0234879,-0.023634324,-0.0001464244,0.0058781416,0.006754653,0.00087651145,2.271131,2.2424078,-0.02872324,0.10090719,0.13596764,0.03506045
112.14954,1.9999999,0.31686714,2.271131,-0.46091458,0.10090719,1.3469046,0.01277957,0.10890428,2.3397527,0.0078053414,-0.018751653,0.33803874,0.11348588,0.11370116,0.00021527708,-0.022749916,-0.022697922,5.1993877e-05,0.005101934,0.0054238266,0.00032189256,2.268304,2.2769153,0.008611202,0.103170164,0.11604588,0.012875713
112.19955,1.9999999,0.31686714,2.268304,-0.44908202,0.103170164,0.6537307,0.40598825,0.115300395,2.3447316,0.017343374,0.0007319875,0.36361513,0.11365591,0.11362181,-3.4101307e-05,-0.022281213,-0.02196183,0.00031938218,0.0056814393,0.005620333,-6.11064e-05,2.2779322,2.276568,-0.0013642311,0.12408741,0.12164313,-0.0024442747
112.24954,1.9999999,0.31686714,2.2779322,-0.44216654,0.12408741,0.047267985,0.33105618,0.11625931,2.3370655,0.023246037,0.017609857,-0.007319875,0.11380085,0.114105225,0.00030437112,-0.02176926,-0.02163155,0.00013770908,0.006010302,0.006502222,0.0004919199,2.274102,2.286277,0.012175083,0.11632466,0.13600147,0.019676805
112.299545,1.9999999,0.31686714,2.274102,-0.42860386,0.11632466,-1.3947116,-0.03550628,0.117331,2.352476,0.018602546,0.0,-0.22629967,0.11376428,0.11387922,0.00011494011,-0.021111537,-0.020958396,0.0001531411,0.006138765,0.0062461784,0.00010741362,2.2764692,2.2810667,0.0045974255,0.12922592,0.13352247,0.004296541
112.34955,1.9999999,0.31686714,2.2764692,-0.41585764,0.12922592,-0.8241812,-0.4455968,0.13279262,2.3439295,0.0055383136,-0.00502011,-0.2614915,0.113862656,0.11396255,9.9897385e-05,-0.020574907,-0.020376166,0.00019874051,0.006944474,0.006784366,-0.00016010785,2.278037,2.2820327,0.003995657,0.14855303,0.14214873,-0.0064042956
112.39954,1.9999999,0.31686714,2.278037,-0.40713868,0.14855303,-0.027062,-0.32963294,0.1410627,2.3332546,0.0025334426,-0.026149152,-0.34012058,0.11404496,0.113881245,-0.00016371161,-0.019848531,-0.02005352,-0.00020498969,0.007166225,0.0074457424,0.00027951738,2.283761,2.2772126,-0.0065484047,0.13809596,0.14927667,0.011180714
112.44955,1.9999999,0.31686714,2.283761,-0.38680258,0.13809596,-0.241429,1.0372204,0.12691568,2.3337104,0.003017439,-0.03903217,0.03096741,0.11429459,0.114120744,-0.0001738444,-0.018957581,-0.019094521,-0.00013693981,0.006443911,0.0067765773,0.0003326661,2.2880225,2.281069,-0.006953478,0.1196605,0.13296711,0.013306618
112.59955,1.9999999,0.28756937,2.2922082,-0.34076256,0.10704666,-1.6865577,-0.08916346,0.11981625,2.3370962,0.01576388,-0.03137735,0.02535759,0.11469588,0.11462345,-7.2427094e-05,-0.016793143,-0.016670272,0.00012287125,0.005864691,0.0056778947,-0.0001867963,2.2956269,2.2927299,-0.0028970242,0.12754098,0.12006913,-0.0074718446
112.64954,1.9999999,0.28024492,2.2956269,-0.33096313,0.12754098,-0.7795008,0.11391795,0.13160893,2.3243892,0.009207487,-0.017597605,0.010326282,0.11503596,0.11482561,-0.00021035224,-0.016187245,-0.016198862,-1.1617318e-05,0.0060717543,0.0065221163,0.000450362,2.3058114,2.2973974,-0.00841403,0.1153292,0.13334365,0.018014453
112.69955,1.9999999,0.28756937,2.3058114,-0.31652665,0.1153292,1.37261,0.15692104,0.09818039,2.3288178,0.019819343,-0.030344719,0.034166582,0.1152946,0.11529114,-3.4570694e-06,-0.015641324,-0.015575874,6.545056e-05,0.005397002,0.005974184,0.0005771816,2.3059726,2.3058345,-0.00013804436,0.100550875,0.123638146,0.02308727
112.74954,1.9999999,0.2948938,2.3059726,-0.30912632,0.100550875,-0.5953616,-0.236828,0.09418253,2.3447702,0.017319225,-0.014180946,0.14829563,0.1148774,0.11539134,0.0005139336,-0.014992809,-0.015122208,-0.00012939889,0.0051084477,0.0053669116,0.0002584639,2.2891235,2.309681,0.020557404,0.103787035,0.114125594,0.01033856
112.799545,1.9999999,0.31686714,2.2891235,-0.29058605,0.103787035,-1.3514367,0.11276327,0.13627844,2.3386552,0.018767275,-0.015515157,-0.11594478,0.11514635,0.114555456,-0.00059089065,-0.014352688,-0.014111034,0.000241654,0.0054694717,0.0057345727,0.00026510097,2.3167305,2.2930944,-0.023636103,0.11499183,0.12559587,0.010604039
112.84955,1.9999999,0.31686714,2.3167305,-0.28352147,0.11499183,-0.12901205,-0.019391628,0.10766572,2.3509834,0.016598064,-0.025775425,-0.29996827,0.11517045,0.1158598,0.00068935007,-0.013839211,-0.013851193,-1.1981465e-05,0.0054807356,0.006325528,0.00084479246,2.2900872,2.317661,0.027573824,0.1042376,0.13802928,0.033791676
112.89954,1.9999999,0.31686714,2.2900872,-0.27004698,0.1042376,0.06393797,0.59222746,0.15670632,2.3279161,0.024565812,-0.045511983,-0.09423011,0.11492006,0.11450701,-0.0004130453,-0.01312736,-0.013240248,-0.0001128884,0.0051804422,0.005880199,0.00069975667,2.306715,2.2901928,-0.01652217,0.102980085,0.13097036,0.027990274
112.94955,1.9999999,0.31686714,2.306715,-0.2550474,0.102980085,0.6866446,0.3536966,0.122052066,2.3430772,0.026868569,-0.035198435,-0.015529805,0.11504689,0.11537526,0.00032836944,-0.012347738,-0.012528911,-0.00018117297,0.006366374,0.005861494,-0.00050487975,2.2951608,2.3082955,0.013134718,0.15167487,0.13147968,-0.020195186
112.99954,1.9999999,0.38280892,2.2951608,-0.23886214,0.15167487,1.0118146,0.2512784,0.10260482,2.3366518,0.044277936,-0.047064964,0.005737485,0.11493151,0.114759326,-0.00017218292,-0.011421052,-0.01178731,-0.00036625843,0.0085039865,0.007998141,-0.00050584506,2.3020997,2.2952123,-0.006887436,0.18848461,0.1682508,-0.02023381
113.049545,1.9999999,0.38280892,2.3020997,-0.21797992,0.18848461,-0.38007188,0.7067728,0.17637016,2.3288102,0.044794522,-0.03462469,0.069699176,0.11511631,0.11513235,1.603365e-05,-0.01033622,-0.010630048,-0.00029382762,0.008979635,0.009453364,0.0004737284,2.3025527,2.303194,0.000641346,0.17070082,0.18964994,0.018949121
113.09955,1.9999999,0.38280892,2.3025527,-0.1954689,0.17070082,-0.83574533,-0.60791034,0.20201978,2.331543,0.043706637,-0.040095046,-0.16545814,0.11525892,0.11514332,-0.00011559576,-0.009243428,-0.00945781,-0.00021438207,0.008392773,0.008935885,0.00054311194,2.3078039,2.30318,-0.00462389,0.1650101,0.18673456,0.021724463
113.14954,1.9999999,0.37548447,2.3078039,-0.1742682,0.1650101,-0.9598168,0.3064299,0.14430232,2.3293846,0.049630206,-0.0511705,0.12108461,0.11525984,0.11540764,0.00014779717,-0.0081361085,-0.008300302,-0.0001641931,0.009480121,0.008588749,-0.00089137163,2.3025897,2.3085017,0.0059120655,0.21419473,0.17853987,-0.035654858
113.19955,1.9999999,0.35351115,2.3025897,-0.15117614,0.21419473,-0.33527362,-0.44887546,0.20362814,2.3227043,0.03798523,-0.027986586,0.015134472,0.114746936,0.11515132,0.0004043877,-0.0072637843,-0.0072127953,5.098898e-05,0.010380451,0.010546135,0.00016568415,2.2872877,2.3034632,0.016175508,0.20102331,0.20765063,0.0066273212
113.24954,1.9999999,0.33886227,2.2872877,-0.13937522,0.20102331,0.022823688,0.13763572,0.20494622,2.3173091,0.052662842,-0.049657054,0.15428157,0.11486212,0.11435487,-0.0005072504,-0.00630489,-0.006577395,-0.00027250499,0.010034237,0.009931299,-0.00010293815,2.3071969,2.2869074,-0.020289421,0.20034617,0.19622862,-0.0041175485
113.299545,1.9999999,0.3242134,2.3071969,-0.112820365,0.20034617,-0.9101487,-0.19799522,0.18908174,2.3273554,0.05649905,-0.01255843,0.46731973,0.11568898,0.115492225,-0.00019675493,-0.0047355355,-0.0051288884,-0.00039335294,0.010676992,0.009743004,-0.000933988,2.3203623,2.312492,-0.007870436,0.2267335,0.18937397,-0.037359536
113.34955,1.9999999,0.3242134,2.3203623,-0.07660105,0.2267335,-0.9359852,-0.73637515,0.19477434,2.3214202,0.047315527,-0.0029250819,-0.0669083,0.11628985,0.11611726,-0.00017258525,-0.0032079932,-0.0034447785,-0.00023678527,0.01061205,0.010757106,0.00014505628,2.3312316,2.324328,-0.0069036484,0.1977485,0.20355077,0.0058022738
113.39954,1.9999999,0.3242134,2.3312316,-0.051718675,0.1977485,-1.2742243,-1.4439086,0.17720059,2.3225334,0.03459765,-0.01924926,-0.15468228,0.115575224,0.11659407,0.0010188445,-0.0017925337,-0.0022668724,-0.00047433877,0.008538468,0.009586704,0.0010482362,2.2917774,2.332531,0.040753603,0.14379022,0.18571964,0.041929424
113.44955,1.9999999,0.2948938,2.2917774,-0.019982671,0.14379022,2.1900265,1.0431719,0.20238586,2.284861,0.030831993,-0.01839331,-0.118915245,0.1141495,0.114453055,0.00030355155,-0.00084199203,-0.00071994925,0.00012204278,0.00714896,0.00713387,-1.509022e-05,2.2742026,2.2863445,0.012141943,0.14216818,0.14156458,-0.00060360134
113.49954,1.9999999,0.28024492,2.2742026,-0.0136970095,0.14216818,3.2564034,0.75480634,0.13541774,2.3187177,0.040553614,-0.031140786,-0.09804457,0.11416413,0.1135679,-0.00059622526,-0.0004992389,-0.0005351294,-3.5890494e-05,0.007117886,0.007090909,-2.6977155e-05,2.2923625,2.2685137,-0.023848772,0.14254726,0.1414682,-0.0010790676
113.549545,1.9999999,0.26559603,2.2923625,-0.0062725456,0.14254726,-1.3828741,-0.12581804,0.1605762,2.3092897,0.06631347,-0.028197767,0.02453575,0.11513993,0.11451632,-0.0006236136,3.8269627e-05,-0.00015614815,-0.00019441778,0.008013556,0.006908974,-0.0011045816,2.3132348,2.2882903,-0.024944544,0.17799497,0.1338117,-0.04418327
113.59955,1.9999999,0.2436227,2.3132348,0.0078033307,0.17799497,-0.7184077,0.7351607,0.1385532,2.3199475,0.040582243,-0.02868721,-0.11529666,0.115522996,0.115563944,4.094839e-05,0.00092444354,0.00055980496,-0.00036463857,0.007647513,0.008423166,0.0007756534,2.3076851,2.309323,0.0016379356,0.12790555,0.15893167,0.031026125
113.64954,1.9999999,0.2582716,2.3076851,0.02917441,0.12790555,1.6969693,0.5601714,0.13631046,2.3171053,0.042333927,-0.039727435,0.12933873,0.11531338,0.115335464,2.208352e-05,0.0019626205,0.0016213137,-0.0003413068,0.0062235272,0.006328107,0.00010457961,2.30485,2.3057337,0.00088357925,0.12103554,0.12521872,0.0041831806
113.69955,1.9999999,0.2582716,2.30485,0.04933041,0.12103554,1.3016753,1.2854358,0.12319792,2.3255382,0.050129797,-0.015753338,0.04248169,0.11562084,0.11529162,-0.0003292188,0.0027644825,0.0026643903,-0.000100092264,0.0064396113,0.0062170564,-0.0002225549,2.3199832,2.3068147,-0.013168573,0.1365489,0.12764671,-0.008902192
113.84955,1.9999999,0.22895204,2.314296,0.09343092,0.10649499,-1.6432502,-0.46177715,0.13150369,2.3293886,0.039271068,-0.015099762,0.25491595,0.115814984,0.11585384,3.8854778e-05,0.005020435,0.005053084,3.264891e-05,0.0057859025,0.0056040697,-0.00018183282,2.3183033,2.3198571,0.0015537739,0.1249411,0.1176678,-0.0072733015
113.89954,1.9999999,0.20697871,2.3183033,0.107386485,0.1249411,-0.15918599,0.48956895,0.13444015,2.3147738,0.04178179,-0.0071410425,-0.10081457,0.115816265,0.116048634,0.00023236871,0.005782591,0.0057195085,-6.308267e-05,0.006358961,0.0063863406,2.7379487e-05,2.314347,2.323642,0.009294987,0.12941733,0.1305125,0.0010951757
113.94955,1.9999999,0.19965427,2.314347,0.12391716,0.12941733,-1.5554082,-0.49604928,0.09871142,2.3294368,0.03406824,-0.025181219,-0.35356912,0.11652884,0.115747474,-0.00078136474,0.0066409744,0.006449166,-0.00019180821,0.007079018,0.006479693,-0.0005993247,2.3468063,2.3155518,-0.03125453,0.15374339,0.1297704,-0.023972988
113.99954,1.9999999,0.19965427,2.3468063,0.14172181,0.15374339,-0.5863831,-0.8451401,0.11864303,2.3289597,0.015892744,-0.042497955,-0.0015052799,0.116806045,0.11727526,0.0004692152,0.0072290697,0.007201824,-2.7245842e-05,0.006044891,0.0072553544,0.0012104632,2.3254354,2.344204,0.018768549,0.088052265,0.13647078,0.048418514
114.049545,1.9999999,0.19965427,2.3254354,0.14744098,0.088052265,2.0758936,0.10787644,0.07781379,2.3305223,0.0015092996,-0.025331747,0.3109947,0.115630426,0.11622705,0.0005966276,0.007584837,0.007499199,-8.5637905e-05,0.004720617,0.0042839735,-0.0004366436,2.2997816,2.3236465,0.023864985,0.10077242,0.08330667,-0.017465748
114.09955,1.9999999,0.15570761,2.2997816,0.15595248,0.10077242,1.182725,0.08887101,0.10204274,2.3298588,0.028646585,-0.011398482,0.297381,0.11572599,0.115019895,-0.0007060915,0.00816967,0.00803272,-0.00013695005,0.005641276,0.0049403715,-0.0007009045,2.329258,2.3010144,-0.028243542,0.124878615,0.09684242,-0.028036192
114.14954,1.9999999,0.14103693,2.329258,0.17083432,0.124878615,-0.472946,0.30452928,0.09061998,2.3347728,0.043794412,0.0044063544,-0.083519354,0.11623946,0.116491966,0.00025250763,0.008793926,0.008757117,-3.6808662e-05,0.0047796112,0.0059010983,0.001121487,2.3203204,2.3304207,0.010100365,0.06630584,0.11116532,0.044859484
114.19955,1.9999999,0.12638804,2.3203204,0.18092272,0.06630584,-1.1773661,0.88658446,0.074360445,2.3384547,0.040091474,-0.019750418,-0.17941189,0.1166112,0.11599039,-0.0006208047,0.009285307,0.009238087,-4.7219917e-05,0.0032226117,0.0033763752,0.00015376345,2.3441277,2.3192952,-0.024832487,0.06259863,0.06874917,0.0061505362
114.24954,1.9999999,0.11173916,2.3441277,0.19048953,0.06259863,-0.2271931,-0.20667504,0.032089096,2.3507493,0.031140482,-0.013534834,0.06978027,0.117187634,0.11724825,6.0617924e-05,0.009545012,0.009717236,0.0001722239,0.0013740106,0.0031549798,0.0017809692,2.3433778,2.345802,0.00242424,-0.0076382067,0.06360055,0.071238756
114.299545,1.9999999,0.060468063,2.3433778,0.19131097,-0.0076382067,0.7544197,0.20579028,0.0023978425,2.3578904,0.04424465,-0.012772391,0.014781612,0.11749091,0.11720101,-0.0002899021,0.009640801,0.009695336,5.4535456e-05,0.0011245729,0.00010460783,-0.0010199652,2.3562586,2.3446624,-0.011596203,0.052621122,0.011822518,-0.040798604
114.34955,1.9999999,0.08976583,2.3562586,0.19432105,0.052621122,1.314495,0.43114412,0.06651137,2.3657882,0.04359559,-0.012056673,0.09653965,0.11879466,0.11784976,-0.00094489753,0.010111329,0.009882945,-0.00022838451,0.003749656,0.002901179,-0.000848477,2.3955278,2.3577316,-0.03779626,0.097365126,0.06342603,-0.033939093
114.39954,1.9999999,0.067792505,2.3955278,0.2101321,0.097365126,1.3833805,1.0969467,0.08148346,2.3742247,0.037281442,-0.003118426,0.1597131,0.119544,0.11988101,0.0003370121,0.010513532,0.010703365,0.00018983334,0.003919436,0.004724604,0.00080516795,2.3862321,2.3997128,0.013480663,0.059412315,0.09161902,0.032206707
114.44955,1.9999999,0.067792505,2.3862321,0.21040916,0.059412315,0.8876012,0.44766754,0.050843127,2.389334,0.038110457,0.003914638,-0.03531495,0.11896418,0.11945386,0.00048968196,0.010642827,0.010714118,7.129181e-05,0.002045126,0.0030415922,0.0009964663,2.3723352,2.3919225,0.019587278,0.022392722,0.062251367,0.039858647
114.49954,1.9999999,0.060468063,2.3723352,0.2153039,0.022392722,1.0761243,0.27159578,0.01555144,2.3968875,0.043566335,-0.006649921,-0.1919527,0.11905336,0.11874006,-0.0003132969,0.010804321,0.010863248,5.8927573e-05,0.0006503546,0.0015140644,0.0008637098,2.389799,2.377267,-0.012532234,0.003621463,0.038169853,0.03454839
114.549545,1.9999999,0.067792505,2.389799,0.21686895,0.003621463,0.35659406,-0.02765135,-0.0036441705,2.4037125,0.047133386,-0.015280632,-0.2758246,0.11922687,0.11958718,0.00036031008,0.010811131,0.010912075,0.00010094326,0.00020674184,0.0007704366,0.00056369475,2.3792758,2.393688,0.014412165,0.0046482105,0.027196001,0.02254779
114.59955,1.9999999,0.097090274,2.3792758,0.2155763,0.0046482105,-0.62932736,0.008072929,0.002404599,2.401271,0.04202249,-0.03423238,-0.079839915,0.11952223,0.11897266,-0.0005495697,0.010984705,0.010882731,-0.000101974234,0.001221687,0.0007983314,-0.00042335555,2.4016135,2.3796303,-0.021983147,0.044219267,0.027285043,-0.016934223
114.64954,1.9999999,0.1190636,2.4016135,0.22381191,0.044219267,0.09308138,0.74235356,0.056979887,2.4014366,0.040274225,-0.023264624,0.26226082,0.12058248,0.12009623,-0.0004862547,0.01162674,0.01139509,-0.00023164973,0.0029866947,0.0025280453,-0.00045864936,2.421686,2.4022355,-0.019450426,0.075248525,0.056902546,-0.018345978
114.69955,1.9999999,0.1703565,2.421686,0.24125768,0.075248525,0.74449515,0.72660786,0.087520756,2.4222653,0.052697964,-0.008006299,0.23133643,0.1215658,0.12114024,-0.0004255548,0.012175696,0.012363823,0.00018812716,0.0031432218,0.004082575,0.00093935314,2.440946,2.4239237,-0.017022371,0.050480347,0.08805447,0.037574124
114.74954,1.9999999,0.1703565,2.440946,0.24577017,0.050480347,-0.24735288,0.4037492,0.05940699,2.4391685,0.050487075,-0.00013097978,-0.1363359,0.12204648,0.122192316,0.00014583766,0.012420462,0.012610532,0.0001900699,0.0020864708,0.0033423696,0.0012558987,2.4409132,2.4467459,0.005832672,0.03297849,0.08321443,0.050235942
114.799545,1.9999999,0.2216276,2.4409132,0.25104833,0.03297849,-0.93283147,0.08719269,0.06565591,2.4591022,0.04312137,-0.021639887,-0.27476025,0.12168339,0.122180484,0.0004970953,0.012796569,0.012946108,0.00014953967,0.003718219,0.0029337676,-0.0007844514,2.4264224,2.4463062,0.019883871,0.11575027,0.084372215,-0.031378053
114.84955,1.9999999,0.19965427,2.4264224,0.26081443,0.11575027,-0.38158193,-0.104225546,0.110726364,2.4616752,0.03542871,-0.027607005,-0.19314936,0.12103852,0.12140619,0.00036767125,0.0133393435,0.013299099,-4.024431e-05,0.0059770504,0.006280592,0.00030354178,2.4151185,2.429825,0.014706612,0.12333174,0.13547343,0.01214169
114.89954,1.9999999,0.19965427,2.4151185,0.27275932,0.12333174,0.0012797752,-0.93851995,0.12656008,2.4503431,0.04144001,-0.040954825,-0.045486018,0.12029404,0.12070038,0.00040633976,0.013817996,0.01374608,-7.19158e-05,0.0064716563,0.005961445,-0.0005102111,2.3966432,2.4128966,0.016253471,0.13553451,0.11512605,-0.020408459
114.94955,1.9999999,0.21430315,2.3966432,0.2799605,0.13553451,-0.022365771,-0.89762485,0.12115257,2.4189682,0.045673933,-0.032155607,0.23858172,0.11944532,0.11984775,0.00040243566,0.014524281,0.014093746,-0.0004305346,0.00590146,0.006345592,0.0004441319,2.3811696,2.397267,0.016097546,0.10052389,0.11828916,0.017765269
114.99954,1.9999999,0.21430315,2.3811696,0.3010107,0.10052389,-0.06777234,-0.31852016,0.10124321,2.4162078,0.044608712,-0.017096652,-0.021101343,0.11838445,0.11902356,0.0006391108,0.015242091,0.015200475,-4.161615e-05,0.0053724027,0.005021434,-0.0003509689,2.3542085,2.3797727,0.025564194,0.11437221,0.10033345,-0.0140387565
115.049545,1.9999999,0.21430315,2.3542085,0.30867293,0.11437221,0.18730028,-0.19457504,0.1090108,2.3875332,0.03211844,-0.03426574,-0.04185842,0.11715906,0.11761004,0.0004509762,0.015802275,0.015591018,-0.00021125749,0.005552098,0.005782456,0.00023035798,2.332154,2.350193,0.018038988,0.10771171,0.11692603,0.009214319
115.09955,1.9999999,0.23629826,2.332154,0.32341805,0.10771171,0.4962152,0.7319824,0.10591661,2.3833542,0.03401772,-0.021282494,0.13099903,0.11642211,0.11653292,0.000110812485,0.016482374,0.016415797,-6.6576526e-05,0.005707229,0.0054777423,-0.00022948673,2.3247302,2.329163,0.0044329166,0.12057745,0.111397974,-0.009179473
115.14954,1.9999999,0.2729205,2.3247302,0.3358769,0.12057745,-0.6547459,0.26030612,0.110413544,2.3717108,0.037650015,-0.021165838,-0.10627061,0.11600019,0.11616013,0.00015994161,0.017254049,0.017068878,-0.00018517114,0.0054855198,0.0061891535,0.00070363376,2.3152773,2.321675,0.006397724,0.09884334,0.12698868,0.028145336
115.19955,1.9999999,0.19232982,2.3152773,0.35428503,0.09884334,-1.6238736,-0.09086493,0.09396996,2.3697813,0.034849633,-0.031909555,-0.058390316,0.11598824,0.11572199,-0.0002662465,0.017966248,0.018049648,8.339994e-05,0.005210512,0.0051822998,-2.821209e-05,2.3242524,2.3136024,-0.0106499195,0.10957713,0.108448654,-0.0011284724
115.24954,1.9999999,0.18500538,2.3242524,0.36436486,0.10957713,-0.5975893,-0.051789023,0.10260222,2.3578107,0.030504355,-0.02700487,0.12346193,0.11597624,0.11618792,0.0002116859,0.018328387,0.018515585,0.0001871977,0.005320105,0.005434417,0.000114312395,2.3147972,2.3232644,0.008467197,0.10322707,0.10779955,0.004572481
115.299545,1.9999999,0.18500538,2.3147972,0.36877066,0.10322707,0.34519365,-0.46683353,0.09309135,2.353665,0.035983954,-0.019563362,0.1960842,0.11542331,0.115779854,0.00035654753,0.018665334,0.018703505,3.8171187e-05,0.005012347,0.0051041287,9.178184e-05,2.3021352,2.3163967,0.014261484,0.09726679,0.100938074,0.003671281
115.34955,1.9999999,0.19232982,2.3021352,0.3778427,0.09726679,0.66094536,0.97853863,0.10159954,2.3475025,0.041600376,-0.00739645,0.1953234,0.11502359,0.11515012,0.00012652576,0.019192982,0.019227007,3.402494e-05,0.004365816,0.004910656,0.00054484,2.2988083,2.3038695,0.0050611496,0.07736584,0.099159434,0.021793596
115.39954,1.9999999,0.19232982,2.2988083,0.3898766,0.07736584,0.52247417,0.03942828,0.08666466,2.3512106,0.04034021,-3.102299e-05,-0.0050964807,0.11515932,0.114992574,-0.000166744,0.019801382,0.019830821,2.9439107e-05,0.004028328,0.0041710744,0.00014274614,2.3075645,2.3008947,-0.0066697598,0.08376728,0.08947712,0.005709842
115.44955,1.9999999,0.19232982,2.3075645,0.40217867,0.08376728,0.3274568,-0.81756824,0.074133724,2.351469,0.039874636,-0.007906098,-0.12193005,0.1154683,0.11539262,-7.5683e-05,0.020324443,0.020342393,1.7950311e-05,0.004266201,0.004416416,0.00015021488,2.3111675,2.30814,-0.0030274391,0.08688076,0.092889346,0.006008588
115.49954,1.9999999,0.1703565,2.3111675,0.410799,0.08688076,-0.47066307,-0.53787345,0.088002495,2.350083,0.039752036,-0.012224028,-0.09782488,0.11587566,0.11552327,-0.0003523901,0.020727528,0.020748788,2.1260232e-05,0.0025772175,0.004394155,0.0018169375,2.323859,2.309763,-0.014096022,0.016207943,0.08888545,0.07267751
115.549545,1.9999999,0.1190636,2.323859,0.41830212,0.016207943,-0.7541521,1.138155,0.022414954,2.3548071,0.049554273,-0.017688585,0.1302526,0.11609559,0.11617887,8.328259e-05,0.020914702,0.021215934,0.00030123256,0.0006500694,0.0012441401,0.0005940707,2.3199646,2.323296,0.0033314228,0.009794834,0.033557657,0.023762822
115.59955,1.9999999,0.097090274,2.3199646,0.41828594,0.009794834,-0.7285339,0.1329912,-0.0053162314,2.3642256,0.045419503,0.0008012317,0.3117411,0.115973726,0.11609042,0.00011669099,0.020890685,0.021321444,0.00043075904,0.00057759136,0.0010565136,0.00047892227,2.3189845,2.3236518,0.004667282,0.013308819,0.032465708,0.019156888
115.64954,1.9999999,0.07511695,2.3189845,0.41734144,0.013308819,0.52453893,-0.6321141,0.016358167,2.3676434,0.059940893,0.013485526,0.05036109,0.11551464,0.116061404,0.00054676086,0.020829754,0.021212053,0.0003822986,0.0010051669,0.0011508096,0.00014564267,2.3016014,2.3234715,0.021870136,0.026897859,0.032723565,0.005825706
115.69955,1.9999999,0.067792505,2.3016014,0.41584873,0.026897859,-0.26123047,0.017411742,0.027106693,2.3431835,0.043570768,0.0058373404,-0.094490506,0.11521812,0.11518361,-3.451109e-05,0.020878837,0.021122044,0.00024320744,0.0012763791,0.0018370952,0.00056071614,2.3071234,2.3057427,-0.001380682,0.024157306,0.04658595,0.022428645
115.74954,1.9999999,0.060468063,2.3071234,0.41930473,0.024157306,0.31918594,0.1715094,0.033290572,2.3600886,0.04903178,0.004036475,-0.13091367,0.11511391,0.115457706,0.0003437996,0.020995732,0.02123694,0.00024120696,0.0016305952,0.0016797709,4.9175695e-05,2.297433,2.311185,0.013751984,0.0410665,0.043033525,0.001967024
115.799545,1.9999999,0.04579738,2.297433,0.42052454,0.0410665,0.6638242,0.0031620436,0.0073121176,2.3424928,0.05218723,-0.0072540264,-0.33378243,0.11512425,0.114961736,-0.00016251206,0.021131609,0.02122269,9.1081485e-05,0.0016710068,0.0022935045,0.00062249776,2.307537,2.3010364,-0.006500721,0.02577377,0.050673675,0.024899906
115.84955,1.9999999,0.0,2.307537,0.4247398,0.02577377,-0.3827238,1.2940564,-0.027080296,2.3444717,0.04342851,-0.029341767,-0.09988144,0.11555099,0.115472816,-7.817149e-05,0.021215372,0.021340149,0.00012477674,-0.00025830936,0.001428235,0.0016865444,2.3145022,2.3113756,-0.0031266212,-0.036106143,0.03135563,0.067461774
115.89954,1.9999999,-0.023802256,2.3145022,0.4238751,-0.036106143,0.68993324,-0.018614665,-0.055109072,2.3561866,0.05414763,-0.01724217,0.23192248,0.1163083,0.11578661,-0.00052168965,0.021192148,0.021338467,0.00014631823,-0.0023280957,-0.0016550753,0.0006730204,2.3378298,2.3169622,-0.020867586,-0.057017684,-0.03009687,0.026920814
115.94955,1.9999999,-0.1190418,2.3378298,0.42381087,-0.057017684,0.2504341,0.20646732,-0.05070588,2.370814,0.056689013,-0.0061495197,0.23437828,0.116645336,0.11693151,0.0002861768,0.020875962,0.021362865,0.0004869029,-0.0031993694,-0.0025171677,0.0006822017,2.3279836,2.3394306,0.011446953,-0.070957094,-0.04366902,0.027288076
115.99954,1.9999999,-0.2216058,2.3279836,0.41122764,-0.070957094,0.66255975,0.0799203,-0.08424366,2.3521707,0.061272252,0.0061956565,0.023680294,0.11651139,0.116489075,-2.2314489e-05,0.020461394,0.02073584,0.00027444586,-0.0039450526,-0.0029826963,0.00096235634,2.332472,2.3315794,-0.00089263916,-0.086845,-0.04835075,0.03849425
116.049545,1.9999999,-0.24360092,2.332472,0.40722805,-0.086845,-0.033836838,-0.23920307,-0.09241826,2.363677,0.05625448,-0.0037814903,-0.02482376,0.116343245,0.116755925,0.0004126802,0.019965451,0.020588337,0.0006228853,-0.0048273527,-0.0036499128,0.0011774399,2.3212576,2.337765,0.016507387,-0.1062491,-0.059151523,0.04709758
116.09955,1.9999999,-0.39011157,2.3212576,0.39139,-0.1062491,-0.026843585,0.28384733,-0.11015239,2.3508048,0.04922672,0.0037132802,-0.055009786,0.11607327,0.116239764,0.00016649067,0.019191654,0.01986834,0.00067668594,-0.0056002075,-0.004431303,0.0011689044,2.3216734,2.3283331,0.006659746,-0.1177592,-0.07100302,0.04675618
116.14954,1.9999999,-0.40476045,2.3216734,0.37627617,-0.1177592,0.75929624,0.096006975,-0.08930203,2.348226,0.05992067,-0.009282469,0.022429764,0.11615316,0.11627648,0.00012332201,0.01866086,0.019179944,0.0005190838,-0.005042838,-0.0050954386,-5.2600633e-05,2.324453,2.3293858,0.004932642,-0.08395432,-0.08605833,-0.0021040142
116.19955,1.9999999,-0.40476045,2.324453,0.37015823,-0.08395432,1.2004545,-0.13334303,-0.023369884,2.3554122,0.06037178,0.0059562568,-0.15142001,0.11629444,0.116405204,0.00011076033,0.018442178,0.018909639,0.0004674606,-0.0027015624,-0.0033802667,-0.00067870435,2.3273249,2.331755,0.0044300556,-0.024108177,-0.05125635,-0.027148174
116.24954,1.9999999,-0.397436,2.3273249,0.3675289,-0.024108177,-0.24341428,-0.2324419,-0.0024677156,2.3622055,0.055315327,-0.02442447,0.080131866,0.11648259,0.116561286,7.869303e-05,0.01836505,0.018704183,0.00033913366,-0.00068502035,-0.0010134075,-0.00032838713,2.3319788,2.3351264,0.003147602,-0.003292638,-0.016428124,-0.013135486
116.299545,1.9999999,-0.19230802,2.3319788,0.36707312,-0.003292638,-0.9056603,-0.510358,0.034137063,2.352829,0.05010944,0.013969443,0.0704664,0.11643022,0.11671944,0.00028921664,0.018356303,0.018626101,0.00026979856,0.00063365063,-3.3788385e-07,-0.00063398853,2.3252301,2.3367984,0.011568308,0.028638665,0.0032791235,-0.025359541
116.34955,1.9999999,0.0,2.3252301,0.36717904,0.028638665,0.8584038,-0.039960302,0.021431632,2.3441784,0.054023657,-0.01737783,-0.22604616,0.116043776,0.11629697,0.00025319308,0.018439345,0.018603632,0.00016428716,0.001055023,0.0016852899,0.00063026685,2.316521,2.3266487,0.010127783,0.013562257,0.03877293,0.025210671
116.39954,1.9999999,0.0,2.316521,0.37039474,0.013562257,1.3640019,-0.060546197,0.020627776,2.3408716,0.057477236,-0.008635173,0.2324396,0.115470424,0.11587118,0.00040075928,0.018526167,0.018756283,0.00023011677,0.00072588073,0.00074983167,2.3950939e-05,2.3022962,2.3183262,0.016030073,0.015472971,0.016431008,0.00095803663
116.44955,1.9999999,0.0,2.3022962,0.37065193,0.015472971,1.2223705,-0.2801734,0.009575523,2.3351789,0.05063847,0.0058661317,0.102057844,0.11494791,0.11514469,0.00019678473,0.018561473,0.018696446,0.00013497286,0.0004808336,0.00090263266,0.00042179905,2.2956202,2.3034916,0.007871389,0.0037603732,0.020632334,0.01687196
116.49954,1.9999999,0.0,2.2956202,0.37180695,0.0037603732,0.995912,-0.45795718,0.0034869877,2.3296514,0.06417392,0.0015706122,0.29234755,0.11451396,0.114832774,0.00031881034,0.018588508,0.018768124,0.00017961673,0.0006593452,0.0003150571,-0.00034428807,2.2849383,2.2976906,0.012752295,0.022613434,0.008841913,-0.013771521
116.549545,1.9999999,0.0,2.2849383,0.37173334,0.022613434,0.15302405,-0.15528116,0.00888339,2.3187904,0.06340283,0.035100885,0.054192446,0.11435192,0.114357285,5.364418e-06,0.018646471,0.018782267,0.00013579614,0.0009826109,0.0013621071,0.00037949625,2.2891386,2.289353,0.0002143383,0.016691001,0.03187085,0.015179848
116.59955,1.9999999,0.0,2.2891386,0.37412548,0.016691001,-0.40228942,0.23248136,0.017121086,2.3237877,0.05307273,0.0069898567,-0.35100886,0.11365959,0.11456797,0.00090838224,0.018634878,0.018966615,0.0003317371,0.00045742726,0.00125569,0.0007982628,2.257245,2.2935805,0.03633547,0.00160609,0.033536594,0.031930506
116.64954,1.9999999,0.0,2.257245,0.3712696,0.00160609,0.7351561,-0.11765441,0.019289533,2.3132105,0.04468886,0.0,-0.26252425,0.1136372,0.11295495,-0.00068224967,0.018744795,0.018819397,7.460266e-05,0.00036821066,0.00050979294,0.00014158228,2.2882428,2.260953,-0.027289867,0.013122336,0.01878563,0.0056632934
116.69955,1.9999999,0.0,2.2882428,0.3785222,0.013122336,-0.54547864,-0.3658557,0.015505501,2.316127,0.053812083,-0.019262569,-0.04424945,0.11395041,0.11441024,0.00045982748,0.018884122,0.01908238,0.00019825809,0.00070030446,0.00061490166,-8.5402804e-05,2.2697735,2.2881668,0.018393278,0.014889843,0.011473734,-0.003416109
116.74954,1.9999999,0.0,2.2697735,0.3768427,0.014889843,0.0009975394,0.98770183,0.009238393,2.3120818,0.05530248,-0.004424945,0.35544124,0.11338495,0.11350224,0.00011729449,0.018874671,0.019070528,0.00019585714,0.00057002023,0.0006128127,4.2792468e-05,2.2656243,2.2703161,0.004691839,0.007910967,0.009622663,0.0017116964
116.799545,1.9999999,0.0,2.2656243,0.37814417,0.007910967,0.43518287,0.22255741,-0.0021071024,2.3230186,0.056578495,0.016281554,-0.06354546,0.113178365,0.113366224,0.00018785894,0.018898217,0.01911861,0.00022039376,0.0005958408,0.00065047835,5.4637552e-05,2.2615101,2.2690246,0.007514477,0.015922666,0.018108167,0.0021855012
116.84955,1.9999999,0.0,2.2615101,0.37778452,0.015922666,0.22623608,0.4793837,0.0038103743,2.319124,0.064812884,-0.010779491,-0.4344737,0.11358722,0.11323887,-0.0003483519,0.01905223,0.019081162,2.8932467e-05,0.0012033703,0.0013527283,0.00014935806,2.2819788,2.2680447,-0.013934135,0.03221215,0.03818647,0.005974319
116.89954,1.9999999,0.0,2.2819788,0.38430464,0.03221215,-1.1885763,0.23467024,0.027347092,2.3165836,0.06748756,-0.027165815,0.022134202,0.113630556,0.114199094,0.0005685389,0.019188873,0.019341707,0.00015283376,0.0017770075,0.0016334777,-0.00014352973,2.2632434,2.2859848,0.022741318,0.03886815,0.03312696,-0.00574119
116.94955,1.9999999,0.0,2.2632434,0.38325027,0.03886815,-0.3369781,-0.17367245,0.031727117,2.3266249,0.06944235,-0.00856607,0.15494291,0.11361106,0.11322289,-0.0003881678,0.019348126,0.0193034,-4.4725835e-05,0.0017105353,0.001642966,-6.7569315e-05,2.281199,2.2656722,-0.015526772,0.029553259,0.026850484,-0.0027027745
116.99954,1.9999999,0.0,2.281199,0.3906748,0.029553259,0.38538858,-0.3668725,0.020916367,2.3083787,0.06453782,-0.011671524,0.10499762,0.11354332,0.11410059,0.0005572736,0.019476822,0.019690251,0.00021342933,0.00075111474,0.0012478892,0.0004967745,2.2605338,2.2828245,0.022290707,0.0004913307,0.020362312,0.019870982
117.19955,1.9999999,0.0,2.260656,0.39084253,0.026884915,0.53827554,0.16793348,0.009260858,2.3138938,0.05645226,0.008849023,-0.15964398,0.11302617,0.11308046,5.428493e-05,0.019580482,0.019690232,0.00010975078,0.0013345237,0.0014135566,7.9032965e-05,2.2603908,2.2625618,0.0021710396,0.026496032,0.029657345,0.003161313
117.24954,1.9999999,0.0,2.2603908,0.39237672,0.026496032,0.24354425,-0.13595033,0.007966213,2.3137577,0.052311383,-0.004959436,-0.28852004,0.11304992,0.11311147,6.15567e-05,0.019640477,0.019729678,8.920021e-05,0.0009598255,0.0014638177,0.00050399214,2.261606,2.2640681,0.0024621487,0.011896989,0.032056674,0.020159684
117.299545,1.9999999,0.0,2.261606,0.3932424,0.011896989,-0.7492815,-0.027403446,0.016542133,2.3158095,0.054422397,-0.020002982,-0.05756624,0.11324534,0.11310434,-0.00014099479,0.0197159,0.01977747,6.1569735e-05,0.0008096393,0.0006087875,-0.00020085176,2.2682076,2.262568,-0.005639553,0.020488583,0.01245451,-0.008034073
117.34955,1.9999999,0.0,2.2682076,0.39539358,0.020488583,-0.11764953,0.049696885,0.015843008,2.3092697,0.046901513,-0.01071606,0.169901,0.113372564,0.11341818,4.5612454e-05,0.019848675,0.019928707,8.0032274e-05,0.00072340766,0.0008977821,0.00017437444,2.266695,2.2685196,0.0018246174,0.0084477225,0.015422702,0.0069749793
117.39954,1.9999999,0.0,2.266695,0.39855343,0.0084477225,1.1420784,-0.428009,0.015745712,2.3172147,0.046155363,-0.0030128818,-0.03025026,0.11323129,0.11334651,0.00011522323,0.019955277,0.020041944,8.6667016e-05,0.00023884392,0.0005223727,0.00028352882,2.2625563,2.2671654,0.004609108,0.0011060341,0.012447186,0.011341152
117.44955,1.9999999,0.0,2.2625563,0.3996577,0.0011060341,0.2303248,0.74482614,0.0009803312,2.3116066,0.044026006,-0.013741086,0.11002825,0.11320121,0.11309331,-0.00010789931,0.020035973,0.020157551,0.000121578574,0.00072616857,0.00022228881,-0.00050387974,2.265492,2.261176,-0.004315853,0.02794071,0.0077855177,-0.020155191
117.49954,1.9999999,0.0,2.265492,0.4017812,0.02794071,0.02237144,-0.07069733,0.012508108,2.326067,0.052898627,0.007989944,0.22371604,0.113378905,0.11331327,-6.5632164e-05,0.020160796,0.020339115,0.00017831847,0.0015016011,0.0013976236,-0.00010397751,2.269664,2.2670388,-0.002625227,0.03212333,0.02796423,-0.0041591004
117.549545,1.9999999,0.0,2.269664,0.40465063,0.03212333,-0.39588434,-0.105744116,0.023765475,2.3180163,0.060383223,0.008630517,-0.28788137,0.11338801,0.113571696,0.00018368661,0.020262798,0.020401489,0.0001386907,0.0014188859,0.0017524725,0.0003335866,2.2658563,2.2732034,0.007347107,0.024632104,0.03797557,0.013343465
117.59955,1.9999999,0.0,2.2658563,0.40586126,0.024632104,-0.41034234,0.13714787,0.015489259,2.3258698,0.0470179,-0.020798193,-0.08630517,0.1131303,0.11332953,0.00019922853,0.020303417,0.020455074,0.00015165657,0.00084983115,0.0012085199,0.00035868876,2.2593558,2.2673247,0.007968903,0.009361142,0.023708694,0.014347551
117.64954,1.9999999,0.0,2.2593558,0.40627542,0.009361142,0.59439546,0.41866925,0.009446245,2.3196316,0.042893954,0.0,0.04013127,0.11326493,0.113011435,-0.00025349855,0.020387214,0.020491863,0.00010464899,0.0004240502,0.0005625904,0.00013854017,2.2712417,2.2611012,-0.010140419,0.007600866,0.01314247,0.0055416045
117.69955,1.9999999,0.0,2.2712417,0.4092131,0.007600866,1.5566956,0.38235897,0.012652399,2.3275154,0.048519988,-0.016785067,0.07213476,0.11331327,0.11356007,0.00024680048,0.020467462,0.020624688,0.00015722588,0.0005730856,0.0004478801,-0.00012520552,2.2612891,2.271161,0.00987196,0.015322559,0.010314338,-0.0050082207
117.74954,1.9999999,0.0,2.2612891,0.40948543,0.015322559,0.13472189,0.019380692,0.0052780807,2.3226845,0.048617322,0.0072134766,0.23400524,0.113273114,0.113095604,-0.00017751008,0.02057777,0.020704659,0.00012688898,0.0008605166,0.00076829194,-9.222468e-05,2.2696354,2.262535,-0.0071003437,0.019098107,0.015409119,-0.0036889873
117.799545,1.9999999,0.0,2.2696354,0.41362536,0.019098107,0.057642166,0.40539902,0.020717949,2.325726,0.048069462,0.0066154567,0.22432145,0.11330888,0.11353302,0.00022414327,0.02072675,0.020985898,0.00025914796,0.00091332296,0.0010271928,0.00011386984,2.2627194,2.2716856,0.0089662075,0.017434811,0.021989603,0.0045547914
117.84955,1.9999999,0.0,2.2627194,0.41544464,0.017434811,0.5471271,-0.17066433,0.010726076,2.3288434,0.050408885,0.029645622,0.11220878,0.11291093,0.11325598,0.0003450513,0.020774884,0.021061119,0.00028623454,0.00068762666,0.0009643782,0.00027675153,2.2537177,2.2675195,0.013801813,0.010070256,0.021140318,0.011070062
117.89954,1.9999999,0.0,2.2537177,0.4155507,0.010070256,-0.5341327,-0.37381244,0.012438099,2.324876,0.05490261,0.017836334,-0.32361132,0.112513274,0.11286676,0.00035348535,0.020771777,0.021016166,0.00024438836,0.0008264615,0.00077017973,-5.6281744e-05,2.2468133,2.260953,0.014139652,0.022988202,0.020736933,-0.0022512693
117.94955,1.9999999,0.0,2.2468133,0.4153204,0.022988202,-1.07147,0.18313046,0.018594557,2.3182466,0.050131485,-0.0027155099,-0.2585638,0.11296726,0.11245878,-0.0005084798,0.0209067,0.021008655,0.00010195561,0.0009342265,0.001358022,0.00042379549,2.271877,2.251538,-0.020339012,0.014380859,0.03133268,0.01695182
