step,actual_x,actual_y,actual_theta,cmd_x,cmd_y,cmd_theta,model_x,model_y,model_theta,cmd_position_error,model_position_error,cmd_heading_error,model_heading_error
0,0.0,0.0,0.0,0.0,0.0,0.0,0.0,0.0,0.0,0.0,0.0,0.0,0.0
1,0.06288720667362213,-0.09267666190862656,0.0010861068731173873,0.09999999403953552,0.0,0.0,0.06304832547903061,-0.09270992875099182,0.001396714593283832,0.09983147123324074,0.00016451733117580746,0.0010861068731173873,0.0003106077201664448
2,0.12608124654466527,-0.18537070037029257,0.001412300072843209,0.19999998807907104,0.0,0.0,0.12646675721742656,-0.185429263699119,0.0017792039434425533,0.19956521967969038,0.00038993351009639993,0.001412300072843209,0.00036690387059934437
3,0.1892161030627187,-0.2778477598099086,0.0017301545885857195,0.29999998211860657,0.0,0.0,0.18981333406379725,-0.277758031285542,0.0018686498442548327,0.29911945020351693,0.0006039338347321721,0.0017301545885857195,0.00013849525566911325
4,0.25257089583119985,-0.37045763862541226,0.0024125832424033433,0.3999999761581421,0.0,0.0,0.2531153930160398,-0.36993571348741117,0.0023884996116976254,0.3987156828392439,0.0007542433519601554,0.0024125832424033433,2.408363070571795e-05
5,0.31609831151906953,-0.4630103099684229,0.0032560806430410594,0.4999999701976776,0.0,0.0,0.31690819343232707,-0.46252237860186046,0.003289216307166498,0.4981951095723425,0.0009455081871127207,0.0032560806430410594,3.313566412543878e-05
6,0.3795356817245657,-0.5551394805721312,0.0037233172333799303,0.5999999642372131,0.0,0.0,0.38055565867209307,-0.5546349452044372,0.004135689283430111,0.5973142746944126,0.0011379406446477697,0.0037233172333799303,0.0004123720500501804
7,0.44312989508783085,-0.6472978394586297,0.0041662151052150875,0.6999999582767487,0.0,0.0,0.44413651589970926,-0.6465282004408079,0.0043501218387973495,0.6964027012659332,0.001267134435117458,0.0041662151052150875,0.00018390673358226195
8,0.5066963026120457,-0.7392287141017266,0.004612559539964423,0.7999999523162842,0.0,0.0,0.5080845459584061,-0.7387882360408937,0.005208889553614426,0.7952899613866121,0.0014564479087111873,0.004612559539964423,0.0005963300136500038
9,0.5701238004681729,-0.8307316385876699,0.004645191929739667,0.8999999463558197,0.0,0.0,0.5716192447375534,-0.8302075002906325,0.005416747160779778,0.8938307037556066,0.0015846370301252832,0.004645191929739667,0.0007715552310401108
10,0.6336289688745731,-0.9222531720724381,0.004249454254022567,0.9999999403953552,0.0,0.0,0.635275305145353,-0.9215701381080624,0.005289827073283959,0.9923601171806311,0.001782402455388862,0.004249454254022567,0.0010403728192613926
11,0.697290058325306,-1.013948808538839,0.004553540795313893,1.0999999344348907,0.0,0.0,0.6988901587560284,-1.0130560645337097,0.0047131826941040345,1.0909937812167072,0.0018322972594785626,0.004553540795313893,0.00015964189879014157
12,0.7611479447700602,-1.1056289399704455,0.005666658351401566,1.1999999284744263,0.0,0.0,0.7628201138015094,-1.1048200551046619,0.00614077063073637,1.189540422390693,0.0018575370779156893,0.005666658351401566,0.00047411227933480404
13,0.8253281224437071,-1.1973983577639662,0.005993190465233056,1.2999999225139618,0.0,0.0,0.8268854823638109,-1.1962997151972896,0.006841053669631947,1.2880512974869358,0.0019058817933070406,0.005993190465233056,0.000847863204398891
14,0.889577261609694,-1.2891210762482468,0.006798341531975893,1.3999999165534973,0.0,0.0,0.8915148305341909,-1.288178181198982,0.0066257331855013035,1.386493575862261,0.0021548142405098526,0.006798341531975893,0.00017260834647458978
15,0.9536962830671517,-1.3805062767098302,0.007222152355097933,1.4999999105930328,0.0,0.0,0.9558617439783482,-1.3793829287159929,0.00829985908785602,1.4846700756340363,0.0024394941428866556,0.007222152355097933,0.001077706732758088
16,1.0176897662614188,-1.4716431424054823,0.007094927652360639,1.5999999046325684,0.0,0.0,1.0202455623650208,-1.470605928159301,0.007612390640133526,1.582661882980351,0.002758243483753551,0.007094927652360639,0.0005174629877728876
17,1.0818804468628378,-1.5629204535132908,0.008241609724791488,1.6999998986721039,0.0,0.0,1.084316900407397,-1.5613992538204462,0.008846293749229517,1.6807117542027181,0.0028723430122994005,0.008241609724791488,0.0006046840244380292
18,1.1463970924070046,-1.6542496609796362,0.00967339606359019,1.7999998927116394,0.0,0.0,1.1492394146504032,-1.6528783467535,0.010415981138066854,1.778690125181253,0.0031558356170945136,0.00967339606359019,0.0007425850744766649
19,1.2110832885552507,-1.745420546196121,0.010756465195299825,1.899999886751175,0.0,0.0,1.2140342782025166,-1.7437610840131057,0.011473178128653672,1.8764591555249504,0.0033855803985621815,0.010756465195299825,0.0007167129333538469
20,1.2759478567326803,-1.8365122578132227,0.011192601927177748,1.9999998807907104,0.0,0.0,1.2792956542397609,-1.834923394983044,0.012275178007257637,1.9740893107052557,0.0037057027999474967,0.011192601927177748,0.001082576080079889
21,1.3409280738100409,-1.9276449429010873,0.011547572790732374,2.099999874830246,0.0,0.0,1.3444389334475924,-1.925680145319815,0.012556743276945781,2.0717154787750642,0.004023253028329463,0.011547572790732374,0.0010091704862134065
22,1.4061804717134505,-2.0190520202353217,0.012437966823199531,2.1999998688697815,0.0,0.0,1.4100033786527206,-2.016898176244455,0.013526706599805038,2.169497705856813,0.004387899429489327,0.012437966823199531,0.0010887397766055074
23,1.4714424203535181,-2.1102166631805614,0.013432441683107754,2.299999862909317,0.0,0.0,1.475770933747688,-2.1081155534422207,0.014610691570851486,2.2670513450690764,0.004811516427911173,0.013432441683107754,0.001178249887743732
24,1.5368364564752326,-2.201218183899568,0.014252917779231211,2.3999998569488525,0.0,0.0,1.5413269159477812,-2.1987539662647566,0.015557476719550323,2.364405326725368,0.005122167004922438,0.014252917779231211,0.0013045589403191116
25,1.6025958300298333,-2.292419789362802,0.015289743834728142,2.499999850988388,0.0,0.0,1.6073387865087434,-2.2896173038095347,0.016549759944609832,2.46181284168695,0.005509043604574885,0.015289743834728142,0.0012600161098816898
26,1.668155478760248,-2.382949431952155,0.015566746729746228,2.5999998450279236,0.0,0.0,1.6731274505218308,-2.3798498453088497,0.017379015909682494,2.5586679968659287,0.005859005082548838,0.015566746729746228,0.0018122691799362656
27,1.7338464185976246,-2.473523340032158,0.016096210540126776,2.699999839067459,0.0,0.0,1.7391829073514375,-2.4702762563636442,0.017206388562044594,2.6555169262441924,0.00624673231136905,0.016096210540126776,0.0011101780219178181
28,1.799699615345506,-2.564121478544815,0.017353728264424717,2.7999998331069946,0.0,0.0,1.8052804021826034,-2.5606284929583314,0.018897347537858877,2.7523298280526864,0.006583777793068479,0.017353728264424717,0.0015436192734341603
29,1.865687673383281,-2.654541882096291,0.018095311850629514,2.89999982714653,0.0,0.0,1.871779006370449,-2.6510875380482015,0.020121378860494588,2.8489286118163246,0.007002630246066991,0.018095311850629514,0.0020260670098650735
30,1.9317257174923668,-2.744777012376549,0.018279324965988053,2.9999998211860657,0.0,0.0,1.9381370150837436,-2.7410581123394766,0.020519192192296032,2.9453370619155477,0.0074118118089258255,0.018279324965988053,0.002239867226307979
31,1.9979875079866578,-2.8351559546413125,0.018447804057359463,3.099999815225601,0.0,0.0,2.004636817781407,-2.8311250635536145,0.02050300822702411,3.041798877711048,0.007775693133569042,0.018447804057359463,0.0020552041696646484
32,2.064235443928039,-2.9253207882536323,0.019475001867249375,3.1999998092651367,0.0,0.0,2.071411306106911,-2.9212568824340486,0.020931420540364343,3.138066667194697,0.008246716226511741,0.019475001867249375,0.0014564186731149675
33,2.130710838278827,-3.015452857983758,0.020787730023585027,3.2999998033046722,0.0,0.0,2.137971660559889,-3.010812258882846,0.022531775683091837,3.234222104688178,0.008617116699485549,0.020787730023585027,0.00174404565950681
34,2.1976968360790767,-3.105939846743078,0.02163814045707113,3.3999997973442078,0.0,0.0,2.2053093070180876,-3.1009859149145464,0.02366654136676516,3.3305246947370497,0.009082464112729746,0.02163814045707113,0.002028400909694028
35,2.2646791409211664,-3.19618317224834,0.022157632829475915,3.4999997913837433,0.0,0.0,2.272885690707065,-3.1912834996797237,0.02430409703629266,3.426602395963492,0.009557941758981508,0.022157632829475915,0.002146464206816745
36,2.3314902311938366,-3.2859734038207344,0.022813092826254433,3.599999785423279,0.0,0.0,2.3401379628497585,-3.28094859325869,0.02457660464096989,3.5223199314923965,0.01000159907101189,0.022813092826254433,0.0017635118147154571
37,2.3982608264638623,-3.375511117249673,0.022953281393711222,3.6999997794628143,0.0,0.0,2.4073549284531803,-3.370346275935462,0.025562134263964253,3.6178169666845976,0.010458406991176915,0.022953281393711222,0.002608852870253031
38,2.4649330223424717,-3.464579586122127,0.024370051902224077,3.79999977350235,0.0,0.0,2.4747554788453288,-3.459497057052482,0.02676523911759432,3.7129119217437356,0.011059509640770855,0.024370051902224077,0.0023951872153702425
39,2.5318703674190903,-3.5536174983856625,0.025286070402216865,3.8999997675418854,0.0,0.0,2.5417295655200847,-3.5477936544044297,0.028255861876459676,3.8078833202073215,0.011450805470026639,0.025286070402216865,0.002969791474242811
40,2.5989931181465664,-3.6426503981909066,0.02548904929062701,3.999999761581421,0.0,0.0,2.609590221463111,-3.6369155825783954,0.02816119852468546,3.9027838190692767,0.012049344746127013,0.02548904929062701,0.002672149234058452
41,2.6660731730608367,-3.731546815368008,0.026063640860229498,4.099999755620956,0.0,0.0,2.676855358989548,-3.7253018506750375,0.028570273583682138,3.9975726484275014,0.012460141147585382,0.026063640860229498,0.0025066327234526398
42,2.733334006309024,-3.820262158056592,0.02640736457760795,4.199999749660492,0.0,0.0,2.7446180766266846,-3.8140290485186865,0.028332787811450544,4.092127974416235,0.012891155783925343,0.02640736457760795,0.0019254232338425936
43,2.8007414422282277,-3.9089112038508333,0.02714592229676782,4.2999997437000275,0.0,0.0,2.8121969435693095,-3.902263734007266,0.02957054764374334,4.1865692701928,0.013244522124133493,0.02714592229676782,0.0024246253469755175
44,2.8680782156290845,-3.997187487615441,0.026794894100021338,4.399999737739563,0.0,0.0,2.8798333813035524,-3.99014724483544,0.02944112322984438,4.280688187786483,0.013702150868952998,0.026794894100021338,0.002646229129823041
45,2.9353647299893586,-4.08524293091353,0.027177424602996325,4.4999997317790985,0.0,0.0,2.947572432509712,-4.078088768270223,0.030241888349337387,4.374619125524478,0.014149559850127625,0.027177424602996325,0.0030644637463410618
46,3.002745441159702,-4.173213287250721,0.027372386462957365,4.599999725818634,0.0,0.0,3.0152930634512236,-4.165769622931193,0.03050912504659209,4.468437130669658,0.014589412725414867,0.027372386462957365,0.003136738583634724
47,3.0703638399717064,-4.261349638675978,0.027702942676114617,4.6999997198581696,0.0,0.0,3.08319104708891,-4.253472105627459,0.03087726623743947,4.562325486422162,0.01505299868325719,0.027702942676114617,0.0031743235613248544
48,3.1382328997656685,-4.349673957801911,0.028181106066767825,4.799999713897705,0.0,0.0,3.15140820641131,-4.341339474604168,0.031203666685541975,4.656300299994694,0.015590135194414939,0.028181106066767825,0.0030225606187741505
49,3.2062103442432344,-4.437994948678211,0.028873838466097368,4.899999707937241,0.0,0.0,3.2197850557932526,-4.429451995471128,0.03189119770649995,4.750233844039288,0.016039165912372533,0.028873838466097368,0.003017359240402584
50,3.2740864792718014,-4.525975380752637,0.02985884806184913,4.999999701976776,0.0,0.0,3.288197575333746,-4.517359179832347,0.03264660759123217,4.8438857954628585,0.016533661130198326,0.02985884806184913,0.002787759529383038
51,3.3419219570403884,-4.613512966703989,0.030496968694933457,5.099999696016312,0.0,0.0,3.3560992688009375,-4.604410758815075,0.033118174394985544,4.937138769594038,0.01684774041848944,0.030496968694933457,0.002621205700052087
52,3.410032295078046,-4.701156288756167,0.031092806875676615,5.199999690055847,0.0,0.0,3.424594058692836,-4.6919689192531076,0.03384175190694805,5.030392999199493,0.017217802355665272,0.031092806875676615,0.0027489450312714325
53,3.478390376079833,-4.788872473598974,0.03155612047339673,5.299999684095383,0.0,0.0,3.4930698277280645,-4.7792261180649955,0.03417897152939986,5.123627624978502,0.017565263327962845,0.03155612047339673,0.002622851056003128
54,3.5468095362966117,-4.876511144458439,0.03196303099321085,5.399999678134918,0.0,0.0,3.5620847512000613,-4.866959358918034,0.03479694916859444,5.216768601714478,0.018015792998268148,0.03196303099321085,0.0028339181753835874
55,3.6151479624734124,-4.963870048229175,0.03226276982968557,5.499999672174454,0.0,0.0,3.630736528924477,-4.954069813621408,0.03518762856947433,5.30967718635226,0.01841325615871702,0.03226276982968557,0.0029248587397887604
56,3.6836870273760045,-5.051332504307452,0.032327675082342466,5.599999666213989,0.0,0.0,3.699612390961551,-5.041199242446925,0.03566787102136004,5.402611794201319,0.018875915905350146,0.032327675082342466,0.003340195939017576
57,3.7523495311953936,-5.138901278637085,0.03243016604028526,5.699999660253525,0.0,0.0,3.768676874560372,-5.128358637092139,0.03543999780777085,5.495602549020264,0.019435262594138563,0.03243016604028526,0.0030098317674855934
58,3.821000265745352,-5.22629901082034,0.03308205389112118,5.79999965429306,0.0,0.0,3.837805458776524,-5.215666312252672,0.036045292696144315,5.5884380582031925,0.01988639715096297,0.03308205389112118,0.0029632388050231384
59,3.8897862034909694,-5.313512768341076,0.03361758928440395,5.899999648332596,0.0,0.0,3.9068517616928427,-5.302528950401184,0.0370777599291614,5.681054130453757,0.020294766154805098,0.03361758928440395,0.0034601706447574543
60,3.9589115757077447,-5.40089105528466,0.033997119066043524,5.999999642372131,0.0,0.0,3.976299163479321,-5.389479190554835,0.037293213956218096,5.773704589510413,0.02079804955100624,0.033997119066043524,0.0032960948901745724
61,4.02792768042882,-5.4878932783958945,0.03471099533999222,6.099999636411667,0.0,0.0,4.04574725175708,-5.476252730339603,0.037324983977669035,5.866042518242892,0.02128472413196306,0.03471099533999222,0.0026139886376768118
62,4.097070138199753,-5.574795088537226,0.0362283265676524,6.199999630451202,0.0,0.0,4.115285057857948,-5.562974665146905,0.038805057296485757,5.958242419418643,0.021714182169285827,0.0362283265676524,0.002576730728833354
63,4.1666327367538685,-5.66179159010481,0.03724872735256213,6.299999624490738,0.0,0.0,4.18508395968403,-5.649402686145423,0.04009423847492144,6.050383317400118,0.02222459378556605,0.03724872735256213,0.002845511122359312
64,4.2364789965266,-5.7488521905100365,0.03765943039252306,6.399999618530273,0.0,0.0,4.255473789136481,-5.73630632981373,0.04086307453871996,6.142485082616579,0.022764023521853912,0.03765943039252306,0.0032036441461968934
65,4.306514994432111,-5.835982103696886,0.03789512414005003,6.499999612569809,0.0,0.0,4.3257872320884605,-5.822972482088036,0.04122340920912393,6.234585943322701,0.023252298782879058,0.03789512414005003,0.0033282850690738996
66,4.376640475677294,-5.923087361020273,0.0381365407629346,6.5999996066093445,0.0,0.0,4.396513729421145,-5.909986950699528,0.04150233604195819,6.326633363122682,0.023802667181208555,0.0381365407629346,0.0033657952790235868
67,4.446694176258282,-6.0099823591391015,0.03833500362452469,6.69999960064888,0.0,0.0,4.467000910975896,-5.99653542288088,0.04182082490478933,6.41851020819873,0.024355360182601152,0.03833500362452469,0.003485821280264645
68,4.517000544222913,-6.097068307606113,0.03849651087875827,6.7999995946884155,0.0,0.0,4.537616827299172,-6.0831185423122704,0.042104278722035815,6.510478216847151,0.024892309648438332,0.03849651087875827,0.003607767843277543
69,4.587390554886443,-6.184128335060418,0.03859224493135116,6.899999588727951,0.0,0.0,4.6086492969884265,-6.170016643693815,0.04245625308431045,6.602393793761661,0.02551615074780901,0.03859224493135116,0.0038640081529592862
70,4.65783970905288,-6.271095578774571,0.03888239970183349,6.999999582767487,0.0,0.0,4.6794342525607675,-6.2564667317985565,0.04269756174653594,6.69420291238358,0.026083087876279526,0.03888239970183349,0.003815162044702447
71,4.728749943672567,-6.358401275197512,0.04030960102318204,7.099999576807022,0.0,0.0,4.750573489226915,-6.3431616231649866,0.043231429199295235,6.786169140175747,0.026617928819409328,0.04030960102318204,0.002921828176113195
72,4.800059401352589,-6.445796601128441,0.04162479252772755,7.199999570846558,0.0,0.0011912027839571238,4.822340971321134,-6.430273815561609,0.04529470335000951,6.878081610468845,0.0271555746029621,0.040433589743770426,0.003669910822281963
73,4.87176371252679,-6.533348348766229,0.0431695386323554,7.299999493937902,0.00011912024312436161,0.0031148497946560383,4.8942979248428715,-6.517173866224354,0.04567721988314588,6.970116654599744,0.027738143596925585,0.04005468883769936,0.0025076812507904833
74,4.943818899290054,-6.6209641023805625,0.044387402853317326,7.399999002863396,0.00043060470033806067,0.006138253025710583,4.966885681943629,-6.604564710244633,0.04824558961445291,7.0622721958409755,0.028302235325416578,0.03824914982760674,0.0038581867611355847
75,5.016108124327145,-6.708526935687498,0.04496760174151859,7.499997113001449,0.0010444261116961126,0.010992766823619604,5.039483426646558,-6.691609971602218,0.04818312301540573,7.154582613062299,0.02885460851210087,0.03397483491789899,0.003215521273887134
76,5.08926505864159,-6.79670896100229,0.04794335548285744,7.599991065056066,0.0021436805890697793,0.015847280621528625,5.112381608648847,-6.778950459165624,0.04971373711487104,7.24763011758739,0.02915028767818369,0.032096074861328816,0.0017703816320135957
77,5.163892219015517,-6.885444121499526,0.052124936100881314,7.699978502543982,0.0037283422271445123,0.020701794419437647,5.186803819724223,-6.867211210720036,0.054041631303334725,7.34114642766857,0.02928106013326667,0.03142314168144367,0.0019166952024534112
78,5.240109570803092,-6.974608528191224,0.05549121737931273,7.799957069135456,0.005798373681375413,0.026654974557459354,5.262880035565858,-6.955656806101266,0.058101297605389846,7.434978125753235,0.02962535798412147,0.028836242821853375,0.002610080226077116
79,5.317785107445193,-7.064312088184924,0.05890978939351044,7.899921540896929,0.008463555355631116,0.03480657748878002,5.340571619113231,-7.0446982142939065,0.061324366617554915,7.5293813733147665,0.030065414732053347,0.024103211904730415,0.0024145772240444785
80,5.396032859942277,-7.153248662463218,0.064142612474825,7.999860966163533,0.011943510138103155,0.04698771331459284,5.41962256097288,-7.133983410405519,0.06560008578708221,7.623640841294598,0.03045691927230818,0.017154899160232162,0.001457473312257207
81,5.474418154144437,-7.240400222500111,0.07077491769086919,8.099750588258777,0.01664055235383435,0.06173240393400192,5.498590826441901,-7.221350708568244,0.07244610531961371,7.717318912517836,0.030776648080012996,0.009042513756867265,0.0016711876287445193
82,5.5535265678873404,-7.326350860329033,0.07633583314236603,8.199560098329208,0.022809872203523065,0.07794307358562946,5.577934978042404,-7.307185345166049,0.07965753718053747,7.810995897887868,0.031033650409843443,0.0016072404432634357,0.003321704038171447
83,5.63345495935924,-7.411278039203298,0.0810979923371633,8.299256489999353,0.030596289599224263,0.09342020843178034,5.65829820697138,-7.3921163795264855,0.08434001008754421,7.904934618733615,0.03137445064838726,0.012322216094617033,0.00324201775038091
84,5.714233744120455,-7.495131166681034,0.08682553117614589,8.398820434565323,0.039924727323270855,0.10816489905118942,5.739279909310393,-7.475711985485131,0.0897951724637096,7.999004502079165,0.03169250682797055,0.021339367875043536,0.002969641287563718
85,5.796095919054412,-7.578238420303691,0.09329777324091992,8.4982360164884,0.05072013740362315,0.12217714544385672,5.821412161354785,-7.558341396846188,0.09614022240748454,8.093365788185793,0.032199435813063615,0.028879372202936793,0.00284244916656462
86,5.878962085665966,-7.660728583160436,0.09976717570316396,8.597490575795995,0.06290747774359765,0.13545694760978222,5.904627660487764,-7.6403544216573245,0.10276086047997524,8.188098140163309,0.032769317781854324,0.03568977190661826,0.0029936847768112784
87,5.962164534756227,-7.741690750832114,0.10617904757600627,8.696574542593641,0.07641178563218928,0.14873674977570772,5.988741821039501,-7.721733811148603,0.10897963146453549,8.282495116909576,0.03323599837095926,0.04255770219970145,0.002800583888529218
88,6.045961788053704,-7.820985196525856,0.11278816984486184,8.795470443368917,0.09123067957722215,0.16604608576744795,6.072537086311928,-7.80060903692935,0.11571064104100515,8.376333202285524,0.03348782401733273,0.05325791592258611,0.002922471196143306
89,6.13120738920916,-7.899432767304982,0.11906814222675166,8.89409503685398,0.10775909050548023,0.18335542175918818,6.1578516355589255,-7.878496716134597,0.12250389369910408,8.47045864173213,0.033885603169428465,0.06428727953243651,0.003435751472352422
90,6.217469347749697,-7.9767201703032455,0.12494433784377179,8.992418774565179,0.12599206641196337,0.2002985356375575,6.244506655215679,-7.955689847121587,0.12870463148465205,8.564711898972314,0.03425332813224268,0.07535419779378572,0.0037602936408802634
91,6.304130664680339,-8.052210601983413,0.1309388514746388,9.09041949115321,0.1458882558998904,0.21724164951592684,6.331840216590722,-8.031239711472516,0.13489930263494898,8.658650605501707,0.03475050382216413,0.08630279804128804,0.0039604511603101855
92,6.391829701634433,-8.126721009601555,0.13630415705483756,9.188069054312791,0.16744194752452812,0.23455098550766706,6.419376102220388,-8.104724051915172,0.14133510158171703,8.752833465617268,0.03525152950863931,0.0982468284528295,0.005030944526879466
93,6.480781397960721,-8.200617478369056,0.141512477039214,9.285330927832312,0.1906825750414413,0.2518603214994073,6.508815753226152,-8.178374041513603,0.14667231893872668,8.847565464684054,0.03578680704241329,0.1103478444601933,0.005159841899512685
94,6.570308151233294,-8.273384263428982,0.14789265088256798,9.382175971506697,0.21560317542773738,0.2691696574911475,6.598905745518235,-8.250667283975671,0.15325371480321337,8.94256721393562,0.03652237060170391,0.12127700660857954,0.0053610639206453925
95,6.660806181324134,-8.345271333592333,0.1545361412827333,9.478575170015443,0.24219628233119078,0.28611277136951685,6.689654236303813,-8.32179210356702,0.16033686117043544,9.037943467856262,0.03719522171855007,0.13157663008678355,0.005800719887702144
96,6.752237767853755,-8.416048652652863,0.16094740919288597,9.574509983757734,0.27041879675033736,0.3023234410211444,6.781833125871988,-8.391995368434548,0.16690693075543095,9.133451549671948,0.03813719572693367,0.14137603182825842,0.005959521562544978
97,6.844504444898966,-8.485576627626267,0.16745399424326024,9.669974706801591,0.30019270247442525,0.31816679891198874,6.874425266542422,-8.460780542665884,0.1735221480648761,9.228923280786011,0.03886002312379763,0.1507128046687285,0.0060681538216158515
98,6.938099570573249,-8.5541826758558,0.17399206265326939,9.764955749791115,0.33147528997177766,0.3340101568028331,6.968185777261786,-8.528441818557251,0.1802619283716922,9.324485687889565,0.039595095243850735,0.1600180941495637,0.006269865718422807
99,7.032713052458173,-8.621892187419792,0.1808693806779047,9.859429271844464,0.3642587071021283,0.3498535146936774,7.063417628612888,-8.595324991356701,0.18688379718696524,9.4202564977849,0.04060279428186468,0.16898413401577272,0.006014416509060538
100,7.127560106578025,-8.687769058183436,0.1883459563505312,9.953371559470973,0.3985347250068593,0.36569687258452177,7.15917434298129,-8.661325952182747,0.19415123645921994,9.515572857569808,0.04121526171608264,0.17735091623399057,0.0058052801086887484
101,7.223321026824909,-8.75188500436705,0.1961320994560083,10.046759032523397,0.4342947401745002,0.3819075422361493,7.254748360537685,-8.724816809606594,0.20184746269842435,9.610291383254108,0.04147727657265141,0.18577544278014102,0.0057153632424160605
102,7.320366139223006,-8.814729914118612,0.2038549326498469,10.139554566989391,0.4715638640047949,0.39921687822788954,7.352312560096646,-8.787309226802247,0.2096813905682211,9.70479652155909,0.042100687637348255,0.19536194557804265,0.005826457918374217
103,7.41810891002755,-8.875687344561891,0.21117098928880296,10.231691128849628,0.5104335536933161,0.41725865844637156,7.4504864077228214,-8.848064547214658,0.21737534158637573,9.79875045190635,0.04255962041998932,0.2060876691575686,0.006204352297572768
104,7.516386660552782,-8.934901117587964,0.2182633166339656,10.323111455268334,0.5509591348168997,0.43639910500496626,7.549407649114216,-8.90673285439648,0.22487223359530617,9.892383373152576,0.043403188094874506,0.21813578837100067,0.006608916961340583
105,7.615970718686216,-8.993311961287532,0.22536743359160027,10.41373940561583,0.5932270117888844,0.45553955156356096,7.64863478730121,-8.963974969402466,0.23265529635136772,9.98645277903405,0.04390444705664156,0.2301721179719607,0.0072878627597674495
106,7.716549571986086,-9.050526854385074,0.23304748834561906,10.503541778749442,0.6372216999623312,0.47467999812215567,7.750262630170757,-9.02070538139015,0.24040276908090163,10.080664542222399,0.04500989384291033,0.2416325097765366,0.007355280735282577
107,7.817493471309409,-9.105846799104551,0.24129217603694997,10.592485675972998,0.6829270820807717,0.4934542225673795,7.851562675655771,-9.075176725586182,0.24931008253952314,10.17451108569447,0.04584063802366093,0.2521620465304295,0.008017906502573169
108,7.919476135677223,-9.159699359479946,0.2497556481648644,10.680555865867548,0.7302941641087485,0.5122284470126033,7.953951052437386,-9.12794555864751,0.2578984515439515,10.268180616501358,0.04687028646089394,0.2624727988477389,0.008142803379087127
109,8.022491303601024,-9.211950778176766,0.2580965479974111,10.767721307112625,0.7793062509900281,0.531368893571198,8.057330541078532,-9.179442848334673,0.26683218848666,10.361539692297432,0.04765016233584685,0.2732723455737869,0.008735640489248908
110,8.12627656687151,-9.262537823814,0.26617631894987426,10.853932726073648,0.8299776437934058,0.5505093401297927,8.161704139517614,-9.22897177591653,0.27498343658407975,10.454615085536535,0.048803611291072975,0.28433302117991843,0.008807117634205497
111,8.230913693328166,-9.31164747475217,0.27432736308765016,10.939158539584383,0.882289779281651,0.5692835645750165,8.266467362475876,-9.277116860868702,0.28341718555202533,10.547556441491649,0.049562351488140824,0.29495620148736634,0.009089822464375175
112,8.336560673725465,-9.359054903306623,0.28193409528103075,11.023387271621962,0.936192650329944,0.5884240111336112,8.372476314663361,-9.323665746119316,0.29177863781114866,10.64007327784089,0.050421480644738934,0.30648991585258045,0.009844542530117906
113,8.44275261105871,-9.40476788155038,0.2897923101809283,11.106568913223404,0.9916977249483654,0.6075644576922059,8.479223949795966,-9.368458970166202,0.2993005251209979,10.73230703990478,0.05146353655931351,0.3177721475112776,0.009508214940069593
114,8.549562717698938,-9.448835638136726,0.2983508368160983,11.188672991167806,1.048784669102056,0.6267049042508006,8.586312390033102,-9.411644105115654,0.3080712880637293,10.824275271374107,0.05228526126095133,0.3283540674347023,0.00972045124763099
115,8.657058277959013,-9.491056777684618,0.3063663306784292,11.269669426994877,1.1074325692453548,0.6454791286960244,8.69430567711095,-9.453075974235146,0.31673923671951343,10.91575528550611,0.053196900043622014,0.3391127980175952,0.010372906041084207
116,8.764820156682923,-9.530954925258222,0.3142713445377012,11.349550584614358,1.1675906897718382,0.6638871310278773,8.802685292016271,-9.492494692976225,0.32456199430635024,11.006348607142767,0.05397182543696225,0.3496157864901761,0.010290649768649018
117,8.873218465898322,-9.56913155647324,0.32251381940659485,11.428310880285899,1.229208987651921,0.6822951333597302,8.911143822495456,-9.529107528968293,0.3330979726906662,11.096515477975876,0.05513851150272798,0.3597813139531354,0.010584153284071363
118,8.982823115347603,-9.606173253957095,0.3304378797438403,11.505923626478577,1.2922665838346026,0.7003369135782123,9.020761079307123,-9.564924309385665,0.3415690118144994,11.186689728746147,0.05604252436900702,0.36989903383437195,0.011131132070659078
119,9.094018433217869,-9.638841826065493,0.33865488852825365,11.582386131740408,1.3567141136320384,0.7165475832298398,9.13223101001711,-9.596561381843086,0.34944095627179195,11.273607418482694,0.05698979723846977,0.37789269470158615,0.010786067743538297
120,9.206043216898493,-9.67002071757464,0.3472203320961853,11.657793898732564,1.4223926297934442,0.7327582528814673,9.244267299937201,-9.626526593728194,0.3578920148011093,11.360137115138333,0.05790353472215744,0.38553792078528204,0.010671682704924024
121,9.318376166783214,-9.699579188801234,0.35507962267365656,11.732127111797816,1.4892848733146713,0.7489689225330949,9.357314720561972,-9.65525914067374,0.3663009263273125,11.446260202575676,0.0589955730237837,0.3938892998594383,0.011221303653655923
122,9.431309430342019,-9.727425927274448,0.3630668574151059,11.805366237650277,1.5573732662482274,0.7651795921847224,9.470029741960508,-9.68180002340485,0.3736657046410983,11.531818527988406,0.05984133718217374,0.4021127347696165,0.010598847225992358
123,9.544981361725291,-9.753648316866764,0.37129578712847433,11.877492030508366,1.6266399163224108,0.7806567270308733,9.584359071564839,-9.706900747295174,0.382296340789253,11.616865596642274,0.061122330559773265,0.40936093990239897,0.011000553660778678
124,9.659098553460758,-9.778083827821073,0.37889726107459865,11.9485371784873,1.6970145264922623,0.7954014176502824,9.698414797569148,-9.730322880275567,0.3899039349216764,11.701256832448728,0.061861742306816896,0.41650415657568374,0.011006673847077764
125,9.773515379105024,-9.800706525201198,0.3864993161660095,12.01853698953271,1.7684289876434476,0.8090474419295788,9.813385758089685,-9.75209833440381,0.39728574526270677,11.784948813883345,0.06286814243299868,0.42254812576356926,0.010786429096697248
126,9.887782503028673,-9.82148478477029,0.3936062764514645,12.087555789981534,1.8407919891878308,0.8223272440955043,9.927958609861907,-9.771985346983387,0.40487646708970715,11.86792745454717,0.06375197174593833,0.4287209676440398,0.011270190638242639
127,10.002346277316684,-9.840681515130994,0.4008438263226708,12.155607566578531,1.9140651391808507,0.8359732683748007,10.042696254665499,-9.789854841933852,0.41143203784486104,11.950339036482987,0.06489585025514989,0.4351294420521299,0.01058821152219025
128,10.117096992415334,-9.858279752485219,0.40832988751571975,12.222653151025861,1.988260074412463,0.8510841811075807,10.157832041596274,-9.806330426615697,0.41926814594080497,12.032201486317277,0.0660157306259,0.4427542935918609,0.010938258425085223
129,10.231999244417569,-9.874007637425708,0.4150844004143437,12.28856997051038,2.0634596204014675,0.8665613159537315,10.27278482485732,-9.82104717538575,0.42647855707218696,12.113323560572374,0.0668451502451235,0.45147691553938785,0.011394156657843268
130,10.34719551675246,-9.887748764142156,0.422967119342502,12.353315068190739,2.1396703226306686,0.8820384507998824,10.388133614251315,-9.83385791648456,0.43327851804679085,12.193577225061155,0.06767681499656997,0.45907133145738044,0.010311398704288877
131,10.462221867244073,-9.899445342856218,0.4309108715642651,12.416872935225562,2.2168739258230765,0.8953182529658079,10.503747734345636,-9.844557773421787,0.4422396414611285,12.272972476874962,0.06882617900883423,0.4644073814015428,0.011328769896863378
132,10.576901429717763,-9.909601033898971,0.43754862268906436,12.479399979585004,2.2949147326588575,0.9085980551317334,10.618713382024346,-9.853229650570155,0.44877214009648014,12.35191101928789,0.07018527063488682,0.47104943244266906,0.011223517407415784
133,10.691567433436651,-9.91861732024711,0.4442138916019758,12.540885174590157,2.3737789805985003,0.9218778572976589,10.733388082723279,-9.860858736734889,0.45545179188957263,12.430727369095822,0.07130933091884509,0.47766396569568315,0.011237900287596858
134,10.806510934497611,-9.926271904091182,0.45080144863095484,12.601317677292826,2.4534527618882,0.9358901036903262,10.848256138098685,-9.86730860110464,0.4622894760850613,12.509153210726994,0.07224495223043617,0.4850886550593714,0.011488027454106486
135,10.921321130680392,-9.932554753038154,0.4574474657092651,12.660627875220003,2.5339654890171848,0.9502685721963644,10.96354988270336,-9.872115926655926,0.4690225257236307,12.5872679679578,0.07373004293962146,0.4928211064870993,0.01157506001436559
136,11.036039214967605,-9.93747903369967,0.46408898123991094,12.718774332524116,2.615322654103537,0.9650132628157735,11.07817342096163,-9.87553274768363,0.4758331289212947,12.665086959400357,0.0749175124115044,0.5009242815758626,0.011744147681383765
137,11.151158084871643,-9.940628397386938,0.4702374536682328,12.775714926488105,2.697528296044559,0.9793917313218117,11.193268262910294,-9.877464718695007,0.4825497365254705,12.742142266486049,0.07591388147331396,0.5091542776535789,0.012312282857237733
138,11.26673575485087,-9.942002673087648,0.4766254217502137,12.831467684087606,2.780544130847073,0.9937701998278499,11.308645338637948,-9.877410952886935,0.48867952382897784,12.81840798183154,0.07699677611233689,0.5171447780776361,0.012054102078764117
139,11.38226060890269,-9.941919818561841,0.4829233574819227,12.886021079176215,2.8643529960834746,1.0074162241071463,11.4246057613673,-9.87598752373191,0.4957761021960323,12.894259147197285,0.07835929707949121,0.5244928666252235,0.012852744714109576
140,11.497714309698067,-9.94053270690466,0.48832518720519147,12.939425772725281,2.9488984720998617,1.0206960262730718,11.539790369774327,-9.873127179928355,0.5014911198686605,12.969809869883134,0.07946005221804517,0.5323708390678803,0.013165932663468993
141,11.613250775767236,-9.937874182741169,0.49397386025157175,12.991703043104891,3.034145676215682,1.0339758284389973,11.655561270641497,-9.86899875387352,0.5068177741650288,13.045053847129157,0.08083317807811027,0.5400019681874255,0.012843913913457072
142,11.729368660889834,-9.933759737074329,0.4994884810548683,13.042843671189457,3.120079575039273,1.0476218527182937,11.770836708972885,-9.863607994871165,0.5129362021270936,13.119753709165584,0.08149150842853109,0.5481333716634254,0.01344772107222525
143,11.845651768037614,-9.928439871220865,0.5039045617122611,13.092806918122058,3.206703317534383,1.06126787699759,11.887675875328208,-9.85657287567557,0.5180902730371599,13.194217769821957,0.0832519708011704,0.557363315285329,0.014185711324898875
144,11.961616080930968,-9.921976008225629,0.5095112181406876,13.141583480192072,3.294000773399587,1.0749139012768865,12.003245156752643,-9.848591373659593,0.5225247254293208,13.268547974657054,0.08436992677582095,0.5654026831361989,0.013013507288633264
145,12.077423514463938,-9.91398356490851,0.5161970231820305,13.189164274662756,3.381955686880561,1.0874612592160702,12.11944076381071,-9.839039844842342,0.5297419906291907,13.342337430343783,0.0859186267349807,0.5712642360340396,0.013544967447160161
146,12.192750898752623,-9.904600672971473,0.5223955523360928,13.235637750888678,3.4705006744032088,1.099276172928512,12.234633530177126,-9.827937665533426,0.5359337211284583,13.415697858810859,0.0873577216076905,0.5768806205924193,0.013538168792365468
147,12.30767643389825,-9.894010189483037,0.5278843354572018,13.281061856436937,3.559588549240629,1.111091086640954,12.349774298866901,-9.815652528595018,0.5422693870659714,13.488765629344957,0.08895028529892707,0.5832067511837522,0.014385051608769572
148,12.42256550315124,-9.882019087578442,0.5330286009375413,13.3254302505311,3.649206875566287,1.122906000353396,12.464140962774337,-9.80222547867844,0.5471868373151665,13.561314125767579,0.08997521249854366,0.5898773994158546,0.014158236377625144
149,12.537513227751528,-9.868509834603222,0.5377593354460259,13.368736739762094,3.739343143507627,1.133254935964942,12.579182067813301,-9.787191410771674,0.55302151084652,13.633216612406606,0.0913727436741435,0.595495600518916,0.015262175400494016
150,12.652563213451119,-9.853674093522859,0.5426458746333083,13.411108112158677,3.8299227527424717,1.143970093689859,12.69361615864636,-9.77057207036005,0.5572161621112173,13.704605540272869,0.09268921492253308,0.6013242190565506,0.014570287477909005
151,12.767770216925621,-9.837801866981104,0.5481633713607152,13.452506495925315,3.9209511693463948,1.153952807188034,12.808812785640711,-9.752683323185712,0.5632653755765205,13.775781244141095,0.09449687267090384,0.6057894358273188,0.01510200421580521
152,12.882557735541555,-9.820931291545408,0.5535945214469393,13.492994121429676,4.0123883116296355,1.1635692985728383,12.923524083446926,-9.733982043643739,0.5683423292521184,13.846781713625845,0.09611666541953016,0.609974777125899,0.014747807805179036
153,12.997297143505781,-9.802841980219123,0.5587612299386819,13.532600583924765,4.104210568934345,1.1742844562977552,13.037835654522206,-9.714194904837196,0.5740494511719589,13.917351054645433,0.09747653486453949,0.6155232263590733,0.015288221233277
154,13.111894560795085,-9.783391940211676,0.5634905902807077,13.571220901599137,4.1964519363929735,1.1871980363503098,13.152418852661906,-9.693173436858302,0.5789467229205911,13.987387729722693,0.09890195437214573,0.6237074460696022,0.015456132639883435
155,13.226200488584514,-9.762881091579349,0.5685763999026676,13.608646865969035,4.289184325550647,1.2023089490830898,13.266423671726972,-9.6707348625467,0.5844107449684088,14.057268857031772,0.10054268738724402,0.6337325491804222,0.015834345065741218
156,13.340404885826304,-9.741465789344055,0.5735084393199941,13.644667339790766,4.3824716466268,1.2181523069739342,13.380332024535857,-9.647448518963058,0.590200256805474,14.127214316209388,0.10214413118444599,0.6446438676539401,0.016691817485479987
157,13.453635380414415,-9.717408972251736,0.5786466241952439,13.679205370338371,4.476317921213487,1.2339956648647785,13.4932695010751,-9.62134794345275,0.5962992136064713,14.19551918552584,0.10391623922402674,0.6553490406695346,0.017652589411227382
158,13.566528682237777,-9.692053315632169,0.5834121612970193,13.71225228833344,4.570699593263384,1.2494727997109294,13.60585130636814,-9.594081211834114,0.6016596725839918,14.263497323923824,0.10556894378137247,0.6660606384139101,0.01824751128697244
159,13.679077758077218,-9.665209170023388,0.5879626690548321,13.743834548802727,4.665581412552209,1.262020157650113,13.717985002843996,-9.565246052335524,0.6066986418027227,14.330936890642652,0.10726788239365792,0.674057488595281,0.018735972747890628
160,13.791382861984887,-9.637297910429453,0.5924279207501968,13.774223838298836,4.760852026551641,1.273101537488401,13.829702208588078,-9.534842374565448,0.6112760335836356,14.398160161627683,0.10938696976000281,0.6806736167382041,0.01884811283343879
161,13.903822740243363,-9.608619771004495,0.5969567636166175,13.803555553703017,4.856453539507008,1.2841829173266888,13.941288917705439,-9.50397239099083,0.6161903448100929,14.465420816110706,0.11115209668442665,0.6872261537100712,0.019233581193475402
162,14.016016123576549,-9.578760237852913,0.6017726321842929,13.831826093206082,4.952374211961452,1.2952642971649766,14.05323506193701,-9.472081619578388,0.6208200494456833,14.532301757322193,0.11298485283276549,0.6934916649806837,0.019047417261390365
163,14.127290035896367,-9.547587283811575,0.6063931525823136,13.859031985306709,5.048602265266692,1.3074454329907894,14.164275818304517,-9.43859111659141,0.6260190422344749,14.598654449445942,0.1151004455639918,0.7010522804084758,0.019625889652161277
164,14.237850042839414,-9.515540431641853,0.6113340004485508,13.88506372102613,5.145154569969073,1.3218239014968276,14.274321220802706,-9.404009609519262,0.6306303304318135,14.664939008366796,0.11734253749331956,0.7104899010482768,0.019296329983262694
165,14.348298758326704,-9.482612350304375,0.6170953369837662,13.909704539449292,5.242071177809751,1.3362023700028658,14.383933328401183,-9.36907506241287,0.636938135854507,14.731214135024587,0.11899806017810313,0.7191070330190996,0.019842798870740808
166,14.45865510388405,-9.448224921197182,0.6236676845837792,13.932949346412371,5.339332052559859,1.350580838508904,14.493728612181583,-9.332862122700726,0.6429678185540979,14.796898587053619,0.12057664061181568,0.7269131539251248,0.01930013397031871
167,14.568945346922295,-9.412292148827287,0.6303748634782096,13.954793336358481,5.436917086817892,1.3642268627882004,14.603010997078218,-9.294860732750791,0.650116252962107,14.861904239230237,0.12227267070885815,0.7338519993099908,0.019741389483897365
168,14.678709143728302,-9.375200605054108,0.6365020482007822,13.975303686089418,5.534791109734199,1.3782391091808677,14.712553380602648,-9.255519810686096,0.6562019053544645,14.926574696590377,0.12437413280166111,0.7417370609800855,0.019699857153682387
169,14.788279426621981,-9.336677193467896,0.6436100734536012,13.994440632274634,5.632942911035099,1.392251355573535,14.820707955759124,-9.215350509308136,0.6625869979779964,14.990653958535335,0.1255857228796355,0.7486412821199337,0.018976924524395145
170,14.897065672467939,-9.296811756098656,0.6500695112299582,14.012200417569243,5.731353219611978,1.407362268306315,14.929810852668616,-9.173185019746604,0.6703674367327039,15.054193072247438,0.12788986186338,0.7572927570763568,0.020297925502745784
171,15.004644563223465,-9.255533622131763,0.6561651427437027,14.028471162277832,5.830020649266019,1.422473181039095,15.036298598865711,-9.130108067570859,0.6755858517881279,15.117104953793291,0.12935821469605566,0.7663080382953922,0.019420709044425166
172,15.11190835443306,-9.212483370321669,0.6632595911760291,14.043249151214397,5.92892267073625,1.437584093771875,15.142798729959965,-9.084955899206268,0.6829357014667039,15.179071427225356,0.13121536186469474,0.7743245025958458,0.019676110290674842
173,15.218491147337739,-9.168122093225923,0.6702612728950044,14.056531010041828,6.028036701196096,1.451962562277913,15.248488978385199,-9.038387762808407,0.6900284530292993,15.240518149523474,0.133157299298361,0.7817012893829087,0.019767180134294904
174,15.324106661378377,-9.121638325539228,0.6759810328621825,14.068386437083372,6.127331452606076,1.4652423644438386,15.353167658680801,-8.989920723632807,0.6960768581066077,15.300585367118881,0.13488538918722862,0.7892613315816561,0.020095825244425214
175,15.42935682346143,-9.073763663267485,0.6817628622193297,14.078922242871146,6.226774881772157,1.478888388723135,15.457344899780072,-8.940003518239406,0.7019332971121912,15.360018011861115,0.13665690181601106,0.7971255265038053,0.020170434892861522
176,15.534460647629798,-9.02463056838014,0.6877358785968681,14.088100102383402,6.326352819603187,1.4925344130024314,15.561237930262614,-8.888714298022569,0.7082652498665993,15.418970452173047,0.13852889739368468,0.8047985344055633,0.0205293712697312
177,15.638873116855589,-8.974451278881762,0.693202795660909,14.095918306600925,6.42604672358292,1.5065466593950987,15.66503263860508,-8.836403827211893,0.7144420526619797,15.47759827203196,0.14050416182699765,0.8133438637341897,0.021239257001070655
178,15.742623274810835,-8.923005752559455,0.6994543687578698,14.102338853472217,6.5258403876392155,1.520192683674395,15.767442163064125,-8.783116956475228,0.719639325297976,15.535680868453031,0.14207340526651605,0.8207383149165253,0.020184956540106214
179,15.846037926862206,-8.869944179571833,0.7062696318280359,14.107397058055927,6.62571237257141,1.5338387079536915,15.869833793481826,-8.728269476068762,0.7270190480794554,15.592890817698407,0.1436591969936552,0.8275690761256556,0.02074941625141946
180,15.948850591022161,-8.815246375877285,0.71319272668552,14.11109197845827,6.725644081108428,1.5474847322329879,15.971509498777614,-8.671696023061028,0.7331932743709331,15.649173553708273,0.14532766389900478,0.8342920055474679,0.02000054768541304
181,16.050192011918767,-8.759711884301927,0.7204098070178588,14.113422926644093,6.825616904857996,1.5607645343989134,16.072604280511126,-8.613519849996603,0.7407560593146627,15.705207669938428,0.14790003609798424,0.8403547273810545,0.02034625229680387
182,16.150437072797835,-8.702970666224262,0.7262879486333986,14.114426088997849,6.925611867097096,1.5744105586782098,16.17124309141549,-8.55534356382139,0.7475107123773341,15.760645060624633,0.14908605492998414,0.8481226100448112,0.021222763743935502
183,16.25039238606747,-8.644613669914698,0.7313898827087542,14.114064666617919,7.0256112080037765,1.5902539165690541,16.270060025933557,-8.494694060333119,0.7529345390084927,15.81517764204448,0.1512041844493565,0.8588640338603,0.021544656299738563
184,16.34986216131494,-8.585285075566784,0.7370713220116158,14.112119030530826,7.1255922727516765,1.6060972744598985,16.367985329903412,-8.433026627836522,0.7585548719089275,15.869441117231494,0.15333324540005963,0.8690259524482826,0.021483549897311605
185,16.448756487822056,-8.524915819460741,0.743081623888429,14.10858966910434,7.2255299654198,1.6219406323507428,16.46568618468831,-8.3702375426803,0.7650570937130396,15.923345225231053,0.15560200494771875,0.8788590084623138,0.021975469824610627
186,16.54681427067179,-8.463493679391478,0.7492203886758944,14.103477468231961,7.325399200973837,1.6377839902415872,16.56234746868564,-8.306485468389235,0.771303272123987,15.976828005514967,0.15777470824774886,0.8885636015656928,0.022082883448092616
187,16.644199704615424,-8.401010813808586,0.75616486250874,14.09678371111056,7.425174911562671,1.6536273481324315,16.658262559312643,-8.241655327781764,0.7780876381020789,16.029893413803766,0.1599747942929753,0.8974624856236915,0.021922775593338883
188,16.7407831091353,-8.33719966788153,0.7633310875062307,14.08851007791828,7.524832052810585,1.6694707060232759,16.75345123131024,-8.176003226210726,0.7855333804782276,16.08224494715722,0.16169345727879011,0.9061396185170452,0.02220229297199694
189,16.836471178551623,-8.271881705281269,0.7697749987382849,14.078658645392805,7.624345610103565,1.6853140639141202,16.8476395622005,-8.108796803059187,0.7923099578056281,16.133678217642586,0.16346687164717613,0.9155390651758353,0.022534959067343152
190,16.930518120880475,-8.20411499919407,0.7756396897275408,14.067231886310088,7.723690604868136,1.6996925324201584,16.939997295152843,-8.03889342434826,0.7979878524947708,16.18312081836738,0.1654932733962797,0.9240528426926176,0.02234816276722995
191,17.023984593265382,-8.135127194404028,0.7817114439931174,14.054377928733164,7.822861036865369,1.7137047788128257,17.03176026598717,-7.9679929293030485,0.8045099687460606,16.231942340070294,0.16731504312858655,0.9319933348197083,0.022798524752943194
192,17.116829428551636,-8.065003504241735,0.7871084462058207,14.040135677972811,7.92184162638264,1.7280832473188639,17.122932841131533,-7.895728023788846,0.8104841525364463,16.280210737745964,0.16938547732222237,0.9409748011130432,0.02337570633062569
193,17.208540605983707,-7.994217475087195,0.792216893951263,14.02447175915995,8.02060720973702,1.742827937938273,17.213412381677124,-7.822534482928393,0.815851064182425,16.3282854000954,0.1717521004092998,0.9506110439870099,0.02363417023116199
194,17.299622142361567,-7.922322868471638,0.7976863656331261,14.00735332782633,8.119131105907357,1.7586712958291173,17.302188564259563,-7.7487722763637965,0.8215856368351524,16.37581385944775,0.17356956686683556,0.9609849301959912,0.023899271202026284
195,17.38995840855662,-7.849555326896611,0.8031671011958679,13.988676160867708,8.217371434908776,1.7745146537199616,17.391238369713314,-7.67337014950676,0.8279111648607795,16.422997792658375,0.1761898266996587,0.9713475525240938,0.024744063664911664
196,17.479208401157994,-7.775979610980941,0.808347543435957,13.96844494637885,8.315303537756682,1.790358011610806,17.478444419050003,-7.59798934997346,0.8337913637678867,16.469816435171953,0.17799190060834927,0.9820104681748489,0.0254438203319296
197,17.567599864069763,-7.701312332346812,0.8147139174070617,13.946664762530926,8.412902832833325,1.8062013695016503,17.565262499987043,-7.520976074466975,0.8396528579924052,16.51602559332231,0.18035140469915475,0.9914874520945887,0.024938940585343516
198,17.654760828199013,-7.625532001823692,0.823217903929617,13.92334107629685,8.510144822057947,1.825341816060245,17.65066435208792,-7.443418565222917,0.8476509994525259,16.56150838328552,0.182159504026206,1.002123912130628,0.024433095522908843
199,17.740604307951948,-7.5481401419483305,0.8321975392427703,13.89816052087376,8.606922600687609,1.8444822626188397,17.734822376293927,-7.364135009880863,0.8571043631691282,16.605734746627736,0.18409595150590372,1.0122847233760695,0.0249068239263579
200,17.825037369425253,-7.4691394009120184,0.8405903118800779,13.871132321045073,8.703200714617658,1.8636227091774344,17.81734818579777,-7.283283755045299,0.8660402477416937,16.64866210672728,0.18601463556772233,1.0230323972973565,0.025449935861615813
201,17.90798005219174,-7.388693527157496,0.850070432494249,13.84226637847043,8.798943892793362,1.8823969336226583,17.89843771515123,-7.200747058945605,0.8746289967257326,16.690405414982518,0.18818855201504237,1.0323265011284093,0.024558564231483615
202,17.98916250024982,-7.30727465996902,0.8604508831303974,13.811608124634242,8.894128294244561,1.9000724917277694,17.97781655570178,-7.117016232096335,0.8851751315105503,16.73133043861203,0.19059643185084335,1.039621608597372,0.024724248380152858
203,18.06884356443584,-7.224304866459145,0.870485120187368,13.779272310067373,8.988755953542487,1.9170156056061387,18.05531186857532,-7.03266710538728,0.8951064304146712,16.770920150646962,0.1921149090036974,1.0465304854187707,0.024621310227303184
204,18.14702097220017,-7.138896095139486,0.8811621123131772,13.745337926196603,9.08282218765026,1.9332262752577662,18.131546784363607,-6.945759124880791,0.9048494345206564,16.80830026158714,0.19375587673644767,1.052064162944589,0.023687322207479156
205,18.223485870687185,-7.051222045717984,0.8917741623845359,13.709883191104097,9.176325987398867,1.9494369449093938,18.20599323079969,-6.856580587690421,0.9156065408769791,16.843572195833467,0.19542591853008953,1.057662782524858,0.02383237849244324
206,18.297465781157648,-6.962408654477426,0.9003126301940938,13.672917421587128,9.269242781854581,1.9656476145610213,18.278832609072968,-6.765510611623354,0.9251932448405569,16.877587383289868,0.1977777398538607,1.0653349843669275,0.024880614646463073
207,18.36905401123723,-6.873493282390386,0.9074615903336962,13.634450331512673,9.361548154336962,1.9803923051804304,18.348271802146687,-6.674525895418295,0.9323271147604828,16.911328819945382,0.20004979703360004,1.0729307148467342,0.024865524426786578
208,18.43974370052822,-6.783845831814133,0.9145794764299353,13.594626458003779,9.453276328343941,1.9944045515730977,18.41638422774503,-6.583648766396282,0.9394180237013643,16.944594923978087,0.20155527770472237,1.0798250751431624,0.02483854727142898
209,18.50996299324033,-6.6925964142397465,0.9225930322099885,13.553521218286077,9.544437493736105,2.007684353739023,18.48410443466463,-6.4913016765144205,0.9463269978459721,16.976677684319423,0.20294885189998155,1.0850913215290348,0.023733965635983623
210,18.57897365266414,-6.599946827127357,0.9302405451562663,13.511209036374588,9.635044767559988,2.019865489564836,18.55121668520981,-6.3972204118701805,0.9547501641955023,17.007562737961166,0.20461781126110665,1.0896249444085697,0.024509619039235986
211,18.646316115077816,-6.50631979864162,0.9364640724052151,13.467796321351583,9.725129921621235,2.0327790696173906,18.616535712850272,-6.3021503185042596,0.9610782710533385,17.037518225241477,0.20632995171907134,1.0963149972121755,0.02461419864812342
212,18.712610923334903,-6.411552617500551,0.9429036837209424,13.4232239365263,9.814646966472448,2.0456926496699452,18.680371590722885,-6.206107428038243,0.9672953274730389,17.066551134753198,0.20795937209097284,1.1027889659490029,0.02439164375209657
213,18.776582478960723,-6.314878136270789,0.9486895862173697,13.377499314710846,9.903580974409461,2.057140251621604,18.741961471180456,-6.107850966645189,0.9728993971530144,17.093522601830603,0.20990203225054344,1.1084506654042343,0.024209810935644782
214,18.839374996406285,-6.217389955284744,0.9550485473264416,13.330759630026634,9.991985729278912,2.06748918723315,18.802558588614954,-6.008714759326037,0.9792857377487962,17.119833624718364,0.21189805400489684,1.1124406399067084,0.024237190422354615
215,18.901257151288608,-6.118426973632016,0.9621275651406904,13.283107569456106,10.079902052742135,2.077471900731325,18.861747737214085,-5.909036706569011,0.9857654308598285,17.144954592256,0.21308514200016118,1.1153443355906347,0.023637865719138063
216,18.962113221441083,-6.018464728940082,0.9681724563379248,13.23458025434648,10.167338306642666,2.0874546142295003,18.920505959614523,-5.807287877255398,0.993020785290355,17.169299746810736,0.2152366765311134,1.1192821578915755,0.024848328952430165
217,19.021404474974876,-5.918903329251559,0.9728930734236201,13.185182520626254,10.254285777630686,2.0974373277276754,18.977702822268636,-5.7058310649643635,0.9973047587718611,17.193996992770334,0.2175077567760036,1.1245442543040554,0.024411685348241008
218,19.079795496058548,-5.818654956958303,0.9785343494404515,13.134919290964403,10.340735801065426,2.105222708545625,19.033361393821583,-5.604854709939479,1.0022451302666013,17.21823053523205,0.21878453207634016,1.1266883591051737,0.023710780826149858
219,19.137388769341516,-5.7173042802175305,0.9833139606889745,13.083984545021128,10.42679189012135,2.1122745550237596,19.088702570906605,-5.501974102673761,1.008146228517944,17.241680424487935,0.22076555727530264,1.1289605943347851,0.024832267828969634
220,19.194294017495945,-5.615097719498923,0.9865365724217554,13.032444216228969,10.51248665843251,2.118593957275152,19.142761300099718,-5.398936404332345,1.0115226037032699,17.26462773536319,0.22221911514715387,1.1320573848533968,0.024986031281514443
221,19.250970924747087,-5.512084239632785,0.9879105830004846,12.980363380453479,10.597854013743738,2.124180915299803,19.196733064416726,-5.294396335734861,1.0146775834891741,17.287296766763628,0.22434297180140853,1.1362703322993184,0.02676700048868952
222,19.307593199142758,-5.408687058758163,0.9890351559406554,12.927806416154509,10.682929064796229,2.1272043185308576,19.25036839891987,-5.189738193717164,1.0147821913215012,17.310164322276876,0.2263035202185129,1.1381691625902022,0.025747035380845773
223,19.364422439656362,-5.303878437927698,0.9927848119659757,12.874992476273729,10.767844826361303,2.1316926102153957,19.30417585136942,-5.084424393432141,1.0176833703390002,17.332425967923147,0.22757356842496923,1.13890779824942,0.02489855837302457
224,19.420930830277094,-5.198010104869061,0.9967042480966484,12.821797942927285,10.85252268905257,2.135082235559821,19.358046548058045,-4.976795554375719,1.0224079744166374,17.354197124432336,0.229978934470478,1.1383779874631728,0.025703726319989073
225,19.476600393053577,-5.092337753973378,0.9987493740300124,12.768316689491582,10.937019756095475,2.1384718609042466,19.41117628718342,-4.869272308640021,1.0254495666104049,17.376460296420447,0.23246183886969146,1.1397224868742342,0.026700192580392468
226,19.53196621870858,-4.986389368647833,0.9993997286328522,12.714549330442102,11.021335056656829,2.141495264135301,19.46348098100629,-4.762120869631747,1.026963630991304,17.39897739250547,0.23449219056093806,1.142095535502449,0.027563902358451742
227,19.587351238822862,-4.880255362143626,0.9996064704719174,12.660527298371488,11.105487411697366,2.1448848894797266,19.516019916702614,-4.654140186415384,1.0277340675911546,17.4219649274535,0.23709962085595201,1.1452784190078091,0.02812759711923718
228,19.64272797464181,-4.773767597323425,1.0008281574228022,12.606220332236049,11.189456169203188,2.1497394032776356,19.568183205497817,-4.546660333683648,1.0285323989901372,17.445255882956683,0.2390285167185675,1.1489112458548334,0.027704241567334975
229,19.698006152498234,-4.665973165588857,1.003814852108917,12.551506380115734,11.273160304413363,2.1556925834156573,19.62040166328474,-4.437912069456436,1.0310604443166085,17.467925886355488,0.24090313471436836,1.1518777313067403,0.027245592207691516
230,19.753027202319775,-4.556889828127299,1.0069580739473167,12.496295094681614,11.356537236286748,2.164210408460349,19.672050539779548,-4.327638700868674,1.035143019291354,17.48992057776284,0.24313226693613557,1.157252334513032,0.02818494534403726
231,19.807755121439254,-4.447096997892308,1.0090445447822276,12.440375630586347,11.439440869157723,2.1727282335050404,19.72357361556994,-4.216124754578506,1.0384853888626822,17.511720816740272,0.24583470689029083,1.1636836887228128,0.029440844080454553
232,19.861742128046686,-4.337297168959662,1.012762763781211,12.383752044949492,11.5218651881269,2.1838096133433282,19.77442853409179,-4.1042791032921295,1.0414191564868815,17.533777868768937,0.24883947158109543,1.1710468495621171,0.02865639270567044
233,19.914518596777636,-4.227556996382656,1.0187398141824815,12.326218579386454,11.603656991800703,2.1937923268415034,19.824259415690992,-3.992774788255803,1.0476997486639448,17.555900247312625,0.2515341031020497,1.1750525126590219,0.02895993448146328
234,19.965840223705975,-4.1178861974376435,1.025211470445356,12.267871489954713,11.684870389480835,2.2037750403396785,19.87264919983761,-3.881347836188917,1.053661193824155,17.577993013174382,0.25423407181545715,1.1785635698943224,0.028449723378798808
235,20.01540686059559,-4.008244568122045,1.031112930515519,12.208716591160018,11.765497287948385,2.2144901980645955,19.91965012397666,-3.7702036482397587,1.0600067857976683,17.599867758163647,0.2565790953026226,1.1833772675490764,0.02889385528214916
236,20.06316466223547,-3.8988535634938657,1.0364853332393977,12.148701174853919,11.845485715945895,2.2252053557895124,19.96457644736277,-3.6589413990216366,1.065028219609303,17.62166143243041,0.25937903302606263,1.1887200225501147,0.028542886369905318
237,20.10922795216127,-3.7899768863106265,1.0420374313944194,12.087832131616809,11.924826489721465,2.2359205135144293,20.007917039419855,-3.548502303591744,1.070810675746543,17.643634434469497,0.26186613973508877,1.19388308212001,0.028773244352123584
238,20.153727057061367,-3.6811393659369664,1.047744660416356,12.026116450036982,12.003510499882644,2.2477354272268713,20.049378100514577,-3.4383642962059096,1.07628841803853,17.66539825740621,0.26425071280002904,1.1999907668105152,0.02854375762217387
239,20.19672501906178,-3.572029688837154,1.0532301801831636,11.96347545275827,12.081459869782828,2.2613814515061677,20.08948346634404,-3.3280190086502786,1.0824775715682335,17.686665422935487,0.2665369818141075,1.208151271323004,0.029247391385069932
240,20.2384989815037,-3.462343801555874,1.0584406920352194,11.899776621721802,12.158547208123794,2.270997942890972,20.12783343464521,-3.217354427940891,1.0876598713311978,17.707245029360656,0.2688245830383634,1.2125572508557525,0.029219179295978392
241,20.27937933798312,-3.3522746699706234,1.0637607968055818,11.835339437698643,12.235018432274273,2.2802482121624053,20.165413238379976,-3.105863537685077,1.0930942884970136,17.72753553353899,0.2714898119138147,1.2164874153568235,0.029333491691431846
242,20.31911048840295,-3.2423093565968824,1.068773143702856,11.770197641192766,12.310890331920282,2.2894984814338386,20.202032113563977,-2.9944460625325116,1.0981984172340162,17.747843007534346,0.2741232540288684,1.2207253377309826,0.0294252735311602
243,20.357635072118498,-3.1322427702704205,1.073138959483913,11.704356806183899,12.38615641494074,2.299114972818643,20.237329047462786,-2.8831655450359124,1.1031090730193682,17.767946927522562,0.27660984020635015,1.22597601333473,0.02997011353545531
244,20.395208949021097,-3.021599347553263,1.0771672877126548,11.637795231046688,12.460785869736823,2.308731464203447,20.27146910171785,-2.7715814502796454,1.1072801473874279,17.78753909466762,0.278963257020977,1.2315641764907923,0.030112859674773063
245,20.432022600928207,-2.9102855276316997,1.0814334887654695,11.570519071142263,12.534771794860601,2.3183479555882514,20.304864699119886,-2.659269370419998,1.1116965633209475,17.80662911680596,0.28138628817627975,1.2369144668227818,0.030263074555477942
246,20.468196740891827,-2.7982666411692434,1.084010706294066,11.502534547913829,12.608107348375317,2.326865780632943,20.337457539391348,-2.546513682359033,1.1160907183166273,17.82524777006789,0.28367638442189425,1.2428550743388769,0.03208001202256128
247,20.50401951109171,-2.6858729609773633,1.0846607756793674,11.433927839061818,12.680861168264052,2.3328189607709646,20.36942285897498,-2.4328217121341495,1.1173348584070482,17.843852743671107,0.2866202946445737,1.2481581850915973,0.0326740827276808
248,20.539733509173278,-2.5735749816768814,1.0852383670389827,11.364889231892002,12.753205273262033,2.3376734745688736,20.401113109189073,-2.319123352837449,1.1183913720396959,17.863033350905056,0.2897606714356201,1.252435107529891,0.033153005000713165
249,20.575222272455726,-2.461690848793776,1.0862435339477088,11.295500244136482,12.825213378265369,2.34142932202667,20.432768921968496,-2.2054654878657787,1.119542181617362,17.883027757350046,0.29316274089269967,1.2551857880789612,0.03329864766965329
250,20.610416997847587,-2.350010627645532,1.0875199130496185,11.225841294972184,12.896960361541552,2.3448189473710954,20.463992111383213,-2.092600451446121,1.121379276863081,17.903641681739273,0.2961422735563375,1.257299034321477,0.03385936381346255
251,20.645317214479864,-2.2383235328586215,1.0891505082363437,11.155939551055642,12.96847081536009,2.34784235060215,20.495023497952932,-1.9793814488407155,1.1230590477443911,17.92470035420707,0.2993980696380889,1.2586918423658062,0.0339085395080474
252,20.67991964078897,-2.126507570459345,1.0908215150229807,11.085821922015885,13.039769601505089,2.3501322197262198,20.525662784629663,-1.8665637312162404,1.125352552286131,17.94610471088967,0.3022680552632019,1.259310704703239,0.03453103726315021
253,20.71445792503751,-2.0142167444068217,1.0905632056637842,11.015541212060667,13.11090764066908,2.3501322197262198,20.556157449361603,-1.753164222483231,1.126780787259122,17.96770361146018,0.30529896790176947,1.2595690140624356,0.03621758159533783
254,20.74939567903775,-1.9012739202100735,1.088235109938978,10.945260502105448,13.18204567983307,2.348942106938921,20.586626437882344,-1.639438629850295,1.125125711909277,17.989652490379214,0.30830430607452786,1.260706996999943,0.03689060197029903
255,20.785032760870244,-1.7882609180707958,1.0850357405251998,10.875064504192,13.253267310570104,2.342990016913973,20.61775511797662,-1.5247200349648558,1.1226085441976466,18.012635628951458,0.3121467713757508,1.257954276388773,0.03757280367244675
256,20.821335304571083,-1.6756745163376108,1.081090687901451,10.805293664759702,13.324905490145103,2.3319097267230973,20.649545839211154,-1.4107506105495198,1.1196258479121752,18.037141975970705,0.3157472031018921,1.2508190388216462,0.03853516001072421
257,20.858440289209614,-1.5636138631480692,1.076263335195108,10.736320863841582,13.39731233748302,2.3197296805446967,20.68192544977047,-1.296700680822438,1.1159759351376124,18.063405394391797,0.3200002116271521,1.2434663453495887,0.03971259994250431
258,20.896638750095725,-1.452338520336507,1.0706631277098495,10.668235075977693,13.470553885110446,2.3002241015201434,20.715141167171257,-1.1835496766157925,1.1115446320127376,18.091792599553468,0.32432825210909827,1.229560973810294,0.04088150430288806
259,20.93596386393334,-1.3414632783140346,1.0656202897771436,10.601590768128066,13.545109468664942,2.2799860782688484,20.749491306617404,-1.07081921032122,1.1064491934466787,18.122067085032022,0.3286643062026109,1.2143657884917047,0.040828903669535066
260,20.97610734419852,-1.230769951772318,1.0629187274134893,10.53646886245651,13.62099844157677,2.2597480550175533,20.784714740026168,-0.9582711953212995,1.103068926729975,18.153817120351068,0.33299654832929837,1.196829327604064,0.04015019931648567
261,21.01670861728292,-1.1200585875162279,1.0622337070635695,10.472896030525531,13.69818972248454,2.2398762557422742,20.820572173305997,-0.8457962008358487,1.102055519246278,18.186601299899447,0.3371785304605412,1.1776425486787048,0.03982181218270853
262,21.05736786019929,-1.0094250634771904,1.0628673576975416,10.410869578955468,13.77662898633584,2.2302608540048823,20.856684679068877,-0.7332517822080457,1.1020551813624309,18.220189900671176,0.341387493144649,1.1673934963073407,0.039187823664889265
263,21.09769647783951,-0.8990630679470115,1.0639223807484086,10.349600208132456,13.855661024186697,2.2302608540048823,20.8926264117006,-0.6210944281539649,1.1037404712613181,18.254409233329945,0.34542770116858446,1.1663384732564737,0.03981809051290952
264,21.137554401614043,-0.7891177012829712,1.0646482614793058,10.288330837309443,13.934693062037553,2.2302608540048823,20.928051059729803,-0.5091881116939777,1.104490302931282,18.289238785207424,0.3496458571013347,1.1656125925255765,0.03984204145197623
265,21.17704830572148,-0.6795833172278316,1.0651290950881958,10.22706146648643,14.01372509988841,2.2302608540048823,20.9631186128265,-0.3979310939792501,1.1053929355901175,18.3247243913768,0.35368614386629615,1.1651317589166865,0.04026384050192178
266,21.216255687571532,-0.5703964972867113,1.0657884402717173,10.165792095663418,14.092757137739266,2.2302608540048823,20.997881688937895,-0.28688904352977174,1.1057079927038842,18.360850201460234,0.35785986030146943,1.164472413733165,0.03991955243216694
267,21.25526194243952,-0.46129762123221335,1.0667710511297628,10.104522724840406,14.171789175590122,2.2302608540048823,21.03238388044796,-0.17625468617924162,1.1070700998159566,18.397451299085944,0.361834361746818,1.1634898028751195,0.04029904868619383
268,21.293836764407605,-0.3527723048281973,1.0672284783904615,10.043253354017393,14.250821213440979,2.2302608540048823,21.066664702040033,-0.06530254272895132,1.1083257898197019,18.43476527436628,0.3663959743798137,1.1630323756144207,0.041097311429240335
269,21.332254863792052,-0.24419592374899673,1.0675966890521522,9.98198398319438,14.329853251291835,2.2302608540048823,21.10021826204995,0.044183298671919356,1.1088355827585303,18.472454044318308,0.3701399201276662,1.16266416495273,0.04123889370637812
270,21.37066196274474,-0.1352638323436215,1.068296993511467,9.920714612371368,14.408885289142692,2.2302608540048823,21.134129211719195,0.15510618606410295,1.109450484413884,18.510363799621913,0.37451634129609784,1.1619638604934153,0.041153490902416934
271,21.408728713137915,-0.02680498310229613,1.0688670137424197,9.859445241548356,14.487917326993548,2.2302608540048823,21.16757836404547,0.26523156065273573,1.1100632971127027,18.548938310488982,0.37873319600451166,1.1613938402624626,0.04119628337028303
272,21.44661360174371,0.08150577402825042,1.0694628545425076,9.798175870725343,14.566949364844405,2.2302608540048823,21.20085648107218,0.3752769554670717,1.1107137754650296,18.588011663330995,0.38301183977094255,1.1607979994623747,0.04125092092252203
273,21.484495382561082,0.1902716481369486,1.0706662248230714,9.73690649990233,14.645981402695261,2.2302608540048823,21.23404001590549,0.485213235637489,1.1120665038095296,18.62722172155579,0.3869346595019975,1.1595946291818109,0.04140027898645826
274,21.522147122493827,0.2991865805578682,1.0724432323004294,9.675637129079318,14.725013440546117,2.2302608540048823,21.26726639395815,0.5961706266432772,1.1136999815560387,18.66666225168357,0.3913613540043758,1.157817621704453,0.04125674925560929
275,21.559456057993557,0.40822724119238135,1.0741537675603468,9.614367758256305,14.804045478396974,2.2302608540048823,21.29991501323141,0.7062892519691517,1.1153429475005225,18.706274808393896,0.3952246401535701,1.1561070864445355,0.04118917994017579
276,21.596432996616734,0.5173333242661726,1.0749048823017802,9.553098387433293,14.88307751624783,2.2302608540048823,21.332421325195615,0.8174197625586169,1.1165908367463828,18.74610665440188,0.3996924231125957,1.1553559717031021,0.04168595444460266
277,21.632990734348077,0.626061621457519,1.076239405967499,9.49182901661028,14.962109554098687,2.2302608540048823,21.364341368016127,0.9276740406545392,1.118004393377106,18.786433354504705,0.40390906581115144,1.1540214480373834,0.0417649874096071
278,21.669361802401014,0.7348879853427579,1.0771992314948875,9.430559645787268,15.041141591949543,2.2302608540048823,21.396083627171738,1.0380184769705054,1.1194682110424594,18.827032970844954,0.40812872480520496,1.1530616225099948,0.04226897954757192
279,21.705654569947573,0.8439570384480647,1.0780088707797404,9.369290274964255,15.1201736298004,2.2302608540048823,21.427618212028253,1.148423688579759,1.1200769985651107,18.867862734865945,0.41231560407951495,1.1522519832251419,0.04206812778537028
280,21.74180223054479,0.9532303419293545,1.0787322784417483,9.308020904141243,15.199205667651256,2.2302608540048823,21.45908615367372,1.2591964506902622,1.120974780663147,18.90890613054861,0.4165856932632942,1.151528575563134,0.04224250222139858
281,21.777710130859585,1.062455613794806,1.0789711223587801,9.24675153331823,15.278237705502113,2.2302608540048823,21.49032149832988,1.3699821177616418,1.1214971533834444,18.9502871707054,0.4209094638391469,1.1512897316461022,0.042526031024664235
282,21.813506607714285,1.1717010532312768,1.0796972909265605,9.185482162495218,15.357269743352969,2.2302608540048823,21.52128486047951,1.4806062274608467,1.1217194421977013,18.992034131477627,0.42522459503507626,1.1505635630783217,0.04202215127114073
283,21.849197474227694,1.281188019543691,1.0811988919995201,9.124212791672205,15.436301781203825,2.2302608540048823,21.552155564133233,1.5915141937417692,1.123117065761818,19.033982262700885,0.4295768042445744,1.1490619620053621,0.04191817376229778
284,21.88463815726221,1.3907844594927912,1.082617777890846,9.062943420849193,15.515333819054682,2.2302608540048823,21.58292686737832,1.7027251544342272,1.1248695382444396,19.076130386544897,0.4339777639510427,1.1476430761140364,0.04225176035359368
285,21.919766556107174,1.5002225214015688,1.0834676090416906,9.00167405002618,15.594365856905538,2.2302608540048823,21.61335043981894,1.8137944957964887,1.1260780581567644,19.118629405828152,0.4384269830280661,1.1467932449631917,0.042610449115073834
286,21.95479094050943,1.6098485952983226,1.0838916592438181,8.940404679203168,15.673397894756395,2.2302608540048823,21.64346970422396,1.9246291957532484,1.1266406485290474,19.161358737228547,0.4427276121782743,1.1463691947610641,0.0427489892852293
287,21.989720530123726,1.7195697806597698,1.0844647448648175,8.879135308380155,15.752429932607251,2.2302608540048823,21.673642419159627,2.036033303494356,1.1270885286274108,19.204390354830753,0.4472745616682332,1.1457961091400648,0.04262378376259335
288,22.02447094689085,1.8293270195507891,1.0853252614870144,8.817865937557142,15.831461970458108,2.2302608540048823,21.703493615940143,2.147065751726657,1.1278568205659951,19.247706332339405,0.4516462652441267,1.144935592517868,0.04253155907898076
289,22.059011824592915,1.9392152694712959,1.086238584448438,8.75659656673413,15.910494008308964,2.2302608540048823,21.73319287572703,2.258636843422589,1.1288840133700262,19.29121254070909,0.45627637386302483,1.1440222695564444,0.04264542892158829
290,22.09322435906509,2.0488053036159357,1.0869262111045828,8.695327195911117,15.98952604615982,2.2302608540048823,21.762591037455874,2.3700201243789176,1.1298483915514055,19.335132355793238,0.46097435333881437,1.1433346429002995,0.04292218044682272
291,22.127179287387072,2.158065389598937,1.0877526725780626,8.634057825088105,16.06855808401068,2.2302608540048823,21.791756305943938,2.4810605300251325,1.1306185712808485,19.379528730019093,0.4656548477350354,1.1425081814268196,0.0428658987027859
292,22.161135285471516,2.2678182126355924,1.0886868990746734,8.572788454265092,16.147590121861537,2.2302608540048823,21.82066899908321,2.591751076456151,1.1319765932628627,19.42398614747486,0.46994658465620615,1.1415739549302089,0.04328969418818929
