timestamp,cmd_v,cmd_omega,actual_delta_x_body,pred_delta_x_body,actual_delta_y_body,pred_delta_y_body,actual_delta_theta,pred_delta_theta,actual_v_next,pred_v_next,actual_omega_next,pred_omega_next,actual_x,actual_y,actual_theta,pred_x,pred_y,pred_theta,position_error,heading_error
102.09955,1.9999999,0.0,0.06288721,0.063048325,-0.09267666,-0.09270993,0.0010861069,0.0013967146,1.2577034,1.264148,0.015961,0.028385308,0.06288721,-0.09267666,0.0010861069,0.063048325,-0.09270993,0.0013967146,0.0001645142429244386,0.0003106077000000001
102.19955,1.9999999,0.0,0.06309333,0.06328887,-0.09276262,-0.09280782,0.0003261932,0.00038248935,1.2606121,1.2684339,0.002525164,0.0047770105,0.1260812528885042,-0.1853706991997198,0.0014123001,0.126466759262719,-0.18542926301471968,0.0017792039500000001,0.0003899293333253944,0.0003669038500000001
102.24954,1.9999999,0.0,0.06300419,0.063182205,-0.09256613,-0.09244133,0.00031785452,8.94459e-05,1.2595556,1.2666762,0.010189017,0.0010526702,0.18921611116589784,-0.2778477560896664,0.00173015462,0.1898133361517082,-0.2777580327307638,0.00186864985,0.0006039271187891293,0.00013849523000000015
102.299545,1.9999999,0.0,0.06319447,0.0631297,-0.092719354,-0.09229581,0.00068242865,0.00051984977,1.2682232,1.2656324,0.01710813,0.010604974,0.25257090532030463,-0.37045763516534036,0.00241258327,0.2531153943830871,-0.36993571435336275,0.00238849962,0.0007542344950114051,2.4083649999999835e-05
102.34955,1.9999999,0.0,0.06330394,0.063571475,-0.09270567,-0.09273877,0.0008434974,0.0009007167,1.2639346,1.2746361,0.016631767,0.018920537,0.31609832101977076,-0.46301030948769434,0.00325608067,0.3169081943540432,-0.4625223795198656,0.00328921632,0.0009455001169069021,3.3135650000000114e-05
102.39954,1.9999999,0.0,0.063137054,0.06334414,-0.09233524,-0.09232142,0.0004672366,0.000846473,1.2615477,1.269831,0.002057697,0.01722715,0.37953569078747784,-0.5551394810383585,0.00372331727,0.3805556562697943,-0.5546349479068073,0.00413568932,0.0011379293765212014,0.00041237205000000006
102.44955,1.9999999,0.0,0.06325064,0.06320027,-0.0923945,-0.09215542,0.00044289787,0.00021443256,1.2684779,1.2664634,0.015658218,0.0065196045,0.44312990560593357,-0.6472978389462754,0.00416621514,0.4441365108840053,-0.6465282038616154,0.00435012188,0.0012671197060189104,0.00018390673999999982
102.49954,1.9999999,0.0,0.06318285,0.063546084,-0.09219491,-0.09253734,0.00044634443,0.0008587677,1.2588363,1.2733655,0.0021955592,0.01869249,0.5066963099820537,-0.7392287162330835,0.004612559570000001,0.508084541063718,-0.7387882359564786,0.00520888958,0.0014564368884976773,0.000596330009999999
102.549545,1.9999999,0.0,0.06300476,0.063057646,-0.09179451,-0.09174897,3.263239e-05,0.0002078576,1.2613542,1.2634695,-0.0008902636,0.0061187446,0.5701238058920663,-0.8307316375601266,0.00464519196,0.5716192397015548,-0.8302075024385581,0.00541674718,0.0015846261086523757,0.0007715552199999993
102.59955,1.9999999,0.0,0.06307935,0.06316024,-0.09181554,-0.091706105,-0.00039573768,-0.00012692009,1.2618197,1.2650554,-0.014939243,-0.004186541,0.633628974610615,-0.9222531723371548,0.00424945428,0.6352752994632365,-0.9215701406816925,0.00528982709,0.0017823910240804938,0.0010403728099999997
102.64954,1.9999999,0.0,0.06327086,0.06313002,-0.09196533,-0.09182116,0.00030408654,-0.0005766444,1.2690146,1.2633812,0.027102705,-0.008126531,0.6972900646322606,-1.0139488061721658,0.00455354082,0.6988901519990008,-1.013056070669855,0.00471318269,0.0018322817082227398,0.00015964186999999942
102.69955,1.9999999,0.0,0.06343976,0.063496746,-0.09196996,-0.092064284,0.0011131176,0.0014275879,1.2685758,1.2708553,0.017422,0.03000081,0.7611479544499518,-1.105628938149006,0.00566665842,0.7628201069222676,-1.104820061453442,0.00614077059,0.0018575186134461175,0.0004741121699999998
102.74954,1.9999999,0.0,0.063659124,0.06350241,-0.09213163,-0.09187134,0.0003265321,0.00070028304,1.2777891,1.2715205,-0.0043607145,0.01058932,0.8253281320558734,-1.1973983563523303,0.0059931905199999995,0.8268854768949063,-1.1962997179868626,0.00684105363,0.0019058670482853376,0.0008478631100000003
102.799545,1.9999999,0.0,0.06369828,0.063999295,-0.092106126,-0.092318445,0.00080515107,-0.00021532048,1.2701421,1.2821826,0.036566757,-0.004252106,0.8895772743479329,-1.289121074565546,0.00679834159,0.8915148248239321,-1.2881781835486252,0.00662573315,0.002154795887511027,0.00017260843999999942
102.84955,1.9999999,0.0,0.06349628,0.06374121,-0.09181899,-0.09162909,0.00042381082,0.0016741259,1.269709,1.2795061,-0.019614324,0.03039828,0.9536962990857576,-1.3805062766779708,0.00722215241,0.9558617411557342,-1.3793829331238543,0.00829985905,0.0024394753737227116,0.0010777066400000004
102.89954,1.9999999,0.0,0.063333616,0.06362447,-0.091596656,-0.09175423,-0.0001272247,-0.00068746845,1.2636355,1.27527,0.014525335,-0.007884409,1.017689782627619,-1.4716431428200283,0.00709492771,1.0202455581306156,-1.4706059347046987,0.0076123906,0.002758222089720648,0.0005174628900000006
102.94955,1.9999999,0.0,0.063541465,0.063378334,-0.09173044,-0.09127843,0.0011466821,0.0012339031,1.2780231,1.271498,0.031341948,0.03483079,1.0818804637396704,-1.56292045574778,0.00824160981,1.0843168961517302,-1.561399264019492,0.0088462937,0.002872320868696169,0.0006046838900000007
102.99954,1.9999999,0.0,0.06376176,0.06411073,-0.09185782,-0.09204983,0.0014317863,0.0015696874,1.2724472,1.2864062,0.025929509,0.031445548,1.1463971060108855,-1.6542496624863587,0.00967339611,1.1492394068246958,-1.6528783573254517,0.0104159811,0.0031558123772678502,0.0007425849900000014
103.049545,1.9999999,0.0,0.06380125,0.06384473,-0.091792345,-0.0915527,0.0010830691,0.001057197,1.2796028,1.281342,0.017393256,0.016358372,1.2110833008111381,-1.745420547665923,0.01075646521,1.2140342674632876,-1.7437610974958955,0.0114731781,0.0033855544669821195,0.0007167128900000003
103.09955,1.9999999,0.0,0.06388101,0.06421118,-0.09178414,-0.09190505,0.00043613673,0.0008019999,1.2756377,1.2888445,5.221398e-05,0.014686737,1.2759478691517143,-1.8365122573224575,0.01119260194,1.2792956412020278,-1.8349234085143606,0.012275178,0.003705673789724435,0.0010825760599999998
103.14954,1.9999999,0.0,0.06395616,0.064024344,-0.09185426,-0.09154954,0.00035497086,0.00028156527,1.2826086,1.2853361,0.01414662,0.011210401,1.3409280898640237,-1.9276449429970977,0.0115475728,1.3444389203461775,-1.925680160776599,0.01255674327,0.0040232200845104465,0.001009170470000001
103.19955,1.9999999,0.0,0.06419254,0.064413905,-0.09215447,-0.092034094,0.00089039403,0.0009699633,1.2850932,1.2939478,0.021469142,0.024651911,1.4061804867893128,-2.019052017275498,0.01243796683,1.4100033654064985,-2.0168981916678765,0.01352670657,0.004387865730600955,0.0010887397400000005
103.24954,1.9999999,0.0,0.06412303,0.064527705,-0.0919693,-0.09209862,0.0009944749,0.001083985,1.279828,1.2960149,0.018309856,0.021890257,1.4714424384486864,-2.1102166638468556,0.01343244173,1.4757709201394669,-2.108115565357966,0.01461069157,0.004811482994611548,0.0011782498400000011
103.299545,1.9999999,0.0,0.0641658,0.06422474,-0.09187169,-0.09158652,0.0008204761,0.00094678515,1.286804,1.289162,0.014509188,0.019561548,1.536836473814851,-2.201218188293564,0.01425291783,1.5413268999464766,-2.198753975457222,0.015557476720000001,0.005122135467398318,0.0013045588900000016
103.34955,1.9999999,0.0,0.06445285,0.064590335,-0.09212957,-0.09187928,0.001036826,0.0009922832,1.29131,1.2968096,0.026963852,0.02518214,1.6025958479995177,-2.292419790518242,0.015289743829999999,1.607338770639752,-2.289617314578701,0.01654975992,0.005509009580945851,0.0012600160900000015
103.44955,1.9999999,0.0,0.064167865,0.064286396,-0.09152141,-0.09130892,0.0002770029,0.00082925597,1.2855885,1.2903297,-0.008132385,0.013957735,1.6681554970761447,-2.3829494309681847,0.015566746729999999,1.6731274347171303,-2.3798498545027718,0.017379015890000002,0.005858970743295355,0.0018122691600000029
103.49954,1.9999999,0.0,0.0642731,0.06447404,-0.09158549,-0.09156068,0.0005294638,-0.00017262735,1.2853354,1.2933728,0.029310938,0.0012272932,1.7338464403368152,-2.4735233418679217,0.01609621053,1.739182892822491,-2.470276268843245,0.017206388540000003,0.0062466957953351354,0.0011101780100000042
103.549545,1.9999999,0.0,0.06438644,0.06453315,-0.09164634,-0.091476105,0.0012575177,0.001690959,1.2901224,1.2959906,0.02098977,0.038327426,1.7996996347245746,-2.5641214769491536,0.017353728229999997,1.805280385963081,-2.560628505314863,0.01889734754,0.006583740215413157,0.0015436193100000044
103.59955,1.9999999,0.0,0.06440907,0.0647774,-0.09155187,-0.091699466,0.0007415836,0.0012240313,1.2862403,1.3009737,0.008673575,0.02797148,1.865687693040396,-2.654541880390355,0.01809531183,1.8717789935291318,-2.651087550231453,0.020121378840000002,0.007002595125435471,0.0020260670100000037
103.64954,1.9999999,0.0,0.06439449,0.064534366,-0.09141527,-0.091287486,0.00018401312,0.00039781333,1.2895393,1.2951344,-0.0013130502,0.007238958,1.9317257381956994,-2.744777009489831,0.01827932495,1.9381370021046462,-2.741058124271603,0.020519192170000002,0.007411775237857698,0.002239867220000004
103.69955,1.9999999,0.0,0.06459875,0.06463783,-0.091575,-0.09141242,0.00016847909,-1.6183965e-05,1.2944106,1.295974,0.008052214,0.000665687,1.9979875321503489,-2.8351559549830934,0.018447804039999998,2.004636802506652,-2.831125077944183,0.020503008205000003,0.007775652125321913,0.0020552041650000047
103.74954,1.9999999,0.0,0.064573415,0.06491261,-0.09137155,-0.09148186,0.0010271978,0.0004284123,1.2885259,1.302094,0.033035696,0.009084277,2.064235468445038,-2.925320787433775,0.01947500184,2.0714112911355946,-2.921256899818674,0.020931420505000003,0.00824667289483964,0.001456418665000004
103.799545,1.9999999,0.0,0.06470758,0.06467139,-0.091409504,-0.09092886,0.0013127282,0.0016003551,1.299777,1.2983298,0.019473428,0.030978508,2.130710865556244,-3.0154528566982157,0.02078773004,2.1379716458265836,-3.0108122762560576,0.022531775605000002,0.008617071252710603,0.0017440455650000013
103.84955,1.9999999,0.0,0.06509064,0.06528895,-0.091859825,-0.091667876,0.00085041043,0.0011347657,1.3038486,1.311781,0.01454299,0.025917199,2.1976968619798463,-3.1059398455296345,0.02163814047,2.2053092888034604,-3.1009859327238565,0.023666541305000004,0.009082416761640734,0.002028400835000003
103.89954,1.9999999,0.0,0.06501408,0.06542063,-0.09167146,-0.09187145,0.0005194924,0.00063755567,1.2967145,1.3129767,0.006236704,0.010959238,2.2646791676232594,-3.196183171640048,0.02215763287,2.272885674942806,-3.1912835195744775,0.024304096975000005,0.009557894786480068,0.002146464105000006
103.94955,1.9999999,0.0,0.064805314,0.065053396,-0.091248445,-0.09127296,0.00065546,0.0002725076,1.295498,1.3054214,0.019981695,0.004663598,2.3314902579500223,-3.2859734029957237,0.02281309287,2.3401379472107946,-3.2809486155320835,0.024576604575000004,0.010001550810031038,0.0017635117050000051
103.99954,1.9999999,0.0,0.064710766,0.0649998,-0.09103753,-0.091022484,0.00014018857,0.0009855296,1.2929326,1.304494,-0.014374152,0.019439492,2.3982608532216108,-3.3755111196959247,0.02295328144,2.407354916356998,-3.3703462981215586,0.025562134175000004,0.010458363457321951,0.0026088527350000036
104.09955,1.9999999,0.0,0.0646104,0.065099895,-0.09057522,-0.09084437,0.0014167705,0.0012031049,1.2873789,1.306959,0.034598064,0.026051436,2.4649330498396367,-3.4645795903482024,0.02437005194,2.4747554667299014,-3.459497078819978,0.026765239075000006,0.011059466397647445,0.0023951871350000042
104.14954,1.9999999,0.0,0.064747825,0.0645871,-0.09064258,-0.090057336,0.0009160185,0.0014906228,1.3025342,1.2961051,0.002042677,0.025026847,2.531870394681574,-3.5536175037154782,0.025286070440000002,2.541729552066596,-3.5477936764166014,0.028255861875000007,0.011450761928787825,0.002969791435000004
104.19955,1.9999999,0.0,0.06485024,0.065315686,-0.09070153,-0.09100356,0.00020297889,-9.466335e-05,1.2914755,1.3100933,0.006076479,-0.0058292113,2.598993144520159,-3.6426504056478834,0.025489049330000003,2.6095902078565567,-3.636915605065395,0.028161198525000007,0.012049302431117556,0.0026721491950000044
104.24954,1.9999999,0.0,0.064792626,0.06474973,-0.09057716,-0.09024524,0.00057459157,0.00040907506,1.3002294,1.2985137,0.016907185,0.010286525,2.6660731997603238,-3.7315468200109945,0.026063640900000004,2.676855342786358,-3.725301873798757,0.028570273585000007,0.012460094759976878,0.002506632685000003
104.34955,1.9999999,0.0,0.064926006,0.06520045,-0.090438075,-0.090626724,0.00034372372,-0.00023748577,1.296624,1.3076016,0.024144841,0.00089646503,2.7333340331026226,-3.820262162330782,0.026407364620000005,2.7446180623847782,-3.814029071521894,0.028332787815000007,0.012891110808320389,0.0019254231950000013
104.39954,1.9999999,0.0,0.06504322,0.065052144,-0.090397984,-0.090113714,0.0007385577,0.0012377598,1.305105,1.3054616,0.005397468,0.025365552,2.8007414705967406,-3.9089112082912956,0.027145922320000005,2.8121969290888393,-3.902263756679519,0.029570547615000005,0.013244475912436349,0.002424625295
104.549545,1.9999999,0.0,0.06491592,0.065008484,-0.090071455,-0.089844845,-0.0003510282,-0.00012942441,1.3005145,1.3042172,-0.007141417,0.0017227344,2.8680782461947225,-3.997187492350665,0.026794894120000006,2.8798333669864076,-3.99014726726928,0.029441123205000006,0.013702103270070223,0.002646229085
104.69955,1.9999999,0.0,0.06490321,0.06512097,-0.089826554,-0.08989744,0.0003825305,0.0008007651,1.2976705,1.306381,0.002160767,0.01889015,2.9353647634308366,-4.085242935510377,0.027177424620000005,2.9475724155314413,-4.078088791900754,0.030241888305000006,0.014149506726260969,0.003064463685000001
104.74954,1.9999999,0.0,0.064965315,0.065038435,-0.08976888,-0.08968845,0.00019496186,0.0002672367,1.3009422,1.3038671,0.005637707,0.008528698,3.0027454744636337,-4.173213292734945,0.027372386480000004,3.015293046305061,-4.165769646471605,0.030509125005000005,0.01458936012337459,0.003136738525000002
104.799545,1.9999999,0.0,0.06518087,0.065191075,-0.08995398,-0.089732856,0.0003305562,0.0003681412,1.3062924,1.3067007,0.007584541,0.009087943,3.0703638753293,-4.26134964276243,0.027702942680000002,3.0831910297468634,-4.253472129618373,0.030877266205000007,0.015052943359582557,0.003174323525000005
104.84955,1.9999999,0.0,0.06539649,0.06547197,-0.09017036,-0.08993151,0.0004781634,0.00032640045,1.309567,1.3125865,0.011541994,0.0054714754,3.1382329373793536,-4.349673960723543,0.02818110608,3.151408189509304,-4.3413394981945785,0.031203666655000007,0.01559007807339217,0.0030225605750000065
104.89954,1.9999999,0.0,0.0654618,0.06559458,-0.09020135,-0.09020289,0.0006927324,0.000687531,1.308905,1.314216,0.016167302,0.015959244,3.2062103824100037,-4.4379949535178245,0.02887383848,3.219785042577065,-4.429452018611817,0.03189119765500001,0.01603911267681205,0.0030173591750000082
104.94955,1.9999999,0.0,0.06530786,0.06557474,-0.08990333,-0.09004387,0.0009850096,0.0007554099,1.3034096,1.3140846,0.023233082,0.014049094,3.274086514318209,-4.5259753833874745,0.02985884808,3.288197559178102,-4.517359200474036,0.032646607555000005,0.01653360804651341,0.0027877594750000054
105.049545,1.9999999,0.0,0.06519186,0.06502408,-0.089523755,-0.08922156,0.00063812063,0.0004715668,1.3088208,1.3021101,0.016857788,0.010195635,3.3419219945700958,-4.613512969249523,0.03049696871,3.356099254766178,-4.604410779925212,0.03311817435500001,0.016847686997419578,0.0026212056450000097
105.09955,1.9999999,0.0,0.065406226,0.065557994,-0.089679405,-0.089778155,0.0005958382,0.0007235775,1.3074281,1.3134989,0.006975738,0.012085311,3.410032332984356,-4.701156291195991,0.03109280691,3.4245940447031593,-4.691968940275901,0.03384175185500001,0.017217748549401585,0.002748944945000012
105.14954,1.9999999,0.0,0.06559814,0.06548419,-0.08979889,-0.089524135,0.0004633136,0.00033721962,1.3164973,1.3119392,0.011556806,0.006513048,3.478390416309629,-4.788872475910026,0.03155612051,3.4930698152361463,-4.779226139046936,0.034178971475000014,0.017565209014413545,0.0026228509650000134
105.19955,1.9999999,0.0,0.06562002,0.06597657,-0.089753725,-0.0900404,0.00040691052,0.00061797764,1.3083034,1.3225653,0.0047196145,0.013162296,3.54680957650923,-4.876511147133164,0.03196303103,3.562084741114222,-4.866959379196658,0.03479694911500002,0.018015741017856596,0.0028339180850000187
105.24954,1.9999999,0.0,0.06551174,0.06557965,-0.089498214,-0.08944611,0.00029973884,0.0003906794,1.3121662,1.3148829,0.0072699385,0.010907561,3.6151480019319715,-4.963870050501726,0.03226276987,3.6307365159619547,-4.954069831488623,0.03518762851500002,0.018413203479236532,0.002924858645000021
105.299545,1.9999999,0.0,0.065682106,0.06576798,-0.08962782,-0.08949857,6.490525e-05,0.00048024245,1.315118,1.318553,-0.0046737283,0.01193976,3.6836870672058617,-5.051332509293651,0.032327675119999996,3.699612376810794,-5.041199258306758,0.03566787096500002,0.018875864525269168,0.0033401958450000255
105.34955,1.9999999,0.0,0.065796226,0.065912426,-0.08974233,-0.08956682,0.00010249096,-0.00022787321,1.3167311,1.3213792,0.008773367,-0.0044412017,3.7523495706784695,-5.138901280933695,0.032430166079999996,3.768676860908833,-5.128358653568483,0.03543999775500002,0.01943521026457445,0.0030098316750000256
105.39954,1.9999999,0.0,0.06578081,0.06599164,-0.08957774,-0.089702256,0.00065188785,0.0006052949,1.3145012,1.3229345,0.017302146,0.015438426,3.8210003041583542,-5.226299011227093,0.033082053929999994,3.837805445028646,-5.215666328712018,0.03604529265500002,0.019886344489038817,0.0029632387250000253
105.44955,1.9999999,0.0,0.06586362,0.06587114,-0.0894412,-0.08929447,0.0005355354,0.0010324672,1.3200434,1.3203446,0.0041192686,0.023996543,3.8897862450556797,-5.313512766058622,0.033617589329999996,3.9068517460611334,-5.302528966083972,0.03707775985500002,0.02029470833617159,0.003460170525000021
105.49954,1.9999999,0.0,0.06614942,0.06617649,-0.08965231,-0.08946484,0.00037952978,0.00021545403,1.3259336,1.327016,0.011061922,0.004498888,3.9589116163304707,-5.400891055700813,0.033997119109999994,3.9762991487235873,-5.389479202934625,0.037293213885000016,0.020797996689076403,0.003296094775000022
105.69955,1.9999999,0.0,0.06601897,0.066164486,-0.089297846,-0.08930255,0.0007138763,3.177002e-05,1.3207935,1.326614,0.03194249,0.004658241,4.0279277222354875,-5.4878932788092385,0.034710995409999994,4.045747236986594,-5.476252745450534,0.03732498390500002,0.021284668727514437,0.0026139884950000247
105.74954,1.9999999,0.0,0.066084966,0.06625323,-0.089248985,-0.08925643,0.0015173312,0.0014800733,1.3226051,1.3293357,0.028750762,0.027260445,4.097070179947235,-5.574795088895856,0.03622832660999999,4.115285043173279,-5.5629746820785915,0.03880505720500002,0.021714125809461457,0.0025767305950000277
105.799545,1.9999999,0.0,0.066365905,0.06639335,-0.089459,-0.08907083,0.0010204008,0.0012891812,1.3320309,1.3331288,0.012065272,0.022816481,4.166632778325945,-5.661791588447685,0.037248727409999995,4.185083942074112,-5.649402706430319,0.040094238405000024,0.02222453242032073,0.0028455109950000293
105.84955,1.9999999,0.0,0.066555664,0.06684986,-0.08960129,-0.08965527,0.00041070304,0.00076883606,1.3301955,1.3419635,0.00436285,0.018688168,4.236479038040947,-5.7488521856427965,0.037659430449999996,4.255473773843065,-5.736306347345594,0.040863074465000024,0.02276396377548926,0.0032036440150000275
105.89954,1.9999999,0.0,0.06670585,0.06671429,-0.08970503,-0.08946623,0.00023569375,0.00036033467,1.3380386,1.338376,0.0050649,0.010050535,4.306515033295311,-5.835982101287506,0.0378951242,4.325787220019325,-5.822972500412608,0.04122340913500002,0.02325224496794662,0.0033282849350000226
105.94955,1.9999999,0.0,0.06677506,0.06708039,-0.0896995,-0.089855306,0.00024141662,0.00027892683,1.3329637,1.3451773,0.0045917653,0.0060921684,4.376640513382618,-5.923087359342219,0.038136540819999995,4.396513713921067,-5.909986969320213,0.04150233596500002,0.023802611587177825,0.0033657951450000237
105.99954,1.9999999,0.0,0.06668969,0.06683555,-0.089502774,-0.08939849,0.00019846286,0.00031848886,1.3346239,1.3404584,0.0033467496,0.008147787,4.446694211525865,-6.00998235737114,0.03833500367999999,4.467000893083561,-5.996535443205065,0.04182082482500002,0.024355303662148286,0.003485821145000026
106.049545,1.9999999,0.0,0.06691709,0.06693425,-0.0897165,-0.08945977,0.00016150725,0.00028345382,1.3420596,1.3427464,0.0031135404,0.007991403,4.517000577829672,-6.097068304363023,0.03849651092999999,4.5376168091289495,-6.0831185632261535,0.04210427864500002,0.024892253228082698,0.0036077677150000292
106.09955,1.9999999,0.0,0.06698718,0.067311816,-0.089704625,-0.089810975,9.573405e-05,0.00035197436,1.3374274,1.3504131,0.0007158218,0.010965433,4.587390589265487,-6.184128331475406,0.03859224497999999,4.608649278898324,-6.17001666471365,0.04245625300500002,0.02551609342552496,0.003864008025000032
106.14954,1.9999999,0.0,0.06704127,0.067051925,-0.089620605,-0.08937655,0.00029015477,0.00024130866,1.3442235,1.3446497,0.010890369,0.008936528,4.657839742997335,-6.27109557509187,0.03888239974999999,4.679434234849479,-6.2564667563683205,0.04269756166500002,0.026083029264232248,0.0038151619150000315
106.19955,1.9999999,0.0,0.06746284,0.067373864,-0.089996174,-0.08965243,0.0014272013,0.00053386745,1.3542901,1.350731,0.046197683,0.010464329,4.728749978435282,-6.358401271501891,0.04030960104999999,4.750573471303828,-6.343161651211601,0.043231429115000025,0.026617867449810834,0.0029218280650000344
106.24954,1.9999999,0.023824055,0.067729615,0.067935616,-0.09019801,-0.090132445,0.0013151915,0.0020632742,1.3548945,1.3631346,0.0064099785,0.036333285,4.800059436434027,-6.445796597211757,0.04162479254999999,4.822340953608336,-6.430273843507798,0.045294703315000025,0.027155513070881106,0.003669910765000034
106.299545,1.9999999,0.03847294,0.06799893,0.067948386,-0.09045973,-0.09006908,0.0015447461,0.00038251653,1.3650626,1.3630409,0.055379864,0.008890685,4.871763746934206,-6.533348348128067,0.04316953864999999,4.894297907148672,-6.517173896265236,0.045677219845000026,0.027738083380692696,0.0025076811950000347
106.34955,1.9999999,0.060468063,0.0682069,0.06852166,-0.09064375,-0.09061415,0.0012178642,0.0025683697,1.3632134,1.375804,-0.0066652964,0.047354925,4.943818934888525,-6.6209641030499995,0.04438740284999999,4.966885660818103,-6.604564742963297,0.04824558954500002,0.028302170523894256,0.0038581866950000293
106.39954,1.9999999,0.097090274,0.06833261,0.06831535,-0.090684265,-0.09044514,0.0005801989,-6.24666e-05,1.370091,1.3694006,0.029873252,0.004166633,5.016108157417819,-6.708526936570349,0.044967601749999996,5.039483406066837,-6.691610005786969,0.048183122945000025,0.028854545509036798,0.003215521195000029
106.44955,1.9999999,0.097090274,0.069118984,0.06860687,-0.09138147,-0.090750225,0.0029757537,0.0015306141,1.3946683,1.3741837,0.089156896,0.031351313,5.089265091784811,-6.796708964005518,0.047943355449999996,5.112381589680214,-6.778950493389328,0.049713737045000025,0.029150227333148936,0.0017703815950000298
106.49954,1.9999999,0.097090274,0.07028878,0.0699443,-0.092209704,-0.09184999,0.0041815806,0.004327894,1.4168826,1.4031037,0.07810632,0.08395886,5.163892254790842,-6.885444124158229,0.052124936049999994,5.186803800982248,-6.867211244748046,0.054041631045000024,0.029280997941791384,0.0019166949950000303
106.549545,1.9999999,0.1190636,0.07146825,0.071187735,-0.09301433,-0.092425756,0.0033662813,0.0040596663,1.4418473,1.430627,0.056544926,0.08428034,5.240109607626214,-6.9746085311274895,0.05549121735,5.262880017188124,-6.955656839971317,0.058101297345000025,0.02962529576723381,0.002610079995000028
106.59955,1.9999999,0.16303205,0.07258077,0.072389975,-0.09387358,-0.0934026,0.003418572,0.003223069,1.4613836,1.4537514,0.08019795,0.07237783,5.317785144452864,-7.064312088328422,0.05890978935,5.340571600419194,-7.044698246419723,0.06132436634500003,0.030065351651443358,0.0024145769950000284
106.64954,1.9999999,0.2436227,0.07287581,0.07343042,-0.09338919,-0.09396207,0.005232823,0.004275719,1.453649,1.475833,0.12911497,0.09083082,5.396032894257766,-7.153248662033965,0.06414261235,5.419622543080525,-7.133983439169789,0.06560008534500003,0.03045686036983188,0.0014574729950000281
106.69955,1.9999999,0.2948938,0.072637804,0.07307122,-0.09199673,-0.09235599,0.006632305,0.0068460195,1.4518633,1.4691998,0.13617724,0.1447258,5.474418188636316,-7.240400222695971,0.07077491735000001,5.498590809552601,-7.221350738381586,0.07244610484500003,0.030776589392042794,0.0016711874950000177
106.74954,1.9999999,0.3242134,0.072832294,0.07292308,-0.09132968,-0.091352634,0.0055609155,0.007211432,1.4614285,1.4650598,0.08625937,0.15228003,5.553526602619257,-7.326350861642453,0.07633583285000001,5.577934961967511,-7.307185374822733,0.07965753684500003,0.031033592945553846,0.003321703995000022
106.799545,1.9999999,0.3095427,0.073218934,0.073350154,-0.09077533,-0.09105649,0.004762159,0.004682473,1.4673289,1.4725777,0.10422699,0.10103954,5.633454993573971,-7.411278037223038,0.08109799185000001,5.658298191127119,-7.392116410740025,0.08434000984500004,0.031374390737339435,0.0032420179950000266
106.84955,1.9999999,0.2948938,0.073720425,0.07365175,-0.09012135,-0.09012037,0.005727539,0.0054551624,1.4814881,1.4787415,0.124874555,0.11397951,5.714233777832399,-7.495131163591311,0.08682553085000001,5.73927989028509,-7.4757120192878865,0.08979517224500004,0.031692442545030786,0.0029696413950000278
106.89954,1.9999999,0.28024492,0.074347034,0.074391596,-0.08989299,-0.08966168,0.006472242,0.00634505,1.4923933,1.4941758,0.13401514,0.12892744,5.796095952565965,-7.578238416365231,0.09329777285000002,5.821412142277697,-7.558341430507334,0.09614022224500005,0.03219937123221102,0.0028424493950000296
106.94955,1.9999999,0.26559603,0.07482079,0.07495861,-0.089851424,-0.08962233,0.0064694025,0.006620638,1.5004383,1.5059509,0.12476096,0.13081038,5.878962122407298,-7.660728578850701,0.09976717535000001,5.90462764348165,-7.6403544514682515,0.10276086024500004,0.03276925447144447,0.002993684895000029
106.99954,1.9999999,0.26559603,0.07472474,0.07532253,-0.08884668,-0.08957853,0.006411872,0.006218771,1.4885514,1.5124632,0.13171391,0.12398987,5.962164569846427,-7.7416907431944795,0.10617904735000001,5.988741802684121,-7.72173383942505,0.10897963124500004,0.03323593406798212,0.002800583895000028
107.049545,1.9999999,0.3461867,0.074921735,0.07471937,-0.08772869,-0.08752122,0.0066091223,0.0067310096,1.5083181,1.5002235,0.13265097,0.13752645,6.045961823849918,-7.820985192218359,0.11278816965000002,6.072537068767531,-7.80060906738349,0.11571064084500005,0.033487760536011865,0.002922471195000026
107.09955,1.9999999,0.3461867,0.07587475,0.075751714,-0.08754345,-0.08721663,0.0062799724,0.0067932527,1.5266721,1.5217506,0.11854791,0.13907912,6.131207421681351,-7.899432763091055,0.11906814205000002,6.157851617526859,-7.878496746078434,0.12250389354500005,0.033885542353731826,0.003435751495000028
107.14954,1.9999999,0.33886227,0.076470464,0.07657278,-0.08698699,-0.087203674,0.0058761956,0.006200738,1.5321465,1.5362391,0.11649991,0.1294816,6.217469379888116,-7.976720167368659,0.12494433765000001,6.244506633902797,-7.955689877462726,0.12870463154500006,0.034253265511217657,0.003760293895000044
107.19955,1.9999999,0.33886227,0.07657818,0.07691443,-0.085701644,-0.08613422,0.0059945136,0.006194671,1.5309807,1.5444307,0.123280644,0.13128692,6.3041306992206225,-8.052210598338183,0.13093885125000002,6.331840195912848,-8.031239744066644,0.13489930254500007,0.03475043792263051,0.003960451295000056
107.24954,1.9999999,0.3461867,0.07721986,0.07685766,-0.085323006,-0.084589474,0.0053653056,0.006435799,1.5578138,1.543326,0.091331586,0.13415131,6.391829737392949,-8.126721005899437,0.13630415685000002,6.419376077891416,-8.104724085109526,0.14133510154500006,0.035251459531416805,0.005030944695000039
107.299545,1.9999999,0.3461867,0.07808543,0.07817312,-0.085298054,-0.08551453,0.00520832,0.0053372174,1.5656033,1.5691111,0.11700122,0.122157104,6.480781433748174,-8.200617474759591,0.14151247685,6.508815725551306,-8.178374074641974,0.14667231894500007,0.03578673449332291,0.005159842095000061
107.34955,1.9999999,0.3461867,0.07836875,0.078557245,-0.084666304,-0.0846834,0.006380174,0.006581396,1.5691469,1.5766865,0.13820574,0.1462546,6.570308183803162,-8.273384259999661,0.14789265085,6.598905716922245,-8.250667313830256,0.15325371494500006,0.03652230200522311,0.005361064095000062
107.39954,1.9999999,0.33886227,0.07891728,0.07882736,-0.084437594,-0.084144376,0.0066434904,0.0070831464,1.5875442,1.5839475,0.12753388,0.14512014,6.660806214077254,-8.34527133032261,0.15453614125,6.689654208888017,-8.32179213300709,0.16033686134500005,0.03719515440461259,0.005800720095000045
107.44955,1.9999999,0.3242134,0.07944783,0.07978856,-0.08400718,-0.084019236,0.006411268,0.0065700696,1.5903689,1.6039982,0.12891684,0.1352689,6.752237802161367,-8.41604864790161,0.16094740925,6.781833100217503,-8.391995397305582,0.16690693094500006,0.038137127989229615,0.005959521695000053
107.49954,1.9999999,0.31686714,0.079932116,0.07987793,-0.08341544,-0.083211906,0.006506585,0.0066152173,1.6069158,1.6047482,0.13134655,0.13569182,6.844504479043431,-8.48557662166593,0.16745399425000002,6.874425242930178,-8.46078057091962,0.17352214824500006,0.0388599568216429,0.006068153995000047
107.549545,1.9999999,0.31686714,0.080851205,0.08067059,-0.08324614,-0.08283319,0.0065380684,0.0067397803,1.6271324,1.6199077,0.13017617,0.13824464,6.93809960474187,-8.55418266819497,0.17399206265000003,6.968185755349146,-8.528441843206334,0.18026192854500006,0.03959503162594129,0.006269865895000032
107.59955,1.9999999,0.31686714,0.0814634,0.08169749,-0.08306626,-0.08287331,0.006877318,0.006621869,1.6314034,1.6407671,0.14491655,0.13469858,7.032713089626252,-8.621892176891905,0.18086938065000002,7.063417610819207,-8.595325018118904,0.18688379754500006,0.04060272831914619,0.006014416895000041
107.64954,1.9999999,0.31686714,0.08144963,0.08182656,-0.08186381,-0.082643144,0.0074765757,0.0072674393,1.6265817,1.6416587,0.15414648,0.14578101,7.127560145275295,-8.68776904422453,0.18834595635,7.159174325046536,-8.66132597911209,0.19415123684500007,0.04121519204309251,0.005805280495000065
107.69955,1.9999999,0.3242134,0.08206271,0.08152882,-0.08091181,-0.080737434,0.007786143,0.0076962262,1.6559268,1.6345711,0.15729925,0.15370259,7.223321069534001,-8.751884991968742,0.19613209935,7.254748342468603,-8.724816836196423,0.20184746304500006,0.04147720507725306,0.005715363695000059
107.74954,1.9999999,0.3461867,0.0829375,0.08305498,-0.08055189,-0.08078332,0.007722833,0.007833928,1.6615734,1.6662725,0.15161408,0.15605788,7.320366180089919,-8.814729899527046,0.20385493235000002,7.3523125394747435,-8.787309251380744,0.20968139104500005,0.04210061546708879,0.005826458695000036
107.799545,1.9999999,0.36083558,0.08337827,0.08337746,-0.07948284,-0.07985933,0.0073160566,0.007693951,1.6735575,1.6735247,0.1410282,0.15614393,7.418108950914651,-8.875687331511688,0.21117098895000003,7.450486388674099,-8.84806457013954,0.21737534204500006,0.042559551474252715,0.006204353095000031
107.84955,1.9999999,0.38280892,0.08368312,0.08394047,-0.07849792,-0.07862175,0.0070923273,0.007496892,1.6737671,1.684061,0.14266491,0.1588475,7.516386703898223,-8.934901107660156,0.21826331625000003,7.549407630781797,-8.906732874501891,0.22487223404500006,0.04340312167930692,0.00660891779500003
107.89954,1.9999999,0.38280892,0.08457346,0.08396491,-0.078588426,-0.077926755,0.007104117,0.0077830628,1.7091714,1.684829,0.14149977,0.1686576,7.615970759441073,-8.993311951851691,0.22536743325000003,7.648634772287677,-8.963974988759754,0.23265529684500005,0.043904386326434786,0.007287863595000027
107.94955,1.9999999,0.38280892,0.08524992,0.085809864,-0.07824385,-0.07863349,0.0076800548,0.0077474727,1.7008256,1.7232233,0.16570242,0.16839913,7.716549609260611,-9.050526844072227,0.23304748805000003,7.750262615724136,-9.020705403421847,0.24040276954500006,0.04500983367302969,0.007355281495000032
107.99954,1.9999999,0.37548447,0.0854393,0.08541758,-0.077136844,-0.07702378,0.008244688,0.008907313,1.7167464,1.7158777,0.1640851,0.19059011,7.817493506503568,-9.10584678890385,0.24129217605000003,7.851562657315587,-9.07517674664115,0.24931008254500006,0.045840577324549145,0.008017906495000032
108.049545,1.9999999,0.37548447,0.08615975,0.08620288,-0.07666198,-0.07640021,0.008463472,0.008588369,1.7296435,1.7313688,0.17445378,0.17944968,7.9194761696841836,-9.159699347879,0.24975564805000003,7.953951031209884,-9.12794557739966,0.2578984515450001,0.04687022527010995,0.008142803495000045
108.09955,1.9999999,0.38280892,0.086904064,0.0868262,-0.076092176,-0.07616102,0.0083409,0.008933737,1.746519,1.7434044,0.15918222,0.18289569,8.02249133774114,-9.21195076640834,0.25809654805000004,8.057330522101891,-9.179442867005905,0.26683218854500007,0.04765010273316461,0.00873564049500003
108.14954,1.9999999,0.38280892,0.087435775,0.08762028,-0.07540169,-0.07529707,0.008079771,0.008151248,1.750912,1.7582926,0.16400863,0.16686769,8.12627660057835,-9.262537808449933,0.26617631905000005,8.161704119217946,-9.228971792321511,0.27498343654500007,0.048803550236559204,0.008807117495000016
108.19955,1.9999999,0.37548447,0.08803418,0.087754354,-0.0749044,-0.07478272,0.008151044,0.008433749,1.7704554,1.7592621,0.16203314,0.17334132,8.230913725106063,-9.311647462879634,0.27432736305000005,8.26646734182783,-9.277116875610954,0.28341718554500006,0.049562295337466485,0.00908982249500001
108.24954,1.9999999,0.38280892,0.08885394,0.08876293,-0.07425447,-0.074335985,0.007606732,0.008361452,1.7837023,1.780062,0.14223616,0.17242494,8.336560705666837,-9.359054893382623,0.28193409505000006,8.372476292582114,-9.323665761398704,0.29177863754500005,0.05042142447456278,0.009844542494999997
108.299545,1.9999999,0.38280892,0.0892814,0.08935077,-0.073452264,-0.073606595,0.007858215,0.0075218873,1.7875538,1.7903285,0.17209244,0.15863934,8.442752640541437,-9.404767872286591,0.28979231005000006,8.479223930046485,-9.368458984355556,0.299300524845,0.05146348512245858,0.00950821479499997
108.34955,1.9999999,0.38280892,0.08976397,0.08959439,-0.072751604,-0.07284048,0.008558527,0.008770763,1.8030049,1.7962216,0.17024863,0.17873806,8.549562747952976,-9.448835628633715,0.29835083705000004,8.586312373010218,-9.411644116400112,0.30807128784500004,0.05228521324495203,0.009720450795000002
108.39954,1.9999999,0.37548447,0.09033602,0.09034596,-0.071953624,-0.07222713,0.008015494,0.008667949,1.8104359,1.8108336,0.1503711,0.1764693,8.657058310650369,-9.49105676690052,0.30636633105000005,8.69430566417559,-9.453075986495847,0.31673923684500005,0.05319685164350217,0.010372905794999998
108.44955,1.9999999,0.36816004,0.0907109,0.090710655,-0.07054089,-0.07121484,0.007905014,0.007822758,1.8180001,1.8179904,0.16582943,0.16253918,8.764820188669436,-9.530954914559347,0.31427134505000004,8.802685279281139,-9.492494705352849,0.32456199484500003,0.05397177761793734,0.010290649794999995
108.49954,1.9999999,0.36816004,0.091287866,0.09112036,-0.069815286,-0.06928804,0.008242475,0.008535978,1.8335145,1.8268144,0.16386954,0.17560971,8.873218497834479,-9.569131546263245,0.32251382005000007,8.911143808345303,-9.529107544177629,0.33309797284500003,0.055138461352233846,0.010584152794999968
108.549545,1.9999999,0.36083558,0.09221318,0.09188093,-0.06987128,-0.06968988,0.00792406,0.008471039,1.855013,1.8417227,0.15309286,0.17497203,8.982823144926137,-9.606173248039271,0.3304378800500001,9.02076106371949,-9.564924327901316,0.34156901184500005,0.05604247581003595,0.011131131794999971
108.69955,1.9999999,0.3242134,0.094580136,0.094433,-0.06697934,-0.06714803,0.008217009,0.007871944,1.8981658,1.8922803,0.17215541,0.15835285,9.094018462187584,-9.638841819047808,0.3386548890500001,9.132230992447706,-9.596561401267982,0.34944095584500007,0.05698974641562635,0.010786066794999993
108.74954,1.9999999,0.3242134,0.09530383,0.09500603,-0.06662473,-0.0665124,0.008565444,0.0084510585,1.9139875,1.9020752,0.17046234,0.16588691,9.206043242323526,-9.670020710877631,0.34722033305000005,9.2442672863458,-9.626526613426433,0.35789201434500006,0.05790348913935167,0.010671681295000013
108.799545,1.9999999,0.3242134,0.095570855,0.095819406,-0.06601974,-0.066512555,0.007859291,0.0084089115,1.9088465,1.9187887,0.14390928,0.16589412,9.318376191131811,-9.699579178482256,0.35507962405000004,9.357314706800132,-9.655259160606278,0.36630092584500007,0.05899552514368456,0.011221301795000027
108.84955,1.9999999,0.3242134,0.096207015,0.095731355,-0.06537257,-0.06515061,0.007987235,0.0073647783,1.9394342,1.9204077,0.17558013,0.15068187,9.431309454057038,-9.727425915610269,0.36306685905,9.470029727557657,-9.681800042451817,0.37366570414500005,0.059841289102373615,0.010598845095000031
108.89954,1.9999999,0.3095427,0.0969492,0.09727756,-0.06488278,-0.06510237,0.00822893,0.008630636,1.9385338,1.9516681,0.15357707,0.16964532,9.54498138879986,-9.753648306290607,0.37129578905000005,9.584359058277514,-9.70690076746765,0.3822963401450001,0.061122281039693534,0.011000551095000033
108.94955,1.9999999,0.2948938,0.097475246,0.09708442,-0.06417479,-0.06428002,0.007601474,0.007607594,1.960476,1.9448428,0.15048188,0.15072668,9.659098579631536,-9.778083813467488,0.37889726305000004,9.698414786846387,-9.73032290141313,0.3899039341450001,0.06186169145784152,0.011006671095000031
108.99954,1.9999999,0.2729205,0.097933546,0.09806504,-0.063340485,-0.06384152,0.007602055,0.0073818103,1.9568658,1.9621257,0.15360034,0.14479053,9.773515405555669,-9.800706510424654,0.38649931805000004,9.813385745758518,-9.752098354403532,0.3972857444450001,0.06286809094973865,0.010786426395000048
109.049545,1.9999999,0.26559603,0.0980058,0.097954676,-0.062318332,-0.06266828,0.0071069603,0.007590722,1.9633664,1.9613211,0.13067807,0.15002856,9.887782527999397,-9.821484769864087,0.39360627835000006,9.927958598383738,-9.771985367998923,0.4048764664450001,0.06375192088507238,0.011270188095000022
109.09955,1.9999999,0.2729205,0.09844095,0.09842234,-0.061666455,-0.061620522,0.00723755,0.0065555708,1.9742718,1.9735271,0.15882392,0.13154474,10.002346299877587,-9.840681500893394,0.40084382835000004,10.042696242097463,-9.789854863169472,0.4114320372450001,0.06489580063044299,0.010588208895000062
109.14954,1.9999999,0.30221826,0.09878791,0.098938644,-0.060978465,-0.061146047,0.007486061,0.007836108,1.9772445,1.9832741,0.14061852,0.15462041,10.117097013958595,-9.858279738697874,0.40832988935000003,10.15783202909384,-9.806330447924198,0.4192681452450001,0.06601568200023741,0.010938255895000082
109.19955,1.9999999,0.3095427,0.09921041,0.09900532,-0.06005987,-0.06023846,0.006754513,0.007210411,1.9911718,1.9829683,0.12956199,0.14779794,10.231999264181828,-9.874007622548618,0.41508440235000005,10.272784813821529,-9.821047198068959,0.4264785562450001,0.06684510169397716,0.011394153895000037
109.24954,1.9999999,0.3095427,0.09987272,0.09971739,-0.059029136,-0.059379287,0.007882719,0.006799961,2.0037372,1.9975237,0.18574674,0.14243644,10.347195533654386,-9.887748750475794,0.42296712135000003,10.388133599975994,-9.83385794065992,0.4332785172450001,0.0676767660040216,0.010311395895000075
109.299545,1.9999999,0.26559603,0.10008859,0.10043838,-0.057880443,-0.058251556,0.007943752,0.008961123,1.9998064,2.0137982,0.13200334,0.1726982,10.462221885347036,-9.899445328879027,0.43091087335000006,10.503747721191267,-9.844557797157353,0.4422396402450001,0.06882613007470183,0.011328766895000064
109.34955,1.9999999,0.26559603,0.09995419,0.10019417,-0.057128806,-0.057038844,0.006637751,0.0065324986,1.9983611,2.0079606,0.1335067,0.1292966,10.576901449913152,-9.909601019129717,0.4375486243500001,10.61871336804902,-9.853229675236737,0.4487721388450001,0.07018521860407097,0.011223514495000031
109.39954,1.9999999,0.26559603,0.10004329,0.10000972,-0.056753203,-0.056626376,0.006665269,0.006679652,2.0033705,2.0020275,0.13310406,0.13367938,10.691567454108059,-9.918617304770539,0.44421389335000006,10.733388071500935,-9.860858760475972,0.4554517908450001,0.07130928044896201,0.011237897495000038
109.44955,1.9999999,0.28024492,0.10049855,0.10032159,-0.05630846,-0.056319173,0.006587557,0.006837684,2.0165715,2.009493,0.13039823,0.1404033,10.80651095572624,-9.926271888719072,0.4508014503500001,10.848256125873835,-9.86730862497971,0.4622894748450001,0.07224490086815186,0.011488024495000027
109.49954,1.9999999,0.28756937,0.100603096,0.10104773,-0.055676498,-0.055723548,0.006646017,0.0067330496,2.0075524,2.0253375,0.13544247,0.13892376,10.921321151960958,-9.932554737983136,0.4574474673500001,10.963549868768554,-9.872115951595152,0.4690225244450001,0.0737299899855443,0.011575057095000008
109.549545,1.9999999,0.2948938,0.10074823,0.10070095,-0.055084307,-0.05485935,0.0066415155,0.006810603,2.022377,2.0204854,0.13021816,0.13698167,11.03603923323054,-9.937479020228213,0.4640889828500001,11.078173404520134,-9.875532772505215,0.4758331274450001,0.07491746123047685,0.011744144595000006
109.59955,1.9999999,0.28756937,0.10153303,0.10142412,-0.05434442,-0.054439902,0.0061484724,0.0067166076,2.0389445,2.034588,0.115720734,0.13844615,11.151158100771385,-9.940628385597762,0.4702374552500001,11.193268246000105,-9.87746474358277,0.4825497350450001,0.0759138327565008,0.012312279794999992
109.64954,1.9999999,0.28756937,0.10241027,0.10222765,-0.05359312,-0.053491868,0.006387968,0.0061297873,2.0574665,2.0501616,0.13979799,0.12947075,11.266735768514817,-9.942002660605255,0.4766254232500001,11.30864532117507,-9.877410978146226,0.4886795223450001,0.07699672750883968,0.012054099094999993
109.69955,1.9999999,0.2729205,0.10268741,0.10305591,-0.052927256,-0.053182002,0.0062979357,0.0070965784,2.05003,2.0647697,0.11211944,0.14406516,11.382260621838366,-9.941919806698001,0.4829233589500001,11.424605744472093,-9.8759875486848,0.4957761007450001,0.07835924998099947,0.012852741795000011
109.74954,1.9999999,0.26559603,0.102894686,0.10267706,-0.052384775,-0.052279025,0.0054018297,0.0057150177,2.0657575,2.0570524,0.10395374,0.116481274,11.497714322426544,-9.94053269482992,0.48832518865000013,11.539790350838334,-9.87312720579482,0.5014911184450002,0.07946000326561103,0.013165929795000031
109.799545,1.9999999,0.26559603,0.103279784,0.10350032,-0.051855847,-0.05203488,0.005648673,0.0053266543,2.065434,2.074255,0.121993184,0.10911243,11.61325078809534,-9.937874170438963,0.4939738616500001,11.655561249925183,-9.868998779782478,0.5068177727450002,0.08083312822313633,0.012843911095000049
109.84955,1.9999999,0.2729205,0.10418743,0.103401236,-0.051432204,-0.051241305,0.005514621,0.006118428,2.1020632,2.0706155,0.09859165,0.12274393,11.729368674371923,-9.933759724551445,0.4994884826500001,11.770836688191094,-9.863608021298491,0.5129362007450001,0.081491457462715,0.013447718095000005
109.89954,1.9999999,0.2729205,0.10462462,0.105255224,-0.05102696,-0.05120763,0.0044160807,0.005154071,2.0829215,2.108146,0.078051575,0.10757119,11.845651780625216,-9.928439860166758,0.5039045633500001,11.887675853824819,-9.856572900580112,0.5180902717450001,0.08325192255145965,0.014185708394999996
109.94955,1.9999999,0.2729205,0.10467147,0.104355335,-0.05033276,-0.05029838,0.0056066564,0.0044344524,2.1039374,2.091292,0.1462147,0.09932652,11.961616093476847,-9.921975998625259,0.5095112197500001,12.003245134264116,-9.848591397442894,0.5225247241450001,0.08436988045246296,0.01301350439499993
109.99954,1.9999999,0.25094715,0.10499624,0.10545757,-0.04950788,-0.0497127,0.006685805,0.007217265,2.0959122,2.1143656,0.12121751,0.1424759,12.077423526198707,-9.913983557033129,0.5161970247500002,12.119440744758368,-9.839039868064674,0.529741989145,0.08591858455358072,0.013544964394999859
110.049545,1.9999999,0.23629826,0.10493169,0.105014205,-0.048762534,-0.048627652,0.006198529,0.0061917305,2.1013556,2.104656,0.12672365,0.1264517,12.192750910739582,-9.904600664977982,0.5223955537500001,12.234633511044283,-9.827937688719441,0.535933719645,0.08735767932529478,0.013538165894999898
110.09955,1.9999999,0.23629826,0.104881704,0.10527047,-0.04816498,-0.048233286,0.005488783,0.006335666,2.0939126,2.1094632,0.09282768,0.126703,12.30767644668397,-9.894010182447015,0.5278843367500001,12.349774281962707,-9.815652551166716,0.542269385645,0.08895024516557024,0.014385048894999919
110.14954,1.9999999,0.23629826,0.10528976,0.104889035,-0.047511596,-0.047521677,0.0051442655,0.0049174502,2.1176777,2.1016488,0.11294294,0.103870325,12.422565518178423,-9.882019078808593,0.5330286022500001,12.464140945764596,-9.802225501641617,0.547186835845,0.08997516955291184,0.014158233594999903
110.19955,1.9999999,0.20697871,0.10586591,0.10606616,-0.046774868,-0.04701541,0.0047307345,0.0058346735,2.1169589,2.1249683,0.076286435,0.120443985,12.53751324224136,-9.868509826079567,0.5377593367500002,12.579182050951015,-9.787191433925225,0.553021509345,0.09137270118503255,0.015262172594999845
110.24954,1.9999999,0.21430315,0.10641072,0.106106184,-0.04618828,-0.045965653,0.004886539,0.0041946513,2.13947,2.1272883,0.11917513,0.09149961,12.65256322839727,-9.853674084581355,0.5426458757500002,12.69361614149488,-9.77057209398175,0.557216160645,0.09268917151111458,0.014570284894999785
110.299545,1.9999999,0.19965427,0.106853455,0.107230924,-0.0459012,-0.04573619,0.0055174967,0.0060492135,2.134668,2.149767,0.10152475,0.1227934,12.767770230732758,-9.837801856642345,0.5481633724500002,12.808812768492306,-9.752683347071299,0.563265374145,0.09449682839831304,0.015102001694999756
110.34955,1.9999999,0.19232982,0.10676081,0.106975794,-0.045419388,-0.04543786,0.00543115,0.0050769537,2.1357641,2.1443636,0.115721256,0.10155341,12.882557751854998,-9.82093128010324,0.5535945224500003,12.923524065802974,-9.73398206656398,0.568342327845,0.09611661986139514,0.014747805394999758
110.39954,1.9999999,0.21430315,0.10711238,0.10699129,-0.04493655,-0.04485008,0.0051667085,0.005707122,2.148731,2.1438875,0.09094708,0.112563625,12.997297162171337,-9.802841968468313,0.5587612309500003,13.037835635375643,-9.714194927465481,0.5740494498450001,0.09747648787422462,0.015288218894999761
110.44955,1.9999999,0.2582716,0.10747975,0.10763196,-0.044260312,-0.044570986,0.0047293603,0.0048972717,2.150459,2.1565473,0.09822733,0.10494379,13.111894578567703,-9.783391929042194,0.5634905912500003,13.152418834266674,-9.693173458954647,0.578946721545,0.09890190920752395,0.015456130294999704
110.49954,1.9999999,0.30221826,0.10758942,0.107703626,-0.043715626,-0.043594923,0.0050858096,0.005464022,2.1531177,2.157686,0.10520506,0.12033355,13.226200503245368,-9.762881082250987,0.5685764008500004,13.266423653303061,-9.670734884993626,0.584410743545,0.10054264502963944,0.015834342694999615
110.549545,1.9999999,0.31686714,0.107767135,0.10785108,-0.043445416,-0.04342247,0.0049320394,0.005789512,2.1575675,2.1609256,0.09207651,0.1263754,13.340404900657502,-9.74146578002915,0.5735084402500004,13.380332004692129,-9.647448540456717,0.590200255545,0.10214408927300854,0.016691815294999635
110.74954,1.9999999,0.31686714,0.10816671,0.108357444,-0.041229095,-0.04116768,0.005138185,0.006098957,2.1642523,2.1718814,0.095612675,0.13404354,13.453635395439544,-9.717408962322795,0.5786466252500003,13.493269480830424,-9.62134796516981,0.596299212545,0.10391619651814195,0.017652587294999633
110.799545,1.9999999,0.3095427,0.108381465,0.10846496,-0.04051253,-0.040663138,0.004765537,0.005360459,2.1710062,2.1743462,0.095008805,0.11880567,13.566528698117223,-9.69205330707444,0.5834121622500004,13.605851289209507,-9.594081231557142,0.601659671545,0.10556890522960875,0.01824750929499963
110.84955,1.9999999,0.25094715,0.108719856,0.108763754,-0.039596662,-0.03969733,0.0045505078,0.005038969,2.177788,2.179544,0.0870115,0.10654996,13.679077774350333,-9.66520916117116,0.5879626700500004,13.717984985160184,-9.565246072016356,0.606698640545,0.1072678434871035,0.018735970494999643
110.89954,1.9999999,0.2216276,0.108927436,0.10911448,-0.03906774,-0.038718823,0.0044652517,0.004577392,2.1793096,2.1867914,0.091598555,0.096084155,13.791382877263487,-9.637297900327063,0.5924279217500004,13.82970218828299,-9.534842395814398,0.611276032545,0.10938692792995973,0.018848110794999595
110.94955,1.9999999,0.2216276,0.10929192,0.10909686,-0.0389928,-0.038761117,0.004528843,0.004914311,2.1923673,2.1845646,0.08955515,0.10497388,13.903822756776156,-9.608619760144984,0.5969567647500004,13.941288895736953,-9.503972414075966,0.6161903435449999,0.11115205174857866,0.01923357879499954
110.99954,1.9999999,0.2216276,0.10957444,0.109788336,-0.03837173,-0.03867146,0.0048158686,0.0046297046,2.1906102,2.199166,0.103079595,0.09563304,14.016016142104757,-9.578760224766578,0.6017726333500004,14.053235040121766,-9.472081642721935,0.6208200481449999,0.11298480533530174,0.019047414794999495
111.049545,1.9999999,0.2436227,0.10937396,0.109802246,-0.037295766,-0.03735144,0.0046205204,0.005198993,2.184348,2.20148,0.081741214,0.104880124,14.12729005682929,-9.54758726870711,0.6063931537500005,14.164275796085276,-9.438591139414722,0.626019041145,0.11510039578139895,0.019625887394999486
111.09955,1.9999999,0.28756937,0.10911188,0.10943922,-0.03667578,-0.03645448,0.004940848,0.004611288,2.1801274,2.1932206,0.1158927,0.102710314,14.237850060901813,-9.515540417142153,0.6113340017500005,14.274321201330679,-9.404009630328883,0.630630329145,0.11734249226673713,0.019296327394999424
111.14954,1.9999999,0.28756937,0.109344,0.10912817,-0.036428936,-0.036418118,0.0057613365,0.0063078054,2.1936328,2.184999,0.11456076,0.1364195,14.348298777974144,-9.482612334732629,0.6170953382500005,14.38393330944997,-9.369075083532683,0.6369381345449999,0.11899801361174552,0.01984279629499941
111.19955,1.9999999,0.28756937,0.10990145,0.10980385,-0.035814654,-0.036186963,0.0065723476,0.0060296827,2.2024252,2.1985207,0.14833315,0.12662655,14.458655122972003,-9.448224905751161,0.6236676858500005,14.493728594720709,-9.33286214249908,0.642967817245,0.12057659626006642,0.01930013139499942
111.24954,1.9999999,0.2729205,0.11051254,0.11024548,-0.03524316,-0.03510953,0.006707179,0.0071484344,2.2180765,2.207394,0.119954005,0.13760424,14.568945365574995,-9.412292132262186,0.6303748648500005,14.603010978079825,-9.294860752463943,0.650116251645,0.12227262537726193,0.019741386794999483
111.299545,1.9999999,0.28024492,0.11053144,0.11100944,-0.034737214,-0.034987796,0.0061271847,0.0060856524,2.203181,2.2223012,0.12513338,0.12347207,14.678709160558727,-9.375200589078805,0.6365020495500004,14.712553360549101,-9.255519831262147,0.656201904045,0.12437408759286657,0.019699854494999558
111.34955,1.9999999,0.28024492,0.11101199,0.110200286,-0.034147304,-0.034159653,0.0071080253,0.0063850926,2.2372983,2.2048306,0.15918763,0.13027033,14.788279444137743,-9.336677177357586,0.6436100748500004,14.82070793589611,-9.215350530059977,0.662586996645,0.12558567761572537,0.018976921794999546
111.39954,1.9999999,0.30221826,0.11094462,0.11195556,-0.033391487,-0.033872157,0.006459438,0.0077804388,2.2004864,2.2409241,0.09918988,0.15202993,14.897065689004164,-9.296811740712808,0.6500695128500005,14.929810832069135,-9.173185040837103,0.670367435445,0.1278898170946509,0.020297922594999518
111.44955,1.9999999,0.30221826,0.110620536,0.11020569,-0.032252118,-0.032403246,0.0060956315,0.005218415,2.224335,2.207741,0.14463538,0.10954673,15.004644579769534,-9.255533606524047,0.6561651443500005,15.03629858048426,-9.130108087634845,0.675585850445,0.12935817156203683,0.019420706094999463
111.49954,1.9999999,0.30221826,0.11125336,0.111342505,-0.031329464,-0.03136627,0.0070944484,0.0073498497,2.2257993,2.229365,0.13914256,0.1493586,15.111908372056831,-9.212483353447386,0.6632595927500005,15.142798711913056,-9.084955919148301,0.6829357001449999,0.13121531768562822,0.019676107394999476
111.549545,1.9999999,0.28756937,0.11129886,0.111374296,-0.030665593,-0.030574271,0.0070016817,0.0070927516,2.2261553,2.2291725,0.1409247,0.14456752,15.218491165449029,-9.168122075466954,0.6702612744500005,15.248488959920095,-9.038387782693343,0.6900284517449999,0.13315725438216758,0.01976717729499944
111.69955,1.9999999,0.26559603,0.11164188,0.111583255,-0.02917994,-0.029255036,0.00571976,0.006048405,2.2359965,2.2336514,0.11111775,0.12426355,15.324106682238828,-9.121638305379301,0.6759810344500005,15.353167639931026,-8.989920743595357,0.696076856745,0.13488534147302605,0.02009582229499951
111.74954,1.9999999,0.2729205,0.11205837,0.11194935,-0.028504409,-0.028495064,0.0057818294,0.005856439,2.2463386,2.2419775,0.12015542,0.12313979,15.429356843292567,-9.073763643838374,0.6817628638500005,15.457344883427995,-8.940003536390225,0.701933295745,0.13665685762215746,0.020170431894999452
111.799545,1.9999999,0.2729205,0.11257108,0.11244943,-0.028082488,-0.027919019,0.0059730164,0.0063319528,2.2565048,2.2516387,0.11876524,0.13312268,15.53446066497827,-9.024630550594654,0.6877358802500005,15.56123791426641,-8.888714316543796,0.708265248545,0.1385288553262711,0.020529368294999406
111.84955,1.9999999,0.28024492,0.11253125,0.11286006,-0.027507128,-0.027790887,0.005466917,0.006176803,2.2447455,2.2578976,0.09991145,0.12830687,15.638873132293918,-8.974451262173735,0.6932027972500006,15.665032621562155,-8.836403846455665,0.714442051545,0.14050412045635038,0.0212392542949994
111.89954,1.9999999,0.2729205,0.11267887,0.112279534,-0.0267247,-0.02684227,0.006251573,0.0051972726,2.2624092,2.2464359,0.15015148,0.10797945,15.742623289811336,-8.923005736132321,0.6994543702500006,15.767442145793487,-8.783116976020986,0.719639324145,0.14207336420930317,0.020184953894999413
111.94955,1.9999999,0.2729205,0.11329328,0.11315367,-0.025976006,-0.026240012,0.006815263,0.007379723,2.269322,2.263738,0.122459054,0.14503741,15.846037939764527,-8.869944164765377,0.7062696332500006,15.869833773698314,-8.728269498419658,0.727019047145,0.1436591549354756,0.020749413894999402
111.99954,1.9999999,0.2729205,0.11371755,0.1135692,-0.025112005,-0.02530892,0.006923095,0.0061742263,2.27938,2.273446,0.15446474,0.12450998,15.948850604982507,-8.815246360020598,0.7131927282500006,15.971509478971019,-8.6716960454801,0.733193273445,0.14532762082654194,0.020000545194999386
112.049545,1.9999999,0.26559603,0.11297571,0.11405174,-0.024303343,-0.024429968,0.0072170803,0.007562785,2.239648,2.2826893,0.13421847,0.14804664,16.050192026346203,-8.759711867613031,0.7204098085500006,16.072604263317988,-8.613519870705984,0.7407560584449999,0.14789999433992437,0.020346249894999335
112.09955,1.9999999,0.2729205,0.112769485,0.11205139,-0.0234879,-0.023634324,0.0058781416,0.006754653,2.271131,2.2424078,0.10090719,0.13596764,16.150437087860322,-8.702970649476603,0.7262879501500006,16.171243074291745,-8.555343584802253,0.7475107114449999,0.1490860130788569,0.021222761294999337
112.14954,1.9999999,0.31686714,0.11348588,0.11370116,-0.022749916,-0.022697922,0.005101934,0.0054238266,2.268304,2.2769153,0.103170164,0.11604588,16.250392401081434,-8.644613653355737,0.7313898841500006,16.27006001097431,-8.49469407966711,0.7529345380449999,0.15120414496262394,0.021544653894999266
112.19955,1.9999999,0.31686714,0.11365591,0.11362181,-0.022281213,-0.02196183,0.0056814393,0.005620333,2.2779322,2.276568,0.12408741,0.12164313,16.349862176499744,-8.585285058994245,0.7370713234500006,16.367985315653076,-8.433026645893715,0.7585548710449999,0.1533332075339929,0.021483547594999264
112.24954,1.9999999,0.31686714,0.11380085,0.114105225,-0.02176926,-0.02163155,0.006010302,0.006502222,2.274102,2.286277,0.11632466,0.13600147,16.44875650092338,-8.524915805740108,0.7430816254500006,16.4656861707456,-8.370237560521392,0.7650570930449998,0.1556019706309349,0.021975467594999243
112.299545,1.9999999,0.31686714,0.11376428,0.11387922,-0.021111537,-0.020958396,0.006138765,0.0062461784,2.2764692,2.2810667,0.12922592,0.13352247,16.546814284869896,-8.46349366473282,0.7492203904500006,16.562347455950242,-8.306485485627414,0.7713032714449998,0.15777467385422278,0.02208288099499922
112.34955,1.9999999,0.31686714,0.113862656,0.11396255,-0.020574907,-0.020376166,0.006944474,0.006784366,2.278037,2.2820327,0.14855303,0.14214873,16.644199718769375,-8.401010799132376,0.7561648644500005,16.658262543924494,-8.24165534724831,0.7780876374449998,0.15997475768544944,0.02192277299499923
112.39954,1.9999999,0.31686714,0.11404496,0.113881245,-0.019848531,-0.02005352,0.007166225,0.0074457424,2.283761,2.2772126,0.13809596,0.14927667,16.740783125370616,-8.337199650783834,0.7633310894500005,16.753451215222654,-8.17600324535027,0.7855333798449997,0.16169341862055298,0.022202290394999213
112.44955,1.9999999,0.31686714,0.11429459,0.114120744,-0.018957581,-0.019094521,0.006443911,0.0067765773,2.2880225,2.281069,0.1196605,0.13296711,16.83647119543969,-8.271881686737975,0.7697750004500005,16.847639545909004,-8.108796822250602,0.7923099571449997,0.16346683173375112,0.022534956694999275
112.59955,1.9999999,0.28756937,0.11469588,0.11462345,-0.016793143,-0.016670272,0.005864691,0.0056778947,2.2956269,2.2927299,0.12754098,0.12006913,16.93051813992105,-8.204114978285274,0.7756396914500004,16.939997279263096,-8.03889344359012,0.7979878518449998,0.16549323131079458,0.022348160394999317
112.64954,1.9999999,0.28024492,0.11503596,0.11482561,-0.016187245,-0.016198862,0.0060717543,0.0065221163,2.3058114,2.2973974,0.1153292,0.13334365,17.0239846131768,-8.135127172326953,0.7817114457500004,17.031760252448127,-7.967992945748353,0.8045099681449998,0.16731500309328112,0.022798522394999354
112.69955,1.9999999,0.28756937,0.1152946,0.11529114,-0.015641324,-0.015575874,0.005397002,0.005974184,2.3059726,2.3058345,0.100550875,0.123638146,17.11682944957232,-8.065003480465204,0.7871084477500004,17.122932827201783,-7.895728041222353,0.8104841521449998,0.1693854348795911,0.023375704394999364
112.74954,1.9999999,0.2948938,0.1148774,0.11539134,-0.014992809,-0.015122208,0.0051084477,0.0053669116,2.2891235,2.309681,0.103787035,0.114125594,17.208540624985424,-7.994217453194156,0.7922168954500004,17.21341237040528,-7.822534497904126,0.8158510637449998,0.1717520626966508,0.023634168294999425
112.799545,1.9999999,0.31686714,0.11514635,0.114555456,-0.014352688,-0.014111034,0.0054694717,0.0057345727,2.3167305,2.2930944,0.11499183,0.12559587,17.299622164050735,-7.922322844128924,0.7976863671500004,17.30218855345683,-7.748772291438249,0.8215856364449998,0.17356952697355174,0.023899269294999415
112.84955,1.9999999,0.31686714,0.11517045,0.1158598,-0.013839211,-0.013851193,0.0054807356,0.006325528,2.2900872,2.317661,0.1042376,0.13802928,17.38995843059547,-7.849555301494425,0.8031671027500004,17.391238359722983,-7.673370164097411,0.8279111644449998,0.17618978647519887,0.02474406169499943
112.89954,1.9999999,0.31686714,0.11492006,0.11450701,-0.01312736,-0.013240248,0.0051804422,0.005880199,2.306715,2.2901928,0.102980085,0.13097036,17.479208425233765,-7.775979583842216,0.8083475449500004,17.47844440771724,-7.597989366148165,0.8337913634449998,0.1779918574473032,0.025443818494999437
112.94955,1.9999999,0.31686714,0.11504689,0.11537526,-0.012347738,-0.012528911,0.006366374,0.005861494,2.2951608,2.3082955,0.15167487,0.13147968,17.567599888819494,-7.701312303875946,0.8147139189500003,17.56526248983164,-7.520976089053294,0.8396528574449998,0.18035136209796238,0.024938938494999507
112.99954,1.9999999,0.38280892,0.11493151,0.114759326,-0.011421052,-0.01178731,0.0085039865,0.007998141,2.3020997,2.2952123,0.18848461,0.1682508,17.654760853727275,-7.625531972549071,0.8232179054500003,17.65066434180693,-7.443418579679921,0.8476509984449998,0.18215946111093667,0.024433092994999517
113.049545,1.9999999,0.38280892,0.11511631,0.11513235,-0.01033622,-0.010630048,0.008979635,0.009453364,2.3025527,2.303194,0.17070082,0.18964994,17.74060433106114,-7.5481401146366585,0.8321975404500003,17.734822368333838,-7.364135022064857,0.8571043624449998,0.1840959130055234,0.024906821994999495
113.09955,1.9999999,0.38280892,0.11525892,0.11514332,-0.009243428,-0.00945781,0.008392773,0.008935885,2.3078039,2.30318,0.1650101,0.18673456,17.825037394481548,-7.469139371588237,0.8405903134500002,17.81734817705701,-7.2832837684864185,0.8660402474449997,0.18601459423642666,0.025449933994999507
113.14954,1.9999999,0.37548447,0.11525984,0.11540764,-0.0081361085,-0.008300302,0.009480121,0.008588749,2.3025897,2.3085017,0.21419473,0.17853987,17.90798007638522,-7.388693498499707,0.8500704344500002,17.898437707857862,-7.200747071325955,0.8746289964449997,0.18818851262627734,0.024558561994999506
113.19955,1.9999999,0.35351115,0.114746936,0.11515132,-0.0072637843,-0.0072127953,0.010380451,0.010546135,2.2872877,2.3034632,0.20102331,0.20765063,17.989162524507137,-7.307274630903326,0.8604508854500001,17.977816546252438,-7.117016247079982,0.8851751314449997,0.19059638988613323,0.02472424599499956
113.24954,1.9999999,0.33886227,0.11486212,0.11435487,-0.00630489,-0.006577395,0.010034237,0.009931299,2.3071969,2.2869074,0.20034617,0.19622862,18.06884358749284,-7.224304838507087,0.8704851224500001,18.05531185843852,-7.03266712137684,0.8951064304449997,0.1921148675092377,0.02462130799499962
113.299545,1.9999999,0.3242134,0.11568898,0.115492225,-0.0047355355,-0.0051288884,0.010676992,0.009743004,2.3203623,2.312492,0.2267335,0.18937397,18.147020995323217,-7.138896066739575,0.8811621144500001,18.13154677440561,-6.945759140620403,0.9048494344449998,0.19375583537991634,0.023687319994999623
113.34955,1.9999999,0.3242134,0.11628985,0.11611726,-0.0032079932,-0.0034447785,0.01061205,0.010757106,2.3312316,2.324328,0.1977485,0.20355077,18.223485895765133,-7.051222014513151,0.8917741644500001,18.205993220014214,-6.856580604497259,0.9156065404449998,0.19542587392129387,0.023832375994999655
113.39954,1.9999999,0.3242134,0.115575224,0.11659407,-0.0017925337,-0.0022668724,0.008538468,0.009586704,2.2917774,2.332531,0.14379022,0.18571964,18.29746580597242,-6.962408623262517,0.9003126324500001,18.27883259908243,-6.765510627410408,0.9251932444449997,0.19777769634006317,0.02488061199499958
113.44955,1.9999999,0.2948938,0.1141495,0.114453055,-0.00084199203,-0.00071994925,0.00714896,0.00713387,2.2742026,2.2863445,0.14216818,0.14156458,18.369054033729423,-6.873493253683125,0.9074615924500001,18.348271792210415,-6.674525911202188,0.9323271144449997,0.2000497561520151,0.024865521994999584
113.49954,1.9999999,0.28024492,0.11416413,0.1135679,-0.0004992389,-0.0005351294,0.007117886,0.007090909,2.2923625,2.2685137,0.14254726,0.1414682,18.43974372350798,-6.783845802089967,0.9145794784500001,18.416384215673506,-6.583648785125989,0.9394180234449997,0.20155523363967542,0.0248385449949996
113.549545,1.9999999,0.26559603,0.11513993,0.11451632,3.8269627e-05,-0.00015614815,0.008013556,0.006908974,2.3132348,2.2882903,0.17799497,0.1338117,18.509963015157055,-6.692596385515002,0.9225930344500001,18.48410442389104,-6.4913016935228365,0.9463269974449997,0.20294881070477766,0.023733962994999636
113.59955,1.9999999,0.2436227,0.115522996,0.115563944,0.00092444354,0.00055980496,0.007647513,0.008423166,2.3076851,2.309323,0.12790555,0.15893167,18.578973674616215,-6.599946797919121,0.9302405474500001,18.551216674485275,-6.397220428891639,0.9547501634449997,0.20461776989141406,0.02450961599499968
113.64954,1.9999999,0.2582716,0.11531338,0.115335464,0.0019626205,0.0016213137,0.0062235272,0.006328107,2.30485,2.3057337,0.12103554,0.12521872,18.64631613626917,-6.506319770065134,0.93646407465,18.616535701955737,-6.302150335988971,0.9610782704449997,0.20632991077126298,0.024614195794999683
113.69955,1.9999999,0.2582716,0.11562084,0.11529162,0.0027644825,0.0026643903,0.0064396113,0.0062170564,2.3199832,2.3068147,0.1365489,0.12764671,18.712610946332806,-6.4115525860591465,0.9429036859500001,18.680371581101827,-6.206107443740032,0.9672953268449997,0.20795933057455673,0.024391640894999678
113.84955,1.9999999,0.22895204,0.115814984,0.11585384,0.005020435,0.005053084,0.0057859025,0.0056040697,2.3183033,2.3198571,0.1249411,0.1176678,18.776582501808573,-6.314878104542459,0.9486895884500001,18.741961462302395,-6.107850981182313,0.9728993965449998,0.20990199185159125,0.02420980809499973
113.89954,1.9999999,0.20697871,0.115816265,0.116048634,0.005782591,0.0057195085,0.006358961,0.0063863406,2.314347,2.323642,0.12941733,0.1305125,18.839375018981126,-6.217389923800597,0.9550485494500001,18.802558579776075,-6.008714773948888,0.9792857371449998,0.21189801405716888,0.024237187694999718
113.94955,1.9999999,0.19965427,0.11652884,0.115747474,0.0066409744,0.006449166,0.007079018,0.006479693,2.3468063,2.3155518,0.15374339,0.1297704,18.901257174330578,-6.118426941114983,0.96212756745,18.861747728543047,-5.909036721461305,0.9857654301449997,0.21308510129301175,0.02363786269499968
113.99954,1.9999999,0.19965427,0.116806045,0.11727526,0.0072290697,0.007201824,0.006044891,0.0072553544,2.3254354,2.344204,0.088052265,0.13647078,18.962113244163454,-6.018464696433476,0.9681724584500001,18.920505950694427,-5.807287892442963,0.9930207845449998,0.21523663585334507,0.02484832609499965
114.049545,1.9999999,0.19965427,0.115630426,0.11622705,0.007584837,0.007499199,0.004720617,0.0042839735,2.2997816,2.3236465,0.10077242,0.08330667,19.02140449759806,-5.918903296104777,0.9728930754500001,18.977702811639872,-5.705831082738876,0.9973047580449997,0.21750771357409868,0.024411682594999595
114.09955,1.9999999,0.15570761,0.11572599,0.115019895,0.00816967,0.00803272,0.005641276,0.0049403715,2.329258,2.3010144,0.124878615,0.09684242,19.079795520076264,-5.818654920739694,0.9785343514500001,19.03336138286015,-5.604854727654496,1.0022451295449997,0.2187844867952768,0.02371077809499955
114.14954,1.9999999,0.14103693,0.11623946,0.116491966,0.008793926,0.008757117,0.0047796112,0.0059010983,2.3203204,2.3304207,0.06630584,0.11116532,19.13738879398122,-5.717304242416883,0.9833139626500002,19.0887025602188,-5.501974120496221,1.0081462278449997,0.22076551081257362,0.024832265194999592
114.19955,1.9999999,0.12638804,0.1166112,0.11599039,0.009285307,0.009238087,0.0032226117,0.0033763752,2.3441277,2.3192952,0.06259863,0.06874917,19.19429404290266,-5.615097679336457,0.9865365743500002,19.142761287649844,-5.398936424421882,1.0115226030449997,0.22221906531661614,0.02498602869499955
114.24954,1.9999999,0.11173916,0.117187634,0.11724825,0.009545012,0.009717236,0.0013740106,0.0031549798,2.3433778,2.345802,-0.0076382067,0.06360055,19.250970950208877,-5.51208419966122,0.9879105849500002,19.196733051187785,-5.294396357729026,1.0146775828449996,0.2243429210278722,0.026766997894999478
114.299545,1.9999999,0.060468063,0.11749091,0.11720101,0.009640801,0.009695336,0.0011245729,0.00010460783,2.3562586,2.3446624,0.052621122,0.011822518,19.307593224211647,-5.408687018542463,0.9890351578500002,19.25036838705464,-5.189738214082089,1.0147821906749996,0.22630347094614614,0.02574703282499946
114.34955,1.9999999,0.08976583,0.11879466,0.11784976,0.010111329,0.009882945,0.003749656,0.002901179,2.3955278,2.3577316,0.097365126,0.06342603,19.36442246613604,-5.303878395419359,0.9927848138500002,19.304175839391124,-5.084424413433801,1.0176833696749996,0.22757351832640518,0.024898555824999447
114.39954,1.9999999,0.067792505,0.119544,0.11988101,0.010513532,0.010703365,0.003919436,0.004724604,2.3862321,2.3997128,0.059412315,0.09161902,19.420930856846255,-5.198010061766387,0.9967042498500002,19.358046535610214,-4.976795575895648,1.0224079736749996,0.22997888297922695,0.025703723824999414
114.44955,1.9999999,0.067792505,0.11896418,0.11945386,0.010642827,0.010714118,0.002045126,0.0030415922,2.3723352,2.3919225,0.022392722,0.062251367,19.47660041887537,-5.092337710826746,0.9987493758500001,19.41117627392621,-4.869272332362488,1.0254495658749996,0.23246178570193282,0.02670019002499946
114.49954,1.9999999,0.060468063,0.11905336,0.11874006,0.010804321,0.010863248,0.0006503546,0.0015140644,2.389799,2.377267,0.003621463,0.038169853,19.531966246049404,-4.986389322160868,0.9993997304500001,19.463480968342044,-4.762120893044208,1.0269636302749996,0.234492135392871,0.027563899824999516
114.549545,1.9999999,0.067792505,0.11922687,0.11958718,0.010811131,0.010912075,0.00020674184,0.0007704366,2.3792758,2.393688,0.0046482105,0.027196001,19.58735126476759,-4.880255318255039,0.9996064722900001,19.51601990231381,-4.654140212280153,1.0277340668749997,0.2370995664684909,0.028127594584999582
114.59955,1.9999999,0.097090274,0.11952223,0.11897266,0.010984705,0.010882731,0.001221687,0.0007983314,2.4016135,2.3796303,0.044219267,0.027285043,19.642728000878463,-4.773767552263745,1.0008281592900001,19.568183191299298,-4.546660358615803,1.0285323982749996,0.23902846282783577,0.02770423898499952
114.64954,1.9999999,0.1190636,0.12058248,0.12009623,0.01162674,0.01139509,0.0029866947,0.0025280453,2.421686,2.4022355,0.075248525,0.056902546,19.69800617652071,-4.665973123541094,1.00381485399,19.620401649893772,-4.437912093717745,1.0310604435749997,0.2409030839924584,0.027245589584999674
114.69955,1.9999999,0.1703565,0.1215658,0.12114024,0.012175696,0.012363823,0.0031432218,0.004082575,2.440946,2.4239237,0.050480347,0.08805447,19.753027228027086,-4.556889782953004,1.00695807579,19.672050525748467,-4.3276387266276855,1.0351430185749997,0.24313221328773846,0.02818494278499961
114.74954,1.9999999,0.1703565,0.12204648,0.122192316,0.012420462,0.012610532,0.0020864708,0.0033423696,2.4409132,2.4467459,0.03297849,0.08321443,19.807755148339226,-4.447096951242588,1.00904454659,19.723573602037924,-4.216124780340965,1.0384853881749996,0.24583465270113328,0.0294408415849996
114.799545,1.9999999,0.2216276,0.12168339,0.122180484,0.012796569,0.012946108,0.003718219,0.0029337676,2.4264224,2.4463062,0.11575027,0.084372215,19.861742155041096,-4.3372971211542115,1.01276276559,19.774428520824117,-4.104279129473031,1.0414191557749997,0.24883941642615018,0.02865639018499966
114.84955,1.9999999,0.19965427,0.12103852,0.12140619,0.0133393435,0.013299099,0.0059770504,0.006280592,2.4151185,2.429825,0.12333174,0.13547343,19.91451862416828,-4.227556947492654,1.01873981599,19.824259402599992,-3.9927748146418716,1.0476997477749996,0.2515340473655125,0.02895993178499956
114.89954,1.9999999,0.19965427,0.12029404,0.12070038,0.013817996,0.01374608,0.0064716563,0.005961445,2.3966432,2.4128966,0.13553451,0.11512605,19.96584024970372,-4.117886149987677,1.02521147229,19.87264918598856,-3.881347864081794,1.0536611927749997,0.25423401632286785,0.028449720484999608
114.94955,1.9999999,0.21430315,0.11944532,0.11984775,0.014524281,0.014093746,0.00590146,0.006345592,2.3811696,2.397267,0.10052389,0.11828916,20.015406888231983,-4.008244517596153,1.0311129322900001,19.91965010955415,-3.770203678267346,1.0600067847749997,0.25657903626586126,0.028893852484999538
114.99954,1.9999999,0.21430315,0.11838445,0.11902356,0.015242091,0.015200475,0.0053724027,0.005021434,2.3542085,2.3797727,0.11437221,0.10033345,20.063164689657416,-3.8988535136567823,1.03648533499,19.964576432533022,-3.658941430497056,1.0650282187749998,0.25937897387580433,0.028542883784999695
115.049545,1.9999999,0.21430315,0.11715906,0.11761004,0.015802275,0.015591018,0.005552098,0.005782456,2.332154,2.350193,0.10771171,0.11692603,20.10922797915035,-3.7899768375670466,1.04203743299,20.00791702589153,-3.5485023327172827,1.0708106747749997,0.26186608360505503,0.028773241784999737
115.09955,1.9999999,0.23629826,0.11642211,0.11653292,0.016482374,0.016415797,0.005707229,0.0054777423,2.3247302,2.329163,0.12057745,0.111397974,20.153727083967535,-3.6811393163714725,1.04774466199,20.04937808638727,-3.438364327026967,1.0762884170749998,0.26425065515005014,0.028543755084999844
115.14954,1.9999999,0.2729205,0.11600019,0.11616013,0.017254049,0.017068878,0.0054855198,0.0061891535,2.3152773,2.321675,0.09884334,0.12698868,20.196725045571792,-3.572029639510025,1.0532301817899998,20.089483451216392,-3.3280190411751507,1.0824775705749998,0.2665369236327899,0.029247388784999995
115.19955,1.9999999,0.19232982,0.11598824,0.11572199,0.017966248,0.018049648,0.005210512,0.0051822998,2.3242524,2.3136024,0.10957713,0.108448654,20.23849900809522,-3.4623437519009697,1.0584406937899997,20.127833418178373,-3.217354463299034,1.0876598703749998,0.26882452328856943,0.029219176585000062
115.24954,1.9999999,0.18500538,0.11597624,0.11618792,0.018328387,0.018515585,0.005320105,0.005434417,2.3147972,2.3232644,0.10322707,0.10779955,20.27937936622251,-3.3522746175628466,1.0637607987899997,20.165413220777108,-3.1058635754271604,1.0930942873749998,0.2714897493351777,0.029333488585000067
115.299545,1.9999999,0.18500538,0.11542331,0.115779854,0.018665334,0.018703505,0.005012347,0.0051041287,2.3021352,2.3163967,0.09726679,0.100938074,20.31911051815035,-3.242309301434648,1.0687731457899998,20.2020320962743,-2.9944461008153764,1.0981984160749998,0.2741231896250574,0.02942527028499997
115.34955,1.9999999,0.19232982,0.11502359,0.11515012,0.019192982,0.019227007,0.004365816,0.004910656,2.2988083,2.3038695,0.07736584,0.099159434,20.357635101743394,-3.1322427157988484,1.0731389617899998,20.23732903230777,-2.883165580323955,1.1031090720749999,0.27660977885719745,0.029970110285000073
115.39954,1.9999999,0.19232982,0.11515932,0.114992574,0.019801382,0.019830821,0.004028328,0.0041710744,2.3075645,2.3008947,0.08376728,0.08947712,20.39520897939507,-3.0215992910950304,1.0771672897899998,20.27146908680573,-2.7715814855095253,1.107280146475,0.27896319493404925,0.03011285668500019
115.44955,1.9999999,0.19232982,0.1154683,0.11539262,0.020324443,0.020342393,0.004266201,0.004416416,2.3111675,2.30814,0.08688076,0.092889346,20.432022630245523,-2.910285471651032,1.0814334907899998,20.304864685120595,-2.659269403716768,1.111696562475,0.2813862281092897,0.030263071685000087
115.49954,1.9999999,0.1703565,0.11587566,0.11552327,0.020727528,0.020748788,0.0025772175,0.004394155,2.323859,2.309763,0.016207943,0.08888545,20.46819676956564,-2.7982665864491376,1.08401070829,20.33745752536797,-2.5465137170328105,1.1160907174749999,0.28367632476597743,0.03208000918499998
115.549545,1.9999999,0.1190636,0.11609559,0.11617887,0.020914702,0.021215934,0.0006500694,0.0012441401,2.3199646,2.323296,0.009794834,0.033557657,20.504019540433188,-2.6858729039551106,1.08466077769,20.36942284523421,-2.4328217471500686,1.117334857575,0.28662023361733546,0.03267407988500004
115.59955,1.9999999,0.097090274,0.115973726,0.11609042,0.020890685,0.021321444,0.00057759136,0.0010565136,2.3189845,2.3236518,0.013308819,0.032465708,20.53973353815042,-2.5735749244134203,1.0852383690499998,20.40111309675428,-2.319123385030748,1.118391371175,0.2897606126910142,0.033153002125000164
115.64954,1.9999999,0.07511695,0.11551464,0.116061404,0.020829754,0.021212053,0.0010051669,0.0011508096,2.3016014,2.3234715,0.026897859,0.032723565,20.575222299534918,-2.461690794522608,1.0862435359499998,20.432768909078888,-2.205465520203912,1.119542180775,0.29316268461744766,0.03329864482500011
115.69955,1.9999999,0.067792505,0.11521812,0.11518361,0.020878837,0.021122044,0.0012763791,0.0018370952,2.3071234,2.3057427,0.024157306,0.04658595,20.610417025281194,-2.350010571159421,1.0875199150499997,20.463992099965804,-2.092600480859528,1.1213792759749999,0.2961422181010611,0.03385936092500019
115.74954,1.9999999,0.060468063,0.11511391,0.115457706,0.020995732,0.02123694,0.0016305952,0.0016797709,2.297433,2.311185,0.0410665,0.043033525,20.645317243638875,-2.2383234734431214,1.0891505102499996,20.495023485989137,-1.9793814781399455,1.123059046875,0.2993980135539783,0.03390853662500026
115.799545,1.9999999,0.04579738,0.11512425,0.114961736,0.021131609,0.02122269,0.0016710068,0.0022935045,2.307537,2.3010364,0.02577377,0.050673675,20.679919670340723,-2.126507509004519,1.0908215170499997,20.525662772913897,-1.8665637605078642,1.125352551375,0.30226799828338197,0.034531034325000265
115.84955,1.9999999,0.0,0.11555099,0.115472816,0.021215372,0.021340149,-0.00025830936,0.001428235,2.3145022,2.3113756,-0.036106143,0.03135563,20.714457955363393,-2.014216680497596,1.0905632076899998,20.556157437348908,-1.7531642515349055,1.126780786375,0.3052989103665043,0.036217578685000085
115.89954,1.9999999,-0.023802256,0.1163083,0.11578661,0.021192148,0.021338467,-0.0023280957,-0.0016550753,2.3378298,2.3169622,-0.057017684,-0.03009687,20.749395708646052,-1.9012738578778998,1.0882351119899998,20.586626424694565,-1.6394386605743287,1.125125711075,0.3083042496383724,0.03689059908500014
115.94955,1.9999999,-0.1190418,0.116645336,0.11693151,0.020875962,0.021362865,-0.0031993694,-0.0025171677,2.3279836,2.3394306,-0.070957094,-0.04366902,20.785032790576214,-1.7882608560087287,1.0850357425899997,20.617755103922235,-1.5247200685265307,1.122608543375,0.3121467140929785,0.03757280078500025
115.99954,1.9999999,-0.2216058,0.11651139,0.116489075,0.020461394,0.02073584,-0.0039450526,-0.0029826963,2.332472,2.3315794,-0.086845,-0.04835075,20.82133533380093,-1.6756744536344956,1.0810906899899997,20.649545824639546,-1.4107506439814577,1.119625847075,0.315747146272122,0.03853515708500033
116.049545,1.9999999,-0.24360092,0.116343245,0.116755925,0.019965451,0.020588337,-0.0048273527,-0.0036499128,2.3212576,2.337765,-0.1062491,-0.059151523,20.85844031843361,-1.5636138003873716,1.0762633372899997,20.681925434803723,-1.296700714175924,1.115975934275,0.3200001558340113,0.03971259698500029
116.09955,1.9999999,-0.39011157,0.11607327,0.116239764,0.019191654,0.01986834,-0.0056002075,-0.004431303,2.3216734,2.3283331,-0.1177592,-0.07100302,20.89663877795593,-1.4523384604334073,1.0706631297899998,20.715141152699932,-1.1835497099657497,1.111544631275,0.3243281985142995,0.04088150148500014
116.14954,1.9999999,-0.40476045,0.11615316,0.11627648,0.01866086,0.019179944,-0.005042838,-0.0050954386,2.324453,2.3293858,-0.08395432,-0.08605833,20.93596389252279,-1.341463216856546,1.0656202917899997,20.749491292069365,-1.070819243904733,1.106449192675,0.32866425241422886,0.04082890088500024
116.19955,1.9999999,-0.40476045,0.11629444,0.116405204,0.018442178,0.018909639,-0.0027015624,-0.0033802667,2.3273249,2.331755,-0.024108177,-0.05125635,20.976107370946288,-1.2307698934609619,1.0629187293899998,20.78471472536683,-0.9582712287639449,1.103068925975,0.3329964970439804,0.040150196585000186
116.24954,1.9999999,-0.397436,0.11648259,0.116561286,0.01836505,0.018704183,-0.00068502035,-0.0010134075,2.3319788,2.3351264,-0.003292638,-0.016428124,21.016708642063147,-1.1200585317210487,1.0622337090399998,20.82057215902006,-0.8457962346209107,1.102055518475,0.33717848032037234,0.039821809435000244
116.299545,1.9999999,-0.19230802,0.11643022,0.11671944,0.018356303,0.018626101,0.00063365063,-3.3788385e-07,2.3252301,2.3367984,0.028638665,0.0032791235,21.05736788309021,-1.0094250100913924,1.0628673596699998,20.85668466531986,-0.733251815829384,1.10205518059115,0.3413874442968599,0.03918782092115025
116.34955,1.9999999,0.0,0.116043776,0.11629697,0.018439345,0.018603632,0.001055023,0.0016852899,2.316521,2.3266487,0.013562257,0.03877293,21.09769650043359,-0.8990630147508848,1.0639223826699997,20.89262639853201,-0.6210944613292031,1.10374047049115,0.3454276528960393,0.03981808782115026
116.39954,1.9999999,0.0,0.115470424,0.11587118,0.018526167,0.018756283,0.00072588073,0.00074983167,2.3022962,2.3183262,0.015472971,0.016431008,21.13755442357193,-0.7891176481111318,1.0646482633999996,20.928051045437336,-0.5091881482892259,1.10449030216115,0.3496458069537653,0.039842038761150445
116.44955,1.9999999,0.0,0.11494791,0.11514469,0.018561473,0.018696446,0.0004808336,0.00090263266,2.2956202,2.3034916,0.0037603732,0.020632334,21.177048328721327,-0.6795832619607156,1.0651290969999996,20.963118597532816,-0.397931132698039,1.10539293482115,0.35368609218428143,0.040263837821150394
116.49954,1.9999999,0.0,0.11451396,0.114832774,0.018588508,0.018768124,0.0006593452,0.0003150571,2.2849383,2.2976906,0.022613434,0.008841913,21.21625570829074,-0.5703964447534742,1.0657884421999997,20.997881674069596,-0.2868890822274512,1.1057079919211499,0.3578598097418575,0.039919549721150194
116.549545,1.9999999,0.0,0.11435192,0.114357285,0.018646471,0.018782267,0.0009826109,0.0013621071,2.2891386,2.289353,0.016691001,0.03187085,21.25526196274639,-0.46129756940738587,1.0667710530999996,21.032383865885986,-0.17625472523968877,1.10707009902115,0.3618343116280224,0.0402990459211503
116.59955,1.9999999,0.0,0.11365959,0.11456797,0.018634878,0.018966615,0.00045742726,0.00125569,2.257245,2.2935805,0.00160609,0.033536594,21.29383678435418,-0.3527722533978482,1.0672284803599996,21.0666646865287,-0.06530258433857157,1.10832578902115,0.36639592336634935,0.041097308661150356
116.64954,1.9999999,0.0,0.1136372,0.11295495,0.018744795,0.018819397,0.00036821066,0.00050979294,2.2882428,2.260953,0.013122336,0.01878563,21.332254882501815,-0.24419587337829343,1.0675966910199997,21.10021824609506,0.044183255263510995,1.10883558196115,0.37013986879444166,0.0412388909411503
116.69955,1.9999999,0.0,0.11395041,0.11441024,0.018884122,0.01908238,0.00070030446,0.00061490166,2.2697735,2.2881668,0.014889843,0.011473734,21.370661982050315,-0.13526378119627985,1.0682969954799997,21.134129197833218,0.15510614557716218,1.1094504836211498,0.3745162912129536,0.04115348814115016
116.74954,1.9999999,0.0,0.11338495,0.11350224,0.018874671,0.019070528,0.00057002023,0.0006128127,2.2656243,2.2703161,0.007910967,0.009622663,21.408728733859622,-0.026804929558669484,1.0688670157099998,21.167578349903735,0.2652315184436351,1.1100632963211499,0.37873314436932287,0.041196280611150105
116.799545,1.9999999,0.0,0.113178365,0.113366224,0.018898217,0.01911861,0.0005958408,0.00065047835,2.2615101,2.2690246,0.015922666,0.018108167,21.446613622291355,0.08150582770194345,1.0694628565099997,21.20085646776386,0.3752769130044163,1.11071377467115,0.3830117877575627,0.04125091816115023
116.84955,1.9999999,0.0,0.11358722,0.11323887,0.01905223,0.019081162,0.0012033703,0.0013527283,2.2819788,2.2680447,0.03221215,0.03818647,21.484495401299753,0.19027169934585586,1.0706662268099998,21.234040002455856,0.48521319203682767,1.11206650297115,0.38693460806812585,0.04140027616115027
116.89954,1.9999999,0.0,0.113630556,0.114199094,0.019188873,0.019341707,0.0017770075,0.0016334777,2.2632434,2.2859848,0.03886815,0.03312696,21.522147141634516,0.2991866319935083,1.0724432343099999,21.267266380597388,0.5961705824878053,1.11369998067115,0.391361302632318,0.041256746361150176
116.94955,1.9999999,0.0,0.11361106,0.11322289,0.019348126,0.0193034,0.0017105353,0.001642966,2.281199,2.2656722,0.029553259,0.026850484,21.559456078073907,0.4082272950316474,1.0741537696099999,21.29991500020601,0.706289208111102,1.11534294667115,0.395224588214618,0.041189177061150106
116.99954,1.9999999,0.0,0.11354332,0.11410059,0.019476822,0.019690251,0.00075111474,0.0012478892,2.2605338,2.2828245,0.0004913307,0.020362312,21.596433017724234,0.5173333812319058,1.0749048843499998,21.33242131208933,0.8174197183705957,1.11659083587115,0.39969236976650724,0.04168595152115029
117.19955,1.9999999,0.0,0.11302617,0.11308046,0.019580482,0.019690232,0.0013345237,0.0014135566,2.2603908,2.2625618,0.026496032,0.029657345,21.632990753943297,0.6260616770097702,1.0762394080499997,21.364341356702916,0.927673999112398,1.11800439247115,0.4039090138654488,0.041764984421150286
117.24954,1.9999999,0.0,0.11304992,0.11311147,0.019640477,0.019729678,0.0009598255,0.0014638177,2.261606,2.2640681,0.011896989,0.032056674,21.669361823559417,0.7348880435014135,1.0771992335499998,21.396083614004144,1.0380184323248045,1.11946821017115,0.4081286714333551,0.042268976621150145
117.299545,1.9999999,0.0,0.11324534,0.11310434,0.0197159,0.01977747,0.0008096393,0.0006087875,2.2682076,2.262568,0.020488583,0.01245451,21.705654591383077,0.8439570984538773,1.07800887285,21.427618196871045,1.1484236411233348,1.12007699767115,0.41231554940159965,0.04206812482115008
117.34955,1.9999999,0.0,0.113372564,0.11341818,0.019848675,0.019928707,0.00072340766,0.0008977821,2.266695,2.2685196,0.0084477225,0.015422702,21.741802251195658,0.953230401951409,1.07873228051,21.45908613985134,1.2591964061957701,1.12097477977115,0.4165856398952237,0.04224249926115009
117.39954,1.9999999,0.0,0.11323129,0.11334651,0.019955277,0.020041944,0.00023884392,0.0005223727,2.2625563,2.2671654,0.0011060341,0.012447186,21.777710153372656,1.062455676849016,1.07897112443,21.490321485178242,1.369982073367965,1.1214971524711501,0.42090940968632257,0.04252602804115013
117.44955,1.9999999,0.0,0.11320121,0.11309331,0.020035973,0.020157551,0.00072616857,0.00022228881,2.265492,2.261176,0.02794071,0.0077855177,21.813506630590904,1.1717011178444379,1.079697293,21.521284848171682,1.4806061836749416,1.1217194412811502,0.4252245404677571,0.04202214828115025
117.49954,1.9999999,0.0,0.113378905,0.11331327,0.020160796,0.020339115,0.0015016011,0.0013976236,2.269664,2.2670388,0.03212333,0.02796423,21.849197497097027,1.2811880843856418,1.0811988941,21.552155550432282,1.5915141477668557,1.1231170648811502,0.4295767494779744,0.04191817078115023
117.549545,1.9999999,0.0,0.11338801,0.113571696,0.020262798,0.020401489,0.0014188859,0.0017524725,2.2658563,2.2732034,0.024632104,0.03797557,21.88463818045774,1.390784524827267,1.0826177799999999,21.58292685377311,1.7027251084516752,1.1248695373811501,0.43397770952173936,0.04225175738115028
117.59955,1.9999999,0.0,0.1131303,0.11332953,0.020303417,0.020455074,0.00084983115,0.0012085199,2.2593558,2.2673247,0.009361142,0.023708694,21.91976657848918,1.5002225857188534,1.08346761115,21.61335042601991,1.8137944501896643,1.1260780572811502,0.43842692969498626,0.04261044613115028
117.64954,1.9999999,0.0,0.11326493,0.113011435,0.020387214,0.020491863,0.0004240502,0.0005625904,2.2712417,2.2611012,0.007600866,0.01314247,21.954790960863264,1.609848656987967,1.0838916613499998,21.643469690363837,1.9246291505562494,1.1266406476811501,0.44272756024045834,0.04274898633115032
117.69955,1.9999999,0.0,0.11331327,0.11356007,0.020467462,0.020624688,0.0005730856,0.0004478801,2.2612891,2.271161,0.015322559,0.010314338,21.989720549048123,1.719569840120717,1.0844647469499997,21.673642403976846,2.036033255537752,1.1270885277811502,0.44727450976901656,0.04262378083115048
117.74954,1.9999999,0.0,0.113273114,0.113095604,0.02057777,0.020704659,0.0008605166,0.00076829194,2.2696354,2.262535,0.019098107,0.015409119,22.024470965360504,1.8293270792420886,1.0853252635499997,21.703493600632306,2.147065703978143,1.1278568197211503,0.4516462136639885,0.042531556171150564
117.799545,1.9999999,0.0,0.11330888,0.11353302,0.02072675,0.020985898,0.00091332296,0.0010271928,2.2627194,2.2716856,0.017434811,0.021989603,22.059011844062283,1.939215332258168,1.0862385865099997,21.7331928601712,2.258636795789724,1.1288840125211503,0.4562763215732968,0.04264542601115062
117.84955,1.9999999,0.0,0.11291093,0.11325598,0.020774884,0.021061119,0.00068762666,0.0009643782,2.2537177,2.2675195,0.010070256,0.021140318,22.09322438014472,2.0488053696406165,1.0869262131699997,21.76259102272964,2.370020078994522,1.1298483907211503,0.46097430138878714,0.042922177551150575
117.89954,1.9999999,0.0,0.112513274,0.11286676,0.020771777,0.021016166,0.0008264615,0.00077017973,2.2468133,2.260953,0.022988202,0.020736933,22.127179308490035,2.1580654556144125,1.0877526746699997,21.791756291259595,2.481060485414045,1.1306185704511502,0.4656547967789414,0.04286589578115052
117.94955,1.9999999,0.0,0.11296726,0.11245878,0.0209067,0.021008655,0.0009342265,0.001358022,2.271877,2.251538,0.014380859,0.03133268,22.161135306102185,2.267818278643988,1.0886869011699998,21.820668984704902,2.5917510312693035,1.1319765924511502,0.46994653337290615,0.043289691281150455
