epoch,train_loss,val_loss,lr,elapsed_time,best_val_loss,best_metric_name,best_metric_value,best_epoch,early_stopping_counter,gradients_finite,improved,val_rollout_position_error_20,val_rollout_heading_error_20,rmse_delta_x_body_train,rmse_delta_x_body_val,train_rmse_delta_x_body,val_rmse_delta_x_body,rmse_delta_y_body_train,rmse_delta_y_body_val,train_rmse_delta_y_body,val_rmse_delta_y_body,rmse_delta_theta_train,rmse_delta_theta_val,train_rmse_delta_theta,val_rmse_delta_theta,rmse_v_next_train,rmse_v_next_val,train_rmse_v_next,val_rmse_v_next,rmse_omega_next_train,rmse_omega_next_val,train_rmse_omega_next,val_rmse_omega_next
1,0.01777266694375679,0.0065845749629982585,0.001,0.3234190000075614,0.0065845749629982585,val_loss,0.0065845749629982585,1,0,True,True,0.031892831890913846,0.008623209316283464,0.0005218338519251936,0.0002416135878691849,0.0005218338519251936,0.0002416135878691849,0.0027332794841033073,0.0014356327343754075,0.0027332794841033073,0.0014356327343754075,0.0015342808095047745,0.0010022847657764132,0.0015342808095047745,0.0010022847657764132,0.020873372504834363,0.00966455160870101,0.020873372504834363,0.00966455160870101,0.06137123362003755,0.04009139218546455,0.06137123362003755,0.04009139218546455
2,0.00490362623810856,0.0055576274845877596,0.001,3.954540899998392,0.0055576274845877596,val_loss,0.0055576274845877596,2,0,True,True,0.034416350208581095,0.020800026133656502,0.000433491911788725,0.0005659528680212378,0.000433491911788725,0.0005659528680212378,0.0007286228327373043,0.0011908271074323373,0.0007286228327373043,0.0011908271074323373,0.0009317122342581153,0.0009008469614583067,0.0009317122342581153,0.0009008469614583067,0.017339653101513836,0.022638122852009775,0.017339653101513836,0.022638122852009775,0.03726848713700746,0.036033875757836384,0.03726848713700746,0.036033875757836384
3,0.0033914738603947263,0.0032504966289832672,0.001,5.992492000004859,0.0032504966289832672,val_loss,0.0032504966289832672,3,0,True,True,0.025265433729521405,0.009506071917712688,0.00036549278030098233,0.00041284198250014114,0.00036549278030098233,0.00041284198250014114,0.0008511968593977163,0.0011666463482617317,0.0008511968593977163,0.0011666463482617317,0.0007344252315749904,0.0006255230336067823,0.0007344252315749904,0.0006255230336067823,0.014619709517173009,0.016513687311470272,0.014619709517173009,0.016513687311470272,0.029377009245904154,0.0250209223916915,0.029377009245904154,0.0250209223916915
4,0.002890046227827756,0.0020745486558960942,0.001,7.902499600008014,0.0020745486558960942,val_loss,0.0020745486558960942,4,0,True,True,0.019154915426542567,0.005601805634796619,0.0003590106857375145,0.00036074017505047907,0.0003590106857375145,0.00036074017505047907,0.0005348433089651759,0.0004570484271820002,0.0005348433089651759,0.0004570484271820002,0.0007141986504703329,0.0005941696051264267,0.0007141986504703329,0.0005941696051264267,0.014360443447141774,0.0144296150199015,0.014360443447141774,0.0144296150199015,0.0285679455431903,0.023766785205519746,0.0285679455431903,0.023766785205519746
5,0.0026927025573861107,0.002082901174234676,0.001,9.939612600006512,0.0020745486558960942,val_loss,0.0020745486558960942,4,1,True,False,0.013569203533476125,0.0025078970938920975,0.0003470790967725249,0.0003874691738762916,0.0003470790967725249,0.0003874691738762916,0.00034869803533076017,0.0005325089887402026,0.00034869803533076017,0.0005325089887402026,0.000706668582530764,0.0005793292104839734,0.000706668582530764,0.0005793292104839734,0.01388315675953205,0.015498774106485494,0.01388315675953205,0.015498774106485494,0.028266742950784178,0.02317316891801837,0.028266742950784178,0.02317316891801837
6,0.0026448266113665957,0.0020534502518973472,0.001,10.235246399999596,0.0020534502518973472,val_loss,0.0020534502518973472,6,0,True,True,0.014321864202219509,0.003264619503170252,0.0003395911059989288,0.0003227956303510501,0.0003395911059989288,0.0003227956303510501,0.00034648374887083803,0.0006095225525293771,0.00034648374887083803,0.0006095225525293771,0.000700996112805464,0.0005745124005931244,0.000700996112805464,0.0005745124005931244,0.013583645290005896,0.012911835700981098,0.013583645290005896,0.012911835700981098,0.02803984430163126,0.022980496281957218,0.02803984430163126,0.022980496281957218
7,0.0025898772298707283,0.001917067107519713,0.001,12.270730999996886,0.001917067107519713,val_loss,0.001917067107519713,7,0,True,True,0.010931623622858997,0.0016624601557850838,0.0003344327001524689,0.0003219671723750211,0.0003344327001524689,0.0003219671723750211,0.00032828112085057573,0.00048082332744560737,0.00032828112085057573,0.00048082332744560737,0.0006951144162632574,0.0005704149496493639,0.0006951144162632574,0.0005704149496493639,0.013377311111439352,0.01287869891526366,0.013377311111439352,0.01287869891526366,0.0278045760734211,0.022816598400491335,0.0278045760734211,0.022816598400491335
8,0.002560647971691855,0.0018997499205428978,0.001,14.193257999999332,0.0018997499205428978,val_loss,0.0018997499205428978,8,0,True,True,0.010310202130341914,0.0018654866144061089,0.00033057494828087243,0.00030137110653028745,0.00033057494828087243,0.00030137110653028745,0.000312370450144046,0.0004869564686900877,0.000312370450144046,0.0004869564686900877,0.0006925798529629614,0.0005701329357047391,0.0006925798529629614,0.0005701329357047391,0.013223001602478369,0.012054850518462175,0.013223001602478369,0.012054850518462175,0.02770319372532015,0.022805318198662525,0.02770319372532015,0.022805318198662525
9,0.0025357807798250674,0.0018722320152125482,0.001,16.09223280000151,0.0018722320152125482,val_loss,0.0018722320152125482,9,0,True,True,0.009368998654618882,0.0012352787889540195,0.00032755595031726676,0.00029856837972813433,0.00032755595031726676,0.00029856837972813433,0.0003079790002552995,0.00046663383492712976,0.0003079790002552995,0.00046663383492712976,0.0006896477517765022,0.000568448223649133,0.0006896477517765022,0.000568448223649133,0.013102238930953188,0.0119427441288249,0.013102238930953188,0.0119427441288249,0.027585909414656613,0.02273792918259296,0.027585909414656613,0.02273792918259296
10,0.002515207076373793,0.0018508118842246717,0.001,18.21156229999906,0.0018508118842246717,val_loss,0.0018508118842246717,10,0,True,True,0.009017567615289008,0.0016931905411183834,0.0003246688860287797,0.0002889434596357322,0.0003246688860287797,0.0002889434596357322,0.00030531908037771845,0.0004515501837628925,0.00030531908037771845,0.0004515501837628925,0.0006871945210891839,0.0005682249693967983,0.0006871945210891839,0.0005682249693967983,0.01298675618161504,0.011557749126637684,0.01298675618161504,0.011557749126637684,0.027487780254227975,0.022728999175518582,0.027487780254227975,0.022728999175518582
11,0.00249587287123598,0.0018303956210227875,0.001,23.210741600007168,0.0018303956210227875,val_loss,0.0018303956210227875,11,0,True,True,0.008078946058495072,0.001084248535335064,0.00032262738132613454,0.00027939868406594667,0.00032262738132613454,0.00027939868406594667,0.0003034938502899325,0.00045021429818118937,0.0003034938502899325,0.00045021429818118937,0.0006847206855715976,0.0005662522852886095,0.0006847206855715976,0.0005662522852886095,0.012905096031704907,0.01117595628955727,0.012905096031704907,0.01117595628955727,0.027388827260591758,0.02265009202056395,0.027388827260591758,0.02265009202056395
12,0.0024776082516134138,0.0018162118222821376,0.001,25.09555700000783,0.0018162118222821376,val_loss,0.0018162118222821376,12,0,True,True,0.007532063513547442,0.0009308918379247189,0.00032069675881460147,0.0002722114257760677,0.00032069675881460147,0.0002722114257760677,0.00030212313770800115,0.00044713002041568966,0.00030212313770800115,0.00044713002041568966,0.0006823469706390342,0.0005652213967504592,0.0006823469706390342,0.0005652213967504592,0.0128278746653219,0.010888463488195799,0.0128278746653219,0.010888463488195799,0.027293878544114924,0.022608856039852847,0.027293878544114924,0.022608856039852847
13,0.0024581816504849535,0.0018064461736779275,0.001,27.00085740000941,0.0018064461736779275,val_loss,0.0018064461736779275,13,0,True,True,0.00742675567853101,0.0011684629134833813,0.0003188138758787939,0.0002684420131071896,0.0003188138758787939,0.0002684420131071896,0.00030094330590500924,0.0004418498658051168,0.00030094330590500924,0.0004418498658051168,0.000679763454066561,0.0005647200639657617,0.000679763454066561,0.0005647200639657617,0.012752556347469881,0.010737686390727537,0.012752556347469881,0.010737686390727537,0.027190537672308362,0.022588802524053302,0.027190537672308362,0.022588802524053302
14,0.0024370404309249733,0.0017911728720405493,0.001,28.859940100010135,0.0017911728720405493,val_loss,0.0017911728720405493,14,0,True,True,0.006880252523850434,0.0010158848017454147,0.0003173581525315489,0.00026131288439378567,0.0003173581525315489,0.00026131288439378567,0.00029941410662156386,0.00043966467220273584,0.00029941410662156386,0.00043966467220273584,0.0006768639889772242,0.0005633048905681472,0.0006768639889772242,0.0005633048905681472,0.012694328622418575,0.010452522785917193,0.012694328622418575,0.010452522785917193,0.02707455950419878,0.02253219571315492,0.02707455950419878,0.02253219571315492
15,0.0024141124703792255,0.0017804903146842945,0.001,30.755932500003837,0.0017804903146842945,val_loss,0.0017804903146842945,15,0,True,True,0.006120580842337018,0.0006743906997144222,0.0003162212020738616,0.00025205929589437086,0.0003162212020738616,0.00025205929589437086,0.00029809173451434047,0.0004385859189046113,0.00029809173451434047,0.0004385859189046113,0.000673609725240831,0.0005628772797468521,0.000673609725240831,0.0005628772797468521,0.012648850689528993,0.010082377741398965,0.012648850689528993,0.010082377741398965,0.026944388771117513,0.022515091140032126,0.026944388771117513,0.022515091140032126
16,0.0023960174366304304,0.0017688585782487845,0.001,32.83206369999971,0.0017688585782487845,val_loss,0.0017688585782487845,16,0,True,True,0.005293083155833542,0.00010745134204626083,0.00031492715366363835,0.0002482289716858293,0.00031492715366363835,0.0002482289716858293,0.0002969634348872786,0.0004340045351299467,0.0002969634348872786,0.0004340045351299467,0.000671097784772809,0.000561889058799183,0.000671097784772809,0.000561889058799183,0.012597091933534327,0.009929157146231214,0.012597091933534327,0.009929157146231214,0.026843911128701724,0.02247556154741215,0.026843911128701724,0.02247556154741215
17,0.0023688429476869098,0.0017645505513867428,0.001,34.70569790000445,0.0017645505513867428,val_loss,0.0017645505513867428,17,0,True,True,0.005172673090026365,0.0005455100908875465,0.00031395606496293526,0.00024479025867825524,0.00031395606496293526,0.00024479025867825524,0.00029672691860451014,0.00043141323834595025,0.00029672691860451014,0.00043141323834595025,0.0006670452780000153,0.0005619280101535993,0.0006670452780000153,0.0005619280101535993,0.012558240678574651,0.00979160982624915,0.012558240678574651,0.00979160982624915,0.02668181072691241,0.02247712134659423,0.02668181072691241,0.02247712134659423
18,0.002364166112201821,0.0017928046270691115,0.001,36.59792130001006,0.0017645505513867428,val_loss,0.0017645505513867428,17,1,True,False,0.003986731957840187,0.000916224904358387,0.0003132711525393444,0.00023828354253773622,0.0003132711525393444,0.00023828354253773622,0.00029642444400682815,0.00042698363107160993,0.00029642444400682815,0.00042698363107160993,0.0006664458303242634,0.0005686117571097872,0.0006664458303242634,0.0005686117571097872,0.012530846695864926,0.009531352612929637,0.012530846695864926,0.009531352612929637,0.02665783257868911,0.022744469965080758,0.02665783257868911,0.022744469965080758
19,0.0025873734347198083,0.0017534533451343405,0.001,36.89461109999684,0.0017534533451343405,val_loss,0.0017534533451343405,19,0,True,True,0.005194185324886873,0.0006896783597767353,0.00031234751428239655,0.00023559301410438916,0.00031234751428239655,0.00023559301410438916,0.00029686349372846075,0.0004455915589764102,0.00029686349372846075,0.0004455915589764102,0.0007005023474029885,0.0005593254742143664,0.0007005023474029885,0.0005593254742143664,0.012493898754638777,0.009423733625153877,0.012493898754638777,0.009423733625153877,0.0280200943987795,0.02237301889360659,0.0280200943987795,0.02237301889360659
20,0.0026169083610721,0.0019283462115081734,0.001,38.77742460000445,0.0017534533451343405,val_loss,0.0017534533451343405,19,1,True,False,0.004177174637259307,0.0006998861208558083,0.00031339869914486765,0.0002282076490487504,0.00031339869914486765,0.0002282076490487504,0.00029590610869176666,0.00042487135614041615,0.00029590610869176666,0.00042487135614041615,0.0007047836600465806,0.0005944439280899357,0.0007047836600465806,0.0005944439280899357,0.01253595381007214,0.00912831282207447,0.01253595381007214,0.00912831282207447,0.02819134511455093,0.02377775697409665,0.02819134511455093,0.02377775697409665
21,0.0026885990601494512,0.0017508257252710133,0.001,41.45334340000409,0.0017508257252710133,val_loss,0.0017508257252710133,21,0,True,True,0.0037213634713445984,0.0001816139556467533,0.0003139521076005235,0.00022269444662599295,0.0003139521076005235,0.00022269444662599295,0.00030826550254301925,0.0004449761838671457,0.00030826550254301925,0.0004449761838671457,0.0007143244028279351,0.0005606758079551601,0.0007143244028279351,0.0005606758079551601,0.012558074870722746,0.0089077841713785,0.012558074870722746,0.0089077841713785,0.028572974968912843,0.022427033159947984,0.028572974968912843,0.022427033159947984
22,0.0037748573216057455,0.002103786285292229,0.001,43.3000017000013,0.0017508257252710133,val_loss,0.0017508257252710133,21,1,True,False,0.006001455140999316,0.0017143343575298786,0.0003181304545681196,0.00022964684132830638,0.0003181304545681196,0.00022964684132830638,0.00031020953929610054,0.0004409249803661992,0.00031020953929610054,0.0004409249803661992,0.0008573287690613428,0.0006223279940483611,0.0008573287690613428,0.0006223279940483611,0.012725206784058578,0.00918588360002135,0.012725206784058578,0.00918588360002135,0.03429315137381797,0.024893120939835024,0.03429315137381797,0.024893120939835024
23,0.0031025799919897827,0.002569753917512195,0.001,43.62095660000341,0.0017508257252710133,val_loss,0.0017508257252710133,21,2,True,False,0.006735332469719718,0.007822922430932522,0.00032078105754350107,0.00023165323262731171,0.00032078105754350107,0.00023165323262731171,0.00035703243017848693,0.0005188195469578666,0.00035703243017848693,0.0005188195469578666,0.0007677589957757832,0.000686547471890871,0.0007677589957757832,0.000686547471890871,0.012831244196300036,0.009266136907287132,0.012831244196300036,0.009266136907287132,0.030710357871122623,0.027461897462620597,0.030710357871122623,0.027461897462620597
24,0.002612277522001822,0.001869381085873164,0.001,43.91393640000024,0.0017508257252710133,val_loss,0.0017508257252710133,21,3,True,False,0.012223206732721066,0.005874605383723974,0.00031794674319980204,0.0002499393896803928,0.00031794674319980204,0.0002499393896803928,0.0003220737685336217,0.00043400949413425664,0.0003220737685336217,0.00043400949413425664,0.0007014951121194701,0.0005799427495631929,0.0007014951121194701,0.0005799427495631929,0.012717872014080582,0.009997588461296742,0.012717872014080582,0.009997588461296742,0.028059804582277817,0.023197710702484033,0.028059804582277817,0.023197710702484033
25,0.002524204606432083,0.0017847110453093873,0.001,44.21561529999599,0.0017508257252710133,val_loss,0.0017508257252710133,21,4,True,False,0.006257848205737249,0.0002214503474533558,0.0003159067137717152,0.0002498622608941169,0.0003159067137717152,0.0002498622608941169,0.0003014135008124495,0.0004333718246318886,0.0003014135008124495,0.0004333718246318886,0.0006901964515129981,0.0005646558123977476,0.0006901964515129981,0.0005646558123977476,0.012636270000899308,0.009994496384080839,0.012636270000899308,0.009994496384080839,0.027607857213809036,0.02258623168443476,0.027607857213809036,0.02258623168443476
26,0.0024695378415022806,0.0017842440263785679,0.001,44.51772390000406,0.0017508257252710133,val_loss,0.0017508257252710133,21,5,True,False,0.00745212118012037,0.0012017935514450073,0.0003136820389621928,0.00025026335595621597,0.0003136820389621928,0.00025026335595621597,0.0003015294993656158,0.0004449340412746477,0.0003015294993656158,0.0004449340412746477,0.0006822464805226218,0.0005630032930763601,0.0006822464805226218,0.0005630032930763601,0.012547278418583913,0.010010543755875574,0.012547278418583913,0.010010543755875574,0.02728985934080682,0.022520131292554854,0.02728985934080682,0.022520131292554854
27,0.002430421224339236,0.001744276185616337,0.001,44.835827300004894,0.001744276185616337,val_loss,0.001744276185616337,27,0,True,True,0.004778930746492217,0.00030394410714507103,0.0003122428613105291,0.00023804018684986822,0.0003122428613105291,0.00023804018684986822,0.00029987661473227493,0.00043736741858764217,0.00029987661473227493,0.00043736741858764217,0.0006766047548905639,0.0005583607298009592,0.0006766047548905639,0.0005583607298009592,0.012489714434135041,0.009521620794673696,0.012489714434135041,0.009521620794673696,0.02706418994318866,0.02233442914100482,0.02706418994318866,0.02233442914100482
28,0.0023990610448209495,0.0017462854233474053,0.001,46.74464740000258,0.001744276185616337,val_loss,0.001744276185616337,27,1,True,False,0.004956450285002439,0.0004548630677163601,0.0003112366383461285,0.00023805812616632357,0.0003112366383461285,0.00023805812616632357,0.0002978308320667942,0.0004304942986977956,0.0002978308320667942,0.0004304942986977956,0.0006720771026468581,0.0005596247567104081,0.0006720771026468581,0.0005596247567104081,0.012449460737261397,0.00952233348745067,0.012449460737261397,0.00952233348745067,0.026883083345189285,0.022384989965675235,0.026883083345189285,0.022384989965675235
29,0.002366484767842521,0.0017172897836707276,0.001,47.055599500003154,0.0017172897836707276,val_loss,0.0017172897836707276,29,0,True,True,0.003096157569148724,0.000510659534484148,0.00030987693408110386,0.00022842109516952973,0.00030987693408110386,0.00022842109516952973,0.0002967031534573185,0.00042611988382659495,0.0002967031534573185,0.00042611988382659495,0.0006673141668673201,0.0005561246802248723,0.0006673141668673201,0.0005561246802248723,0.01239508353759155,0.009136848002866278,0.01239508353759155,0.009136848002866278,0.026692566165342456,0.022244987786867444,0.026692566165342456,0.022244987786867444
30,0.002331425154933316,0.0017137294924207801,0.001,48.98666629999934,0.0017137294924207801,val_loss,0.0017137294924207801,30,0,True,True,0.004027549024933305,0.00047661224380135536,0.00030904812656176294,0.0002270563059068648,0.00030904812656176294,0.0002270563059068648,0.00029580594101517453,0.00043090350372385533,0.00029580594101517453,0.00043090350372385533,0.0006620264174681198,0.0005550272021141045,0.0006620264174681198,0.0005550272021141045,0.012361919933936706,0.009082260258066261,0.012361919933936706,0.009082260258066261,0.02648105652559918,0.022201087664621495,0.02648105652559918,0.022201087664621495
31,0.002297381236860776,0.0016987302998915828,0.001,53.945364700004575,0.0016987302998915828,val_loss,0.0016987302998915828,31,0,True,True,0.003269463408807878,8.0824363976717e-05,0.0003081719485003432,0.00022411370416858484,0.0003081719485003432,0.00022411370416858484,0.0002951636547459841,0.0004304666642890333,0.0002951636547459841,0.0004304666642890333,0.0006568444852260842,0.0005526677517039462,0.0006568444852260842,0.0005526677517039462,0.012326883727944448,0.008964559765698427,0.012326883727944448,0.008964559765698427,0.026273779151754724,0.02210670903171201,0.026273779151754724,0.02210670903171201
32,0.0022651916170619143,0.0016873009286114367,0.001,56.002275999999256,0.0016873009286114367,val_loss,0.0016873009286114367,32,0,True,True,0.00287452929071338,0.00011663511395454407,0.00030743538451511316,0.00022122614135272457,0.00030743538451511316,0.00022122614135272457,0.0002946127731698785,0.00043048721601336324,0.0002946127731698785,0.00043048721601336324,0.0006518878437431236,0.0005508995927831448,0.0006518878437431236,0.0005508995927831448,0.012297412301191494,0.008849057929960108,0.012297412301191494,0.008849057929960108,0.02607551352156586,0.022035983401596803,0.02607551352156586,0.022035983401596803
33,0.0022273471947775875,0.0016773040839952642,0.001,57.857041199997184,0.0016773040839952642,val_loss,0.0016773040839952642,33,0,True,True,0.002905422765331486,0.00020707864314317703,0.00030661070256643365,0.00021994014600005334,0.00030661070256643365,0.00021994014600005334,0.0002939655330336722,0.00043232621068223676,0.0002939655330336722,0.00043232621068223676,0.0006460047415256941,0.0005489401133495955,0.0006460047415256941,0.0005489401133495955,0.012264426312414475,0.008797610728511745,0.012264426312414475,0.008797610728511745,0.025840189665203708,0.02195760503327436,0.025840189665203708,0.02195760503327436
34,0.002199477872572246,0.0016677487063510665,0.001,59.6822519999987,0.0016677487063510665,val_loss,0.0016677487063510665,34,0,True,True,0.002695960362228653,0.00010071741417050362,0.0003058568518074898,0.0002207269649182671,0.0003058568518074898,0.0002207269649182671,0.00029362002198169443,0.000432970699130666,0.00029362002198169443,0.000432970699130666,0.0006416507608874423,0.0005469369702871804,0.0006416507608874423,0.0005469369702871804,0.012234272319779464,0.008829079285613438,0.012234272319779464,0.008829079285613438,0.025666030200855755,0.02187747843880677,0.025666030200855755,0.02187747843880677
35,0.0021836993430128493,0.0016462105406640933,0.001,61.79297370000859,0.0016462105406640933,val_loss,0.0016462105406640933,35,0,True,True,0.0025939765296881514,0.0004692571237683296,0.00030564024184172854,0.00021821684938992534,0.00030564024184172854,0.00021821684938992534,0.0002931517120884964,0.00043413871565543295,0.0002931517120884964,0.00043413871565543295,0.000639159897878378,0.0005430095263846776,0.000639159897878378,0.0005430095263846776,0.01222561398202697,0.008728682272426286,0.01222561398202697,0.008728682272426286,0.025566395302379526,0.021720380696908452,0.025566395302379526,0.021720380696908452
36,0.0021590959386498967,0.001653682802611127,0.001,63.70082500000717,0.0016462105406640933,val_loss,0.0016462105406640933,35,1,True,False,0.0013985746420776695,0.0012300978414714336,0.0003051355882202351,0.00021865893736201295,0.0003051355882202351,0.00021865893736201295,0.0002924955049918583,0.00042926888155114514,0.0002924955049918583,0.00042926888155114514,0.000635277306700378,0.0005450250355349165,0.000635277306700378,0.0005450250355349165,0.012205420390916337,0.008746357183466181,0.012205420390916337,0.008746357183466181,0.025411091263411303,0.021801001346438895,0.025411091263411303,0.021801001346438895
37,0.0023436682844111436,0.0017113525380284109,0.001,64.01040199999989,0.0016462105406640933,val_loss,0.0016462105406640933,35,2,True,False,0.00394496379171961,0.0020346115343272686,0.0003047314641725606,0.0002204243464074196,0.0003047314641725606,0.0002204243464074196,0.00029680109465864563,0.00043484274426076213,0.00029680109465864563,0.00043484274426076213,0.0006645353453543637,0.0005549574071050735,0.0006645353453543637,0.0005549574071050735,0.012189253307574902,0.008816981362736356,0.012189253307574902,0.008816981362736356,0.026581413950208948,0.02219829681713928,0.026581413950208948,0.02219829681713928
38,0.0025801678324821557,0.0017991978883871744,0.001,64.31979370000772,0.0016462105406640933,val_loss,0.0016462105406640933,35,3,True,False,0.0008313041924035258,0.001999440137296915,0.0003051332461410457,0.00021597911431973295,0.0003051332461410457,0.00021597911431973295,0.0002942185924270075,0.0004272838681835868,0.0002942185924270075,0.0004272838681835868,0.000700677838327048,0.0005726927564647347,0.000700677838327048,0.0005726927564647347,0.012205331696875162,0.008639166778342538,0.012205331696875162,0.008639166778342538,0.028027112430433834,0.022907709874197924,0.028027112430433834,0.022907709874197924
39,0.002471117421251153,0.0016448681138391639,0.001,64.62547720001021,0.0016448681138391639,val_loss,0.0016448681138391639,39,0,True,True,0.0033401146015897467,0.0002629626542329788,0.00030798362133651344,0.00021532124004770007,0.00030798362133651344,0.00021532124004770007,0.00029939262967548536,0.0004469576042075372,0.00029939262967548536,0.0004469576042075372,0.0006835074072389927,0.0005413942008103047,0.0006835074072389927,0.0005413942008103047,0.012319334013726735,0.008612851598409398,0.012319334013726735,0.008612851598409398,0.027340295144150168,0.021655767268290188,0.027340295144150168,0.021655767268290188
40,0.003635587392561687,0.0031655412970175005,0.001,66.54842940000526,0.0016448681138391639,val_loss,0.0016448681138391639,39,1,True,False,0.012317691748669833,0.008732331451028585,0.00032137733884072064,0.0002797875430045343,0.00032137733884072064,0.0002797875430045343,0.0003644411034999172,0.00044419105612382117,0.0003644411034999172,0.00044419105612382117,0.0008362081338605872,0.000773982002105028,0.0008362081338605872,0.000773982002105028,0.012855096025665324,0.011191498651468066,0.012855096025665324,0.011191498651468066,0.033448326890789144,0.030959281463395726,0.033448326890789144,0.030959281463395726
41,0.003065629075844511,0.0021682955790311097,0.001,69.24614960000326,0.0016448681138391639,val_loss,0.0016448681138391639,39,2,True,False,0.0069610277673929025,0.007353624328970909,0.0003141829528275312,0.0002271606772161898,0.0003141829528275312,0.0002271606772161898,0.0004179744075934567,0.000528693028124241,0.0004179744075934567,0.000528693028124241,0.0007584598793366602,0.000621963861170493,0.0007584598793366602,0.000621963861170493,0.012567311715337044,0.009086431579851463,0.012567311715337044,0.009086431579851463,0.0303383935115953,0.024878552625920695,0.0303383935115953,0.024878552625920695
42,0.0024377957438352273,0.0019918767550703266,0.001,69.55429070000537,0.0016448681138391639,val_loss,0.0016448681138391639,39,3,True,False,0.015109863136598399,0.007879892364144325,0.0003075224426685391,0.00023127009897172746,0.0003075224426685391,0.00023127009897172746,0.0003302461544574841,0.00042803027103316193,0.0003302461544574841,0.00042803027103316193,0.0006760901710399956,0.00060469206533121,0.0006760901710399956,0.00060469206533121,0.01230090048414097,0.009250803194431233,0.01230090048414097,0.009250803194431233,0.02704360668150015,0.02418768366321659,0.02704360668150015,0.02418768366321659
43,0.002281411748055292,0.0016538257582177376,0.001,69.86433039999974,0.0016448681138391639,val_loss,0.0016448681138391639,39,4,True,False,0.004250573838795338,0.0006390516646206379,0.0003085538724839255,0.0002311824775808006,0.0003085538724839255,0.0002311824775808006,0.00030355162862452477,0.00044352515713407995,0.00030355162862452477,0.00044352515713407995,0.0006536098114322742,0.0005414102378123967,0.0006536098114322742,0.0005414102378123967,0.01234215581071068,0.009247302745691067,0.01234215581071068,0.009247302745691067,0.026144391943685324,0.021656409360963035,0.026144391943685324,0.021656409360963035
44,0.0021897854409139374,0.0016219200582468303,0.001,70.17430610000156,0.0016219200582468303,val_loss,0.0016219200582468303,44,0,True,True,0.0047125945392926475,0.0007066652178764343,0.0003060553877897485,0.00022990505797333157,0.0003060553877897485,0.00022990505797333157,0.00029988955198240457,0.00042309080129685996,0.00029988955198240457,0.00042309080129685996,0.0006395603523785186,0.000538192794497284,0.0006395603523785186,0.000538192794497284,0.0122422140889335,0.00919620563429341,0.0122422140889335,0.00919620563429341,0.02558241386044405,0.02152771206812801,0.02558241386044405,0.02152771206812801
45,0.0021153352258364315,0.0015840701622374612,0.001,72.07705680000072,0.0015840701622374612,val_loss,0.0015840701622374612,45,0,True,True,0.0026892708947498178,0.0006234645843505859,0.00030485567789101137,0.00022725655904740755,0.00030485567789101137,0.00022725655904740755,0.0002972519906220622,0.00042084082082590634,0.0002972519906220622,0.00042084082082590634,0.0006277473488824469,0.0005315103302516886,0.0006277473488824469,0.0005315103302516886,0.012194221904802367,0.009090271973876816,0.012194221904802367,0.009090271973876816,0.02510989373422522,0.021260412877209093,0.02510989373422522,0.021260412877209093
46,0.0020500251451221496,0.0015626516971929834,0.001,73.93233959999634,0.0015626516971929834,val_loss,0.0015626516971929834,46,0,True,True,0.0032346725551795374,0.000991370528936386,0.00030381244033966375,0.00022644787727550873,0.00030381244033966375,0.00022644787727550873,0.00029416751326089924,0.0004122521281906487,0.00029416751326089924,0.0004122521281906487,0.0006172562794431072,0.0005285544591479432,0.0006172562794431072,0.0005285544591479432,0.012152495098043538,0.00905791574163024,0.012152495098043538,0.00905791574163024,0.024690250900726265,0.021142178746231335,0.024690250900726265,0.021142178746231335
47,0.001993424741271059,0.0015440407722931483,0.001,75.8057650999981,0.0015440407722931483,val_loss,0.0015440407722931483,47,0,True,True,0.0019108038828909433,0.00013377144932746887,0.0003032490544665582,0.00022386300241011948,0.0003032490544665582,0.00022386300241011948,0.0002924470446606383,0.0004120983125045877,0.0002924470446606383,0.0004120983125045877,0.0006078821870119641,0.0005252705421298705,0.0006078821870119641,0.0005252705421298705,0.012129966448869559,0.008954528037621586,0.012129966448869559,0.008954528037621586,0.02431528728468502,0.021010822646689187,0.02431528728468502,0.021010822646689187
48,0.0019354598159190255,0.0015183206133801363,0.001,77.85706100000243,0.0015183206133801363,val_loss,0.0015183206133801363,48,0,True,True,0.0016763721395280362,0.00018012849614024162,0.00030212287033633457,0.00022703744188579212,0.00030212287033633457,0.00022703744188579212,0.0002912507414029193,0.00041314041957414067,0.0002912507414029193,0.00041314041957414067,0.0005981751975390985,0.0005195592043629224,0.0005981751975390985,0.0005195592043629224,0.01208491798731188,0.009081495399484382,0.01208491798731188,0.009081495399484382,0.023927007917560913,0.02078236875617214,0.023927007917560913,0.02078236875617214
49,0.0018837186858156878,0.0015086812336511653,0.001,79.75551879999693,0.0015086812336511653,val_loss,0.0015086812336511653,49,0,True,True,0.0011974724241665994,0.0002824254333972931,0.0003017684907044276,0.00022654995271050114,0.0003017684907044276,0.00022654995271050114,0.00028991723700419594,0.00041377617375326186,0.00028991723700419594,0.00041377617375326186,0.0005892855357472138,0.0005176130859659579,0.0005892855357472138,0.0005176130859659579,0.012070743178258625,0.00906199899135079,0.012070743178258625,0.00906199899135079,0.02357142142713064,0.020704523177016734,0.02357142142713064,0.020704523177016734
50,0.0018299975093168407,0.001493420414947744,0.001,81.64288600000145,0.001493420414947744,val_loss,0.001493420414947744,50,0,True,True,0.001972453546782563,0.000526724848896265,0.00030118722012249934,0.00023003057322645618,0.00030118722012249934,0.00023003057322645618,0.0002887443184871017,0.00041442275244382064,0.0002887443184871017,0.00041442275244382064,0.0005799302207035872,0.0005139379389364145,0.0005799302207035872,0.0005139379389364145,0.012047489826734637,0.00920123021319481,0.012047489826734637,0.00920123021319481,0.023197208633415272,0.02055751759044053,0.023197208633415272,0.02055751759044053
51,0.0017800578750686439,0.001542489194503889,0.001,86.67613819999679,0.001493420414947744,val_loss,0.001493420414947744,50,1,True,False,0.0013084149976535578,0.0002620099112391472,0.00030110936693981467,0.00023215436820001682,0.00030110936693981467,0.00023215436820001682,0.00028743513792771716,0.0004152745513616659,0.00028743513792771716,0.0004152745513616659,0.0005710327982811898,0.0005233437096943556,0.0005710327982811898,0.0005233437096943556,0.012044374095212453,0.009286177674970508,0.012044374095212453,0.009286177674970508,0.02284131185132379,0.02093374960249293,0.02284131185132379,0.02093374960249293
52,0.0017674583989775198,0.001643536226213749,0.001,86.97883809999621,0.001493420414947744,val_loss,0.001493420414947744,50,2,True,False,0.0009818604616537465,0.0014518867246806622,0.00030160954599175137,0.00024057910278510455,0.00030160954599175137,0.00024057910278510455,0.0002869061665447303,0.0004165957518932014,0.0002869061665447303,0.0004165957518932014,0.0005686911246904204,0.000541652361768521,0.0005686911246904204,0.000541652361768521,0.01206437745129389,0.009623160087090053,0.01206437745129389,0.009623160087090053,0.022747644158456575,0.021666094574191396,0.022747644158456575,0.021666094574191396
53,0.0017301516870454306,0.0015745157745249312,0.001,87.28059059999941,0.001493420414947744,val_loss,0.001493420414947744,50,3,True,False,0.001592195823591451,0.00217607244849205,0.0003014376630747616,0.00024831474105597485,0.0003014376630747616,0.00024831474105597485,0.00028627909253048036,0.0004184330381571575,0.00028627909253048036,0.0004184330381571575,0.0005619146634111104,0.0005268042982595766,0.0005619146634111104,0.0005268042982595766,0.01205751639063205,0.009932586837307274,0.01205751639063205,0.009932586837307274,0.022476586280878234,0.02107217063165897,0.022476586280878234,0.02107217063165897
54,0.001918170436637086,0.0016110247089366975,0.001,87.58608890000323,0.001493420414947744,val_loss,0.001493420414947744,50,4,True,False,0.006497790811165424,0.0035281875170767307,0.0003078321814576416,0.0002459568201455244,0.0003078321814576416,0.0002459568201455244,0.00028716412678024886,0.0004182784699035664,0.00028716412678024886,0.0004182784699035664,0.0005945216641304818,0.0005343429591112077,0.0005945216641304818,0.0005343429591112077,0.012313277669668046,0.009838275578440345,0.012313277669668046,0.009838275578440345,0.02378086725375925,0.021373717971663337,0.02378086725375925,0.021373717971663337
55,0.002382043693461909,0.0025460751020702824,0.001,87.90874159999657,0.001493420414947744,val_loss,0.001493420414947744,50,5,True,False,0.0004344102528115915,0.0017479886300861835,0.00030611274303636436,0.0002381124575390955,0.00030611274303636436,0.0002381124575390955,0.0002927643311617045,0.00042000091165867907,0.0002927643311617045,0.00042000091165867907,0.0006705990592896757,0.0006934994127098243,0.0006705990592896757,0.0006934994127098243,0.012244498847971744,0.009524503634964794,0.012244498847971744,0.009524503634964794,0.026823960998818366,0.027739975332620417,0.026823960998818366,0.027739975332620417
56,0.0018778222425535848,0.0015267200270218067,0.001,88.20602150000923,0.001493420414947744,val_loss,0.001493420414947744,50,6,True,False,0.005614054441807559,0.0014896816574037075,0.00031684977053014806,0.0002611242090799418,0.00031684977053014806,0.0002611242090799418,0.00030868278577059086,0.0004468318246875228,0.00030868278577059086,0.0004468318246875228,0.0005839925142316226,0.0005111771539304316,0.0005839925142316226,0.0005111771539304316,0.012673998576146133,0.010444969813727969,0.012673998576146133,0.010444969813727969,0.023359700786944618,0.02044708618256476,0.023359700786944618,0.02044708618256476
57,0.0025145695737087796,0.0015881292377438012,0.001,88.50391870000749,0.001493420414947744,val_loss,0.001493420414947744,50,7,True,False,0.0075939889817514105,0.000823658425360918,0.00031358047245353196,0.00023299688158359903,0.00031358047245353196,0.00023299688158359903,0.00033185993867223477,0.00044555613035964365,0.00033185993867223477,0.00044555613035964365,0.0006867520630592873,0.0005280949221128038,0.0006867520630592873,0.0005280949221128038,0.012543211549295035,0.009319885113841627,0.012543211549295035,0.009319885113841627,0.027470083236670228,0.021123796164220547,0.027470083236670228,0.021123796164220547
58,0.0025600551989528415,0.001943146150783989,0.001,88.80484680000518,0.001493420414947744,val_loss,0.001493420414947744,50,8,True,False,0.004906448080956961,0.00489161117002368,0.0003054238148096936,0.0002421524188130987,0.0003054238148096936,0.0002421524188130987,0.0003426612965366062,0.0004384067807538356,0.0003426612965366062,0.0004384067807538356,0.0006939348951758037,0.0005935507534667845,0.0006939348951758037,0.0005935507534667845,0.012216952398899547,0.009686094563764795,0.012216952398899547,0.009686094563764795,0.027757394043068085,0.023742028797976447,0.027757394043068085,0.023742028797976447
59,0.002083477916836101,0.001836637460530318,0.001,89.12097309999808,0.001493420414947744,val_loss,0.001493420414947744,50,9,True,False,0.012064792048152764,0.007367297541350126,0.00030478367000961353,0.0002384599387476811,0.00030478367000961353,0.0002384599387476811,0.0002983127769967169,0.0004348305554022143,0.0002983127769967169,0.0004348305554022143,0.0006223764607466084,0.0005755627695630278,0.0006223764607466084,0.0005755627695630278,0.012191343880487003,0.009538393795402765,0.012191343880487003,0.009538393795402765,0.024895058601368533,0.02302251185815255,0.024895058601368533,0.02302251185815255
60,0.0018963857154172343,0.0016992041913407117,0.001,89.42376780000632,0.001493420414947744,val_loss,0.001493420414947744,50,10,True,False,0.003239727980913958,9.643891826272011e-05,0.000303638953695154,0.0002653951587628293,0.000303638953695154,0.0002653951587628293,0.00028770902223218786,0.0004285148426404394,0.00028770902223218786,0.0004285148426404394,0.0005913777340355655,0.000546897459693679,0.0005913777340355655,0.000546897459693679,0.012145564335709062,0.010615799356452819,0.012145564335709062,0.010615799356452819,0.02365510900800794,0.021875898563758125,0.02365510900800794,0.021875898563758125
61,0.0017535887458732565,0.0016593452599220748,0.0005,92.08950110001024,0.001493420414947744,val_loss,0.001493420414947744,50,11,True,False,0.004475073602518385,0.0013451739214360714,0.0003019283005188499,0.0002756987026250203,0.0003019283005188499,0.0002756987026250203,0.0002869976812232699,0.0004310267176461163,0.0002869976812232699,0.0004310267176461163,0.0005660859429540534,0.0005372091645502088,0.0005660859429540534,0.0005372091645502088,0.012077122068101897,0.011027949375286986,0.012077122068101897,0.011027949375286986,0.022643437888356814,0.02148836650213941,0.022643437888356814,0.02148836650213941
62,0.0017011714230393195,0.0018474529392953063,0.0005,92.39112670000759,0.001493420414947744,val_loss,0.001493420414947744,50,12,True,False,0.002044784499026717,0.0011723265051841736,0.000301676108990341,0.0002775836721918355,0.000301676108990341,0.0002775836721918355,0.00028741155170853536,0.0004303962382028296,0.00028741155170853536,0.0004303962382028296,0.0005563869935635137,0.0005722281846674874,0.0005563869935635137,0.0005722281846674874,0.012067052358791916,0.011103342176460147,0.012067052358791916,0.011103342176460147,0.022255479505578726,0.022889128502422224,0.022255479505578726,0.022889128502422224
63,0.0016634979475547826,0.0018046332370682523,0.0005,92.70783729999675,0.001493420414947744,val_loss,0.001493420414947744,50,13,True,False,0.0009016648118570269,0.0014118477702140808,0.00030112218628933673,0.00027155014792221475,0.00030112218628933673,0.00027155014792221475,0.0002861930214695988,0.00043686076292768193,0.0002861930214695988,0.00043686076292768193,0.000549510951400719,0.0005645415177910606,0.000549510951400719,0.0005645415177910606,0.012044885790178553,0.010862004374850845,0.012044885790178553,0.010862004374850845,0.021980438098146014,0.022581660483174355,0.021980438098146014,0.022581660483174355
64,0.0016321343590249926,0.0018244543064642568,0.0005,93.01248970000597,0.001493420414947744,val_loss,0.001493420414947744,50,14,True,False,0.0007128610759817167,0.001303018070757389,0.00030057005298022373,0.00027566917771679883,0.00030057005298022373,0.00027566917771679883,0.0002857008432737942,0.0004348450243900417,0.0002857008432737942,0.0004348450243900417,0.0005436906110010068,0.0005677781545456301,0.0005436906110010068,0.0005677781545456301,0.012022798324022666,0.01102676084673458,0.012022798324022666,0.01102676084673458,0.021747623837916435,0.02271112531356822,0.021747623837916435,0.02271112531356822
65,0.0016055441850241394,0.0019023916844663948,0.0005,93.31417220000003,0.001493420414947744,val_loss,0.001493420414947744,50,15,True,False,0.0004222069828201614,0.0015141046606004238,0.000300254741040462,0.0002767988631779533,0.000300254741040462,0.0002767988631779533,0.00028520670067249803,0.0004362685441559411,0.00028520670067249803,0.0004362685441559411,0.0005386850822493766,0.0005815152393612379,0.0005386850822493766,0.0005815152393612379,0.012010185070169977,0.01107195255611135,0.012010185070169977,0.01107195255611135,0.021547403297743697,0.023260609431830736,0.021547403297743697,0.023260609431830736
66,0.001582460005762149,0.001987412209012385,0.0005,93.61879839999892,0.001493420414947744,val_loss,0.001493420414947744,50,16,True,False,0.0005571101570346437,0.0012320070527493954,0.0002998175291774837,0.00027998911987760894,0.0002998175291774837,0.00027998911987760894,0.00028465952722380415,0.0004412185308211466,0.00028465952722380415,0.0004412185308211466,0.0005343424722504115,0.0005954139668393417,0.0005343424722504115,0.0005954139668393417,0.01199269741327697,0.011199566413735628,0.01199269741327697,0.011199566413735628,0.02137369881954475,0.02381655814354898,0.02137369881954475,0.02381655814354898
67,0.0015638708624615167,0.0020421656523028323,0.0005,93.93283340000198,0.001493420414947744,val_loss,0.001493420414947744,50,17,True,False,0.0002550129544658799,0.0014451490715146065,0.00029940531240549225,0.000280545203926147,0.00029940531240549225,0.000280545203926147,0.00028439893328320045,0.0004397558526342568,0.00028439893328320045,0.0004397558526342568,0.0005308146491894203,0.0006049901222352968,0.0005308146491894203,0.0006049901222352968,0.011976213152717873,0.011221814613797152,0.011976213152717873,0.011221814613797152,0.021232586211543673,0.024199603625531824,0.021232586211543673,0.024199603625531824
68,0.0015496420073061962,0.001989547433010463,0.0005,94.23784990000422,0.001493420414947744,val_loss,0.001493420414947744,50,18,True,False,0.00034328727065210463,0.0016420772299170494,0.0002990763548636241,0.00027713769393100077,0.0002990763548636241,0.00027713769393100077,0.0002840799077962585,0.0004387026053406094,0.0002840799077962585,0.0004387026053406094,0.0005281116303114628,0.0005965407147638845,0.0005281116303114628,0.0005965407147638845,0.01196305148392895,0.011085502403511482,0.01196305148392895,0.011085502403511482,0.021124465346786567,0.02386162767996634,0.021124465346786567,0.02386162767996634
69,0.0015340914422986825,0.0021306706319466746,0.0005,94.53698859999713,0.001493420414947744,val_loss,0.001493420414947744,50,19,True,False,0.0005234899386957659,0.0018793498165905476,0.00029895127352876045,0.0002812853121121259,0.00029895127352876045,0.0002812853121121259,0.00028358801749105985,0.0004396905895190474,0.00028358801749105985,0.0004396905895190474,0.0005251100292160652,0.0006199068242218531,0.0005251100292160652,0.0006199068242218531,0.011958046894191983,0.011251406787593957,0.011958046894191983,0.011251406787593957,0.02100440125438802,0.02479627215561274,0.02100440125438802,0.02479627215561274
70,0.001520517143107687,0.00225215933028737,0.0005,94.8388721000083,0.001493420414947744,val_loss,0.001493420414947744,50,20,True,False,0.0008888545809339047,0.0018438231199979782,0.00029883318511678196,0.00028375331259397423,0.00029883318511678196,0.00028375331259397423,0.0002830461621614034,0.0004430966836229251,0.0002830461621614034,0.0004430966836229251,0.0005224875979656943,0.0006391984393107728,0.0005224875979656943,0.0006391984393107728,0.011953327583229381,0.011350134757143995,0.011953327583229381,0.011350134757143995,0.020899503654609117,0.025567937197547675,0.020899503654609117,0.025567937197547675
71,0.0015091726200649608,0.0023102916712904797,0.0005,97.49748259999615,0.001493420414947744,val_loss,0.001493420414947744,50,21,True,False,0.0008392460452481999,0.0016259676776826382,0.0002987621045381861,0.00028796410976624024,0.0002987621045381861,0.00028796410976624024,0.00028281574275191836,0.0004435058634913585,0.00028281574275191836,0.0004435058634913585,0.0005202602573163489,0.0006479187765692098,0.0005202602573163489,0.0006479187765692098,0.011950483864742472,0.011518563556185924,0.011950483864742472,0.011518563556185924,0.020810409890811066,0.02591674954811219,0.020810409890811066,0.02591674954811219
72,0.0014974911553664325,0.0022669319946575783,0.00025,97.7977830000018,0.001493420414947744,val_loss,0.001493420414947744,50,22,True,False,0.0004607475364730205,0.001495842356234789,0.00029840107275371316,0.00028639006865050035,0.00029840107275371316,0.00028639006865050035,0.00028262235857945867,0.00044331862780322857,0.00028262235857945867,0.00044331862780322857,0.000518007911988535,0.0006411807685769195,0.000518007911988535,0.0006411807685769195,0.011936038950361643,0.011455600109824824,0.011936038950361643,0.011455600109824824,0.0207203164955959,0.025647230132000303,0.0207203164955959,0.025647230132000303
73,0.001489965779127163,0.0024133081130426506,0.00025,98.09159930000897,0.001493420414947744,val_loss,0.001493420414947744,50,23,True,False,0.0007946281720007242,0.0017561884596943855,0.00029818020169491966,0.00029132979869550215,0.00029818020169491966,0.00029132979869550215,0.00028235248612331,0.00044390121859095975,0.00028235248612331,0.00044390121859095975,0.0005165627077549029,0.0006637080432133992,0.0005165627077549029,0.0006637080432133992,0.011927209845087909,0.011653191095722245,0.011927209845087909,0.011653191095722245,0.020662508269574404,0.026548320975874024,0.020662508269574404,0.026548320975874024
74,0.0014834010270959905,0.002538197108640753,0.00025,98.38313879999623,0.001493420414947744,val_loss,0.001493420414947744,50,24,True,False,0.0008185581881765176,0.001630323939025402,0.0002980820998797504,0.0002923021365024164,0.0002980820998797504,0.0002923021365024164,0.0002820949533494738,0.0004430962572553619,0.0002820949533494738,0.0004430962572553619,0.0005152824419576655,0.0006829374314681485,0.0005152824419576655,0.0006829374314681485,0.011923285919112217,0.011692078665415283,0.011923285919112217,0.011692078665415283,0.02061129756957227,0.027317496695596705,0.02061129756957227,0.027317496695596705
75,0.0014764526230489127,0.002561039447077903,0.00025,98.70069749999675,0.001493420414947744,val_loss,0.001493420414947744,50,25,True,False,0.0010053398408140914,0.0014911689795553684,0.0002979745393689843,0.00029378924117112764,0.0002979745393689843,0.00029378924117112764,0.0002819381655093805,0.0004434695591364416,0.0002819381655093805,0.0004434695591364416,0.0005139139563845883,0.000686153847854609,0.0005139139563845883,0.000686153847854609,0.011918982535687794,0.011751567683991423,0.011918982535687794,0.011751567683991423,0.02055655799150983,0.02744615353943703,0.02055655799150983,0.02744615353943703
76,0.0014706199139131338,0.0025971261318773033,0.00025,99.01788400000078,0.001493420414947744,val_loss,0.001493420414947744,50,26,True,False,0.0010606863566322284,0.0016901078633964062,0.0002978892566586672,0.00029442350440788995,0.0002978892566586672,0.00029442350440788995,0.0002818557003690889,0.0004430383987391454,0.0002818557003690889,0.0004430383987391454,0.0005127568547110497,0.0006915556527963874,0.0005127568547110497,0.0006915556527963874,0.011915575065251134,0.01177694174278564,0.011915575065251134,0.01177694174278564,0.020510274264329355,0.027662225586708476,0.020510274264329355,0.027662225586708476
77,0.0014652649066369749,0.00265591636075285,0.00025,99.32216560000961,0.001493420414947744,val_loss,0.001493420414947744,50,27,True,False,0.0013280877693022997,0.002088924404233694,0.00029775029063647376,0.00029295155568198904,0.00029775029063647376,0.00029295155568198904,0.0002817700390382537,0.000444931494893242,0.0002817700390382537,0.000444931494893242,0.0005117049989659308,0.0007003414495355803,0.0005117049989659308,0.0007003414495355803,0.011910006323604637,0.011718061357879199,0.011910006323604637,0.011718061357879199,0.02046819937656145,0.02801365703178173,0.02046819937656145,0.02801365703178173
78,0.0014593142749615299,0.002712264963714727,0.00025,99.61688780000259,0.001493420414947744,val_loss,0.001493420414947744,50,28,True,False,0.0013418022824099782,0.001883616205304861,0.0002976493566555305,0.0002947796102075832,0.0002976493566555305,0.0002947796102075832,0.00028166218318327694,0.0004463303786465107,0.00028166218318327694,0.0004463303786465107,0.0005105241856905568,0.000708256152584951,0.0005105241856905568,0.000708256152584951,0.011905976784455655,0.01179118773320859,0.011905976784455655,0.01179118773320859,0.02042096755882862,0.02833024550425187,0.02042096755882862,0.02833024550425187
79,0.0014537402959595431,0.002717368584126234,0.00025,99.94054900000629,0.001493420414947744,val_loss,0.001493420414947744,50,29,True,False,0.0012635197531662384,0.0017484533600509167,0.00029756713872389326,0.000293568925110382,0.00029756713872389326,0.000293568925110382,0.0002815386471245101,0.0004471589484721021,0.0002815386471245101,0.0004471589484721021,0.0005094154200419985,0.0007090846098570037,0.0005094154200419985,0.0007090846098570037,0.011902682888606976,0.011742760867278683,0.011902682888606976,0.011742760867278683,0.020376616846770005,0.02836338366977787,0.020376616846770005,0.02836338366977787
80,0.0014489460499561599,0.002752013469179129,0.00025,100.2562145999982,0.001493420414947744,val_loss,0.001493420414947744,50,30,True,False,0.0014187507379254723,0.0019239303655922413,0.00029743714217826645,0.00029562164204936553,0.00029743714217826645,0.00029562164204936553,0.0002814037972332846,0.00044759884134321933,0.0002814037972332846,0.00044759884134321933,0.0005084740209686863,0.0007138175241245755,0.0005084740209686863,0.0007138175241245755,0.01189747914028682,0.01182486490677534,0.01189747914028682,0.01182486490677534,0.020338960667544693,0.028552700541784035,0.020338960667544693,0.028552700541784035
