step,time_s,cmd_v,cmd_omega,ideal_x,ideal_y,ideal_theta,res_x,res_y,res_theta
0,0.0,2.0,0.0,0.0,0.0,0.0,0.0,0.0,0.0
1,0.04999999999999716,2.0,0.026372017338871956,0.09999999999999432,0.0,0.0,0.09993568807840347,-3.781430496019311e-05,1.5297066056518815e-05
2,0.09999999999999432,2.0,0.05263995751738548,0.1999999710215204,6.593003379786594e-05,0.001318600866943523,0.19987451263065176,-2.2629737692516654e-05,0.0012208265015942743
3,0.14999999999999147,2.0,0.07870015501976013,0.29999959510179147,0.0003293896334553303,0.003950598742812648,0.29981144174417657,0.00015085617418012095,0.0035586659560067346
4,0.19999999999998863,2.0,0.10444974899291992,0.3999977793932509,0.0009211960588828339,0.007885606493800431,0.39973715514289676,0.0005961814898839703,0.006994252302320092
5,0.2499999999999858,2.0,0.1297871321439743,0.49999215661367447,0.001970860611586021,0.013108093943446131,0.49963844809031893,0.001428574306358989,0.011523152445079177
6,0.29999999999998295,2.0,0.15461231768131256,0.5999786108115466,0.0036060620856025864,0.019597450550644477,0.5995130608673712,0.0027885795174042785,0.017155076120616286
7,0.3499999999999801,2.0,0.17882730066776276,0.6999508380810592,0.0059521168276574984,0.027328066434709666,0.6993648968598445,0.004804062631016938,0.02388023699131736
8,0.39999999999997726,2.0,0.20233654975891113,0.7998999513713885,0.009131445265044984,0.036269431468097295,0.7992034724119164,0.0075951016874356335,0.031683465675087064
9,0.4499999999999744,2.0,0.2250472605228424,0.89981413789186,0.013263035807467722,0.04638625895604227,0.8990393437442933,0.011238342542693257,0.04054998999890813
10,0.4999999999999716,2.0,0.24686980247497559,0.9996783768341335,0.018461907595008514,0.05763862198218375,0.998860196736048,0.015832016996882126,0.05045271220114955
11,0.5499999999999687,2.0,0.2677180767059326,1.0994742242104703,0.024838574354286987,0.06998211210593183,1.0986420636277041,0.021467460436127003,0.061359478369922726
12,0.5999999999999659,2.0,0.2875097990036011,1.1991796705261097,0.03249851281391199,0.0833680159412277,1.1983641201913915,0.028235496878116138,0.07324499099013337
13,0.649999999999963,2.0,0.3061668276786804,1.2987690758170756,0.04154163963583929,0.09774350589140693,1.2980089761833298,0.03624769115435585,0.086066019930513
14,0.6999999999999602,2.0,0.32361555099487305,1.398213185275042,0.05206180160574678,0.11305184727534008,1.3975498347257174,0.0455851461452766,0.0997704483797861
15,0.7499999999999574,2.0,0.3397871255874634,1.4974792272295097,0.06414628485059726,0.1292326248250828,1.4969599803818168,0.05632863717877944,0.11430370642301568
16,0.7999999999999545,2.0,0.354617714881897,1.5965310937485813,0.07787534925955988,0.146221981104455,1.5962122578030726,0.0685548641120384,0.12960666532126197
17,0.8499999999999517,2.0,0.3680488169193268,1.6953296025884774,0.09332179437916331,0.16395286684854884,1.6952728252348286,0.08233282128899856,0.14561713600960502
18,0.8999999999999488,2.0,0.3800273537635803,1.793832837601221,0.11055056354639646,0.18235530769451413,1.7941060329405043,0.09772488831386389,0.16227050053385028
19,0.949999999999946,2.0,0.3905061185359955,1.8919965631721114,0.12961839271014228,0.20135667538269209,1.8926731046800696,0.11478058270013124,0.17949804405179748
20,0.9999999999999432,2.0,0.39944374561309814,1.9897747066601725,0.15057351051195764,0.22088198130949074,1.9909346997798754,0.13354861982443716,0.19722931201067695
21,1.0499999999999403,2.0,0.4068049192428589,2.087119901390464,0.17345539549665598,0.24085416859014452,2.0888502836845726,0.15407061824660304,0.21539139861670265
22,1.0999999999999375,2.0,0.4125606417655945,2.1839840815392955,0.19829459511158212,0.2611944145522863,2.186378510246414,0.17638007701207015,0.23390981855300197
23,1.1499999999999346,2.0,0.4166881740093231,2.280319118934537,0.22511261104607258,0.2818224466405649,2.283477820420867,0.20050222316414912,0.25270885343161353
24,1.1999999999999318,2.0,0.41917121410369873,2.3760774909495983,0.2539218537834803,0.3026568553410299,2.3801070294718287,0.22645397628179298,0.271711637475164
25,1.249999999999929,2.0,0.41999998688697815,2.471212967996575,0.2847256678549079,0.32361541604621363,2.4762261398667964,0.25424331464957545,0.2908402264347387
26,1.299999999999926,2.0,0.41917121410369873,2.565681308532511,0.31751842836405686,0.34461541539056134,2.5717963381929363,0.2838705196604842,0.3100163948020054
27,1.3499999999999233,2.0,0.4166881740093231,2.659440949398482,0.3522857075067659,0.3655739760957451,2.6667808510758966,0.31532753716179196,0.3291616916885687
28,1.3999999999999204,2.0,0.4125606417655945,2.7524536793876417,0.38900450838644407,0.3864083847962101,2.7611456451645484,0.34859806047989983,0.348197774239452
29,1.4499999999999176,2.0,0.4068049192428589,2.8446852842807564,0.42764356204262904,0.40703641688448866,2.8548599604213662,0.3836576705451757,0.36704675967303046
30,1.4999999999999147,2.0,0.39944374561309814,2.936106152176505,0.46816368231149696,0.42737666284663045,2.947896753189176,0.4204746392628131,0.38563153634277114
31,1.549999999999912,2.0,0.3905061185359955,3.026691828765127,0.5105181719733126,0.4473488501272842,3.0402334721572295,0.45900931679179396,0.40387620890942344
32,1.599999999999909,2.0,0.3800273537635803,3.116423513411657,0.5546532722513863,0.4668741560540829,3.1318528315050655,0.49921398705589015,0.42170627715495357
33,1.6499999999999062,2.0,0.3680488169193268,3.2052884879491503,0.6005086473717098,0.48587552374226084,3.2227429186358676,0.5410340780532364,0.43904909978118667
34,1.6999999999999034,2.0,0.354617714881897,3.2932804714676913,0.6480178952237485,0.5042779645882262,3.3128973659736345,0.5844087666884576,0.4558342650761915
35,1.7499999999999005,2.0,0.3397871255874634,3.3803998960875004,0.6971090743675957,0.52200885033232,3.402316122762275,0.6292686685997131,0.47199286262002715
36,1.7999999999998977,2.0,0.32361555099487305,3.4666540998062008,0.7477052383655742,0.5389982066116923,3.4910060072500637,0.6755375180739023,0.4874587424328638
37,1.8499999999998948,2.0,0.3061668276786804,3.55205743420905,0.7997249682137416,0.555178984161435,3.578979695227796,0.7231374140590726,0.5021694174265576
38,1.899999999999892,2.0,0.2875097990036011,3.636631286382964,0.8530828939813918,0.5704873255453681,3.666256379340527,0.7719858951444044,0.5160655670097185
39,1.9499999999998892,2.0,0.2677180767059326,3.7204040155550584,0.907690197851704,0.5848628154955473,3.7528618955250552,0.8219965795968845,0.5290913891276432
40,1.9999999999998863,2.0,0.24686980247497559,3.803410806377636,0.9634550914635717,0.5982487193308432,3.8388316389727577,0.8730776876871603,0.5411948126038624
41,2.0499999999998835,2.0,0.2250472605228424,3.8856934417482982,1.0202832618456865,0.6105922094545913,3.9241979548628207,0.9251473315023462,0.5523250608002854
42,2.0999999999998806,2.0,0.20233654975891113,3.967299999197022,1.0780782812569725,0.6218445724807328,4.008999249676288,0.9781198902313907,0.5624369757479144
43,2.149999999999878,2.0,0.17882730066776276,4.048284475803653,1.1367419775026733,0.6319613999686777,4.093294037663263,1.0319009588343737,0.5715056156968785
44,2.199999999999875,2.0,0.15461231768131256,4.128706347113355,1.1961747629992459,0.6409027650020653,4.177136959660227,1.0863965824360475,0.57950049100873
45,2.249999999999872,2.0,0.1297871321439743,4.208630066058249,1.25627592229004,0.6486333808861305,4.260583758984453,1.1415169534100569,0.5864041491640819
46,2.2999999999998693,2.0,0.10444974899291992,4.288124508511728,1.3169438588458056,0.6551227374933288,4.343687950804792,1.1971488572477467,0.5921902230238629
47,2.3499999999998664,2.0,0.07870015501976013,4.367262372213725,1.3780763035871846,0.6603452249429745,4.4265045171544415,1.2531863984528504,0.5968355566492392
48,2.3999999999998636,2.0,0.05263995751738548,4.446119536039568,1.4395704887576388,0.6642802326939623,4.509093318958977,1.3095361744525866,0.6003248616816563
49,2.4499999999998607,2.0,0.026372017338871956,4.524774386846968,1.5013232917031079,0.6669122305698314,4.591488734839634,1.3661446897269507,0.602659809146644
50,2.499999999999858,2.0,7.503145918160217e-14,4.603307120991315,1.56323135433544,0.668230831436775,4.673802686133632,1.4228782684509462,0.603835027292007
51,2.549999999999855,2.0,-0.026372017338871956,4.681799027744342,1.6251911846634273,0.668230831436775,4.756092600007102,1.4796628818673652,0.6038375440050459
52,2.599999999999852,2.0,-0.05263995751738548,4.760331761888693,1.687099247295754,0.6669122305698314,4.838429139481627,1.5363809636977135,0.6026529050661793
53,2.6499999999998494,2.0,-0.07870015501976013,4.838986612696092,1.7488520502412237,0.6642802326939623,4.920871216966701,1.5929216203008165,0.6002672694387456
54,2.6999999999998465,2.0,-0.10444974899291992,4.917843776521934,1.8103462354116786,0.6603452249429745,5.003496319666817,1.6492296060742428,0.5966965938216617
55,2.7499999999998437,2.0,-0.1297871321439743,4.9969816402239315,1.871478680153057,0.6551227374933288,5.086326843109509,1.70527408216986,0.5920604220821133
56,2.799999999999841,2.0,-0.15461231768131256,5.076476082677409,1.9321466167088237,0.6486333808861305,5.169406435789953,1.7609859601551807,0.5864182827292552
57,2.849999999999838,2.0,-0.17882730066776276,5.156399801622303,1.9922477759996184,0.6409027650020653,5.252749052173934,1.8163519143525877,0.5798116331218353
58,2.899999999999835,2.0,-0.20233654975891113,5.236821672932005,2.051680561496191,0.6319613999686777,5.336387080184756,1.8712455768221368,0.5721826646706631
59,2.9499999999998323,2.0,-0.2250472605228424,5.317806149538636,2.110344257741892,0.6218445724807328,5.420350630916044,1.925612755254556,0.5635349154701998
60,2.9999999999998295,2.0,-0.24686980247497559,5.39941270698736,2.168139277153178,0.6105922094545913,5.504702867491795,1.9793679539685947,0.553900323831158
61,3.0499999999998266,2.0,-0.2677180767059326,5.481695342358023,2.2249674475352923,0.5982487193308432,5.589504446460926,2.0324146864676487,0.5433194274312427
62,3.099999999999824,2.0,-0.2875097990036011,5.5647021331806,2.2807323411471603,0.5848628154955473,5.674814013218999,2.0846606793838327,0.5318591976767948
63,3.149999999999821,2.0,-0.3061668276786804,5.648474862352695,2.3353396450174726,0.5704873255453681,5.760660874582379,2.1360301340334926,0.5195357334098389
64,3.199999999999818,2.0,-0.32361555099487305,5.73304871452661,2.388697570785123,0.555178984161435,5.847085169853156,2.1864557731800134,0.5063942633798888
65,3.2499999999998153,2.0,-0.3397871255874634,5.818452048929458,2.4407173006332896,0.5389982066116923,5.9341232888371565,2.235855539711107,0.49248317351998594
66,3.2999999999998124,2.0,-0.354617714881897,5.904706252648159,2.491313464631268,0.5220088503323201,6.021804134699992,2.28414516941679,0.47785407865853813
67,3.3499999999998096,2.0,-0.3680488169193268,5.991825677267968,2.5404046437751155,0.5042779645882263,6.110147990449409,2.331245768666599,0.4625656930959394
68,3.3999999999998067,2.0,-0.3800273537635803,6.079817660786509,2.5879138916271542,0.48587552374226095,6.199172903386965,2.377078956823234,0.44668036422194746
69,3.449999999999804,2.0,-0.3905061185359955,6.168682635324002,2.633769266747478,0.466874156054083,6.2888904739937,2.42156877574409,0.4302664688086679
70,3.499999999999801,2.0,-0.39944374561309814,6.258414319970531,2.6779043670255516,0.4473488501272843,6.379305953311082,2.464646769457579,0.41339214614095
71,3.549999999999798,2.0,-0.4068049192428589,6.348999996559153,2.720258856687367,0.42737666284663056,6.470418558255959,2.5062523838703803,0.3961274912810495
72,3.5999999999997954,2.0,-0.4125606417655945,6.4404208644549,2.760778976956235,0.40703641688448877,6.562221820027229,2.546331311174869,0.3785446370250156
73,3.6499999999997925,2.0,-0.4166881740093231,6.532652469348014,2.7994180306124203,0.3864083847962102,6.654705439445088,2.584837295568224,0.36071816554726865
74,3.6999999999997897,2.0,-0.41917121410369873,6.625665199337174,2.836136831492098,0.3655739760957452,6.74785350365737,2.621730104328129,0.3427234133935144
75,3.749999999999787,2.0,-0.41999998688697815,6.719424840203145,2.8709041106348074,0.34461541539056145,6.841644338156369,2.6569752459411418,0.32463575995029714
76,3.799999999999784,2.0,-0.41917121410369873,6.813893180739082,2.903696871143956,0.32361541604621374,6.9360522799685524,2.6905454318299022,0.3065309645837715
77,3.849999999999781,2.0,-0.4166881740093231,6.909028657786058,2.9345006852153843,0.30265685534103,7.031048206466775,2.722420802384855,0.28848484440209177
78,3.8999999999997783,2.0,-0.4125606417655945,7.004787029801119,2.963309927952792,0.281822446640565,7.126599776420323,2.752592599296182,0.27057121416987684
79,3.9499999999997755,2.0,-0.4068049192428589,7.101122067196361,2.9901279438872823,0.2611944145522864,7.222673035200273,2.7810554598868706,0.2528655575817993
80,3.9999999999997726,2.0,-0.39944374561309814,7.197986247345192,3.0149671435022087,0.24085416859014463,7.3192321252678845,2.807811320840322,0.23544287218214777
81,4.04999999999977,2.0,-0.3905061185359955,7.295331442075483,3.0378490284869066,0.22088198130949085,7.416239868338568,2.8328701248541397,0.21837701185108926
82,4.099999999999767,2.0,-0.3800273537635803,7.393109585563544,3.058804146288722,0.2013566753826922,7.513658310737381,2.856249734511241,0.2017403366273811
83,4.149999999999764,2.0,-0.3680488169193268,7.491273311134434,3.077871975452468,0.18235530769451425,7.611448781306089,2.8779779944882984,0.18560235111476686
84,4.199999999999761,2.0,-0.354617714881897,7.589776546147179,3.0951007446197014,0.16395286684854896,7.709572780432641,2.8980901797893845,0.17002998481007126
85,4.249999999999758,2.0,-0.3397871255874634,7.688575054987075,3.110547189739305,0.1462219811044551,7.807993079249214,2.9166272031651395,0.15508778861226347
86,4.299999999999756,2.0,-0.32361555099487305,7.7876269215061455,3.124276254148268,0.1292326248250829,7.906676259315473,2.9336379984134044,0.14083846101971176
87,4.349999999999753,2.0,-0.3061668276786804,7.886892963460613,3.1363607373931175,0.11305184727534018,8.005590365323183,2.9491785986616303,0.1273397729030421
88,4.39999999999975,2.0,-0.2875097990036011,7.986337072918579,3.1468808993630244,0.09774350589140703,8.10470358664798,2.9633088038569304,0.1146453228077462
89,4.449999999999747,2.0,-0.2677180767059326,8.085926478209545,3.1559240261849517,0.0833680159412278,8.203986455569549,2.9760925448917224,0.10280398002328184
90,4.499999999999744,2.0,-0.24686980247497559,8.185631924525186,3.163583964644577,0.06998211210593193,8.303409811918055,2.987603798992599,0.09185941333385017
91,4.549999999999741,2.0,-0.2250472605228424,8.285427771901524,3.169960631403856,0.05763862198218385,8.402944973526951,2.99791626946509,0.08185116297067907
92,4.5999999999997385,2.0,-0.20233654975891113,8.385292010843798,3.175159503191397,0.04638625895604237,8.502567891073332,3.007099857379926,0.07281254606755283
93,4.649999999999736,2.0,-0.17882730066776276,8.48520619736427,3.1792910937338204,0.036269431468097385,8.602259019644997,3.015227542740651,0.06477851516069677
94,4.699999999999733,2.0,-0.15461231768131256,8.585155310654601,3.182470422171208,0.027328066434709756,8.702004164624237,3.022381409728258,0.05777147042067554
95,4.74999999999973,2.0,-0.1297871321439743,8.685127537924114,3.1848164769132636,0.019597450550644567,8.801796821819917,3.0286714406655277,0.05178369490863588
96,4.799999999999727,2.0,-0.10444974899291992,8.785113992121985,3.1864516783872814,0.013108093943446222,8.901616162553571,3.0342128134287107,0.04679821014838126
97,4.849999999999724,2.0,-0.07870015501976013,8.88510836934241,3.187501342939984,0.007885606493800521,9.001463939331847,3.0391043934956006,0.04287192600281742
98,4.8999999999997215,2.0,-0.05263995751738548,8.98510655363387,3.1880931493654123,0.003950598742812738,9.101339542106002,3.043507227322093,0.0400325553721359
99,4.949999999999719,2.0,-0.026372017338871956,9.085106177714142,3.1883566089650706,0.0013186008669436133,9.201231502579171,3.0475720668090456,0.0382688710462844
